"data_hora","temperature_2m","apparent_temperature","relative_humidity_2m","precipitation","rain","weather_code","cloud_cover","wind_speed_10m","fonte","latitude","longitude","extraido_em"
"2026-01-01 00:00:00","22.7","25.3","84","0.0","0.0","3","100","7.7","archive","-23.558","-46.635","2026-09-20T16:31:34.073018-03:00"
"2026-01-01 01:00:00","22.4","24.7","84","0.0","0.0","3","100","8.7","archive","-23.558","-46.635","2026-09-20T16:31:34.073018-03:00"
"2026-01-01 02:00:00","22.1","24.4","85","0.0","0.0","3","100","8.1","archive","-23.558","-46.635","2026-09-20T16:31:34.073018-03:00"
"2026-01-01 03:00:00","22.4","24.9","88","0.0","0.0","3","100","10.1","archive","-23.558","-46.635","2026-09-20T16:31:34.073018-03:00"
"2026-01-01 04:00:00","22.0","24.5","90","0.0","0.0","3","100","10.7","archive","-23.558","-46.635","2026-09-20T16:31:34.073018-03:00"
"2026-01-01 05:00:00","21.7","24.1","91","0.0","0.0","3","100","10.3","archive","-23.558","-46.635","2026-09-20T16:31:34.073018-03:00"
"2026-01-01 06:00:00","21.5","23.7","90","0.0","0.0","3","100","10.6","archive","-23.558","-46.635","2026-09-20T16:31:34.073018-03:00"
"2026-01-01 07:00:00","22.1","23.8","87","0.0","0.0","3","100","13.7","archive","-23.558","-46.635","2026-09-20T16:31:34.073018-03:00"
"2026-01-01 08:00:00","22.9","24.2","82","0.0","0.0","3","100","16.4","archive","-23.558","-46.635","2026-09-20T16:31:34.073018-03:00"
"2026-01-01 09:00:00","25.0","26.4","74","0.0","0.0","3","80","17.4","archive","-23.558","-46.635","2026-09-20T16:31:34.073018-03:00"
"2026-01-01 10:00:00","26.8","28.9","66","0.0","0.0","3","90","16.3","archive","-23.558","-46.635","2026-09-20T16:31:34.073018-03:00"
"2026-01-01 11:00:00","26.7","28.3","64","0.4","0.4","51","86","18.0","archive","-23.558","-46.635","2026-09-20T16:31:34.073018-03:00"
"2026-01-01 12:00:00","26.9","28.6","61","1.7","1.7","61","88","16.6","archive","-23.558","-46.635","2026-09-20T16:31:34.073018-03:00"
"2026-01-01 13:00:00","27.5","29.6","60","0.3","0.3","51","100","14.3","archive","-23.558","-46.635","2026-09-20T16:31:34.073018-03:00"
"2026-01-01 14:00:00","26.9","28.3","61","0.2","0.2","51","16","12.5","archive","-23.558","-46.635","2026-09-20T16:31:34.073018-03:00"
"2026-01-01 15:00:00","29.2","31.7","52","0.0","0.0","0","6","12.3","archive","-23.558","-46.635","2026-09-20T16:31:34.073018-03:00"
"2026-01-01 16:00:00","28.5","30.5","56","0.4","0.4","51","98","13.5","archive","-23.558","-46.635","2026-09-20T16:31:34.073018-03:00"
"2026-01-01 17:00:00","27.1","28.5","61","0.1","0.1","51","95","13.0","archive","-23.558","-46.635","2026-09-20T16:31:34.073018-03:00"
"2026-01-01 18:00:00","26.7","29.1","66","0.0","0.0","3","99","9.6","archive","-23.558","-46.635","2026-09-20T16:31:34.073018-03:00"
"2026-01-01 19:00:00","25.9","28.5","70","0.0","0.0","3","97","9.1","archive","-23.558","-46.635","2026-09-20T16:31:34.073018-03:00"
"2026-01-01 20:00:00","25.4","28.3","74","0.0","0.0","2","66","7.8","archive","-23.558","-46.635","2026-09-20T16:31:34.073018-03:00"
"2026-01-01 21:00:00","23.5","26.7","84","0.0","0.0","3","100","6.0","archive","-23.558","-46.635","2026-09-20T16:31:34.073018-03:00"
"2026-01-01 22:00:00","23.2","26.1","85","0.0","0.0","3","100","8.0","archive","-23.558","-46.635","2026-09-20T16:31:34.073018-03:00"
"2026-01-01 23:00:00","22.7","25.1","85","0.0","0.0","3","100","9.3","archive","-23.558","-46.635","2026-09-20T16:31:34.073018-03:00"
"2026-01-02 00:00:00","22.2","24.4","85","0.1","0.1","51","100","9.6","archive","-23.558","-46.635","2026-09-20T16:31:34.073018-03:00"
"2026-01-02 01:00:00","21.9","23.9","87","0.2","0.2","51","100","11.0","archive","-23.558","-46.635","2026-09-20T16:31:34.073018-03:00"
"2026-01-02 02:00:00","21.4","23.5","89","0.4","0.4","51","100","10.2","archive","-23.558","-46.635","2026-09-20T16:31:34.073018-03:00"
"2026-01-02 03:00:00","21.2","23.5","95","1.0","1.0","55","100","11.5","archive","-23.558","-46.635","2026-09-20T16:31:34.073018-03:00"
"2026-01-02 04:00:00","21.1","23.2","95","0.9","0.9","53","100","12.5","archive","-23.558","-46.635","2026-09-20T16:31:34.073018-03:00"
"2026-01-02 05:00:00","21.0","23.1","95","0.2","0.2","51","100","11.6","archive","-23.558","-46.635","2026-09-20T16:31:34.073018-03:00"
"2026-01-02 06:00:00","21.1","23.2","92","0.1","0.1","51","100","10.9","archive","-23.558","-46.635","2026-09-20T16:31:34.073018-03:00"
"2026-01-02 07:00:00","21.6","23.9","90","0.1","0.1","51","100","9.5","archive","-23.558","-46.635","2026-09-20T16:31:34.073018-03:00"
"2026-01-02 08:00:00","22.3","23.6","85","0.0","0.0","3","89","16.3","archive","-23.558","-46.635","2026-09-20T16:31:34.073018-03:00"
"2026-01-02 09:00:00","23.7","24.7","77","0.2","0.2","51","99","17.5","archive","-23.558","-46.635","2026-09-20T16:31:34.073018-03:00"
"2026-01-02 10:00:00","24.6","26.9","75","0.9","0.9","53","94","15.9","archive","-23.558","-46.635","2026-09-20T16:31:34.073018-03:00"
"2026-01-02 11:00:00","25.7","26.5","66","0.0","0.0","2","75","17.2","archive","-23.558","-46.635","2026-09-20T16:31:34.073018-03:00"
"2026-01-02 12:00:00","26.3","28.9","66","2.4","2.4","61","100","16.0","archive","-23.558","-46.635","2026-09-20T16:31:34.073018-03:00"
"2026-01-02 13:00:00","27.1","30.2","66","0.1","0.1","51","100","13.6","archive","-23.558","-46.635","2026-09-20T16:31:34.073018-03:00"
"2026-01-02 14:00:00","23.9","26.4","79","3.2","3.2","63","100","9.6","archive","-23.558","-46.635","2026-09-20T16:31:34.073018-03:00"
"2026-01-02 15:00:00","26.9","28.8","66","0.1","0.1","51","100","12.9","archive","-23.558","-46.635","2026-09-20T16:31:34.073018-03:00"
"2026-01-02 16:00:00","26.4","28.2","65","0.1","0.1","51","100","11.7","archive","-23.558","-46.635","2026-09-20T16:31:34.073018-03:00"
"2026-01-02 17:00:00","25.3","27.4","71","0.1","0.1","51","100","10.9","archive","-23.558","-46.635","2026-09-20T16:31:34.073018-03:00"
"2026-01-02 18:00:00","24.6","27.1","75","0.0","0.0","3","100","8.5","archive","-23.558","-46.635","2026-09-20T16:31:34.073018-03:00"
"2026-01-02 19:00:00","23.6","26.0","81","0.1","0.1","51","100","10.2","archive","-23.558","-46.635","2026-09-20T16:31:34.073018-03:00"
"2026-01-02 20:00:00","22.0","24.6","85","0.9","0.9","53","95","7.1","archive","-23.558","-46.635","2026-09-20T16:31:34.073018-03:00"
"2026-01-02 21:00:00","20.8","23.4","94","0.4","0.4","51","100","7.8","archive","-23.558","-46.635","2026-09-20T16:31:34.073018-03:00"
"2026-01-02 22:00:00","21.3","24.1","91","0.6","0.6","53","100","6.7","archive","-23.558","-46.635","2026-09-20T16:31:34.073018-03:00"
"2026-01-02 23:00:00","21.2","23.7","92","1.4","1.4","61","100","8.4","archive","-23.558","-46.635","2026-09-20T16:31:34.073018-03:00"
"2026-01-03 00:00:00","20.8","23.7","94","0.7","0.7","53","100","6.0","archive","-23.558","-46.635","2026-09-20T16:31:34.073018-03:00"
"2026-01-03 01:00:00","20.6","23.5","95","0.0","0.0","2","59","5.2","archive","-23.558","-46.635","2026-09-20T16:31:34.073018-03:00"
"2026-01-03 02:00:00","20.3","23.2","95","0.0","0.0","3","100","4.8","archive","-23.558","-46.635","2026-09-20T16:31:34.073018-03:00"
"2026-01-03 03:00:00","20.6","23.5","98","0.0","0.0","3","100","7.5","archive","-23.558","-46.635","2026-09-20T16:31:34.073018-03:00"
"2026-01-03 04:00:00","20.8","23.6","97","0.1","0.1","51","100","7.6","archive","-23.558","-46.635","2026-09-20T16:31:34.073018-03:00"
"2026-01-03 05:00:00","20.5","22.9","93","0.7","0.7","53","100","7.7","archive","-23.558","-46.635","2026-09-20T16:31:34.073018-03:00"
"2026-01-03 06:00:00","20.3","22.8","95","0.0","0.0","3","100","7.8","archive","-23.558","-46.635","2026-09-20T16:31:34.073018-03:00"
"2026-01-03 07:00:00","21.2","23.6","91","0.2","0.2","51","100","8.4","archive","-23.558","-46.635","2026-09-20T16:31:34.073018-03:00"
"2026-01-03 08:00:00","21.9","23.4","86","0.0","0.0","3","100","14.0","archive","-23.558","-46.635","2026-09-20T16:31:34.073018-03:00"
"2026-01-03 09:00:00","24.7","26.3","75","0.0","0.0","3","99","14.4","archive","-23.558","-46.635","2026-09-20T16:31:34.073018-03:00"
"2026-01-03 10:00:00","25.1","27.3","74","0.0","0.0","3","100","14.6","archive","-23.558","-46.635","2026-09-20T16:31:34.073018-03:00"
"2026-01-03 11:00:00","26.8","30.3","64","0.0","0.0","3","89","13.2","archive","-23.558","-46.635","2026-09-20T16:31:34.073018-03:00"
"2026-01-03 12:00:00","27.9","31.7","60","0.1","0.1","51","38","15.1","archive","-23.558","-46.635","2026-09-20T16:31:34.073018-03:00"
"2026-01-03 13:00:00","28.1","32.1","60","0.0","0.0","3","97","13.2","archive","-23.558","-46.635","2026-09-20T16:31:34.073018-03:00"
"2026-01-03 14:00:00","28.1","32.5","61","0.0","0.0","3","100","10.8","archive","-23.558","-46.635","2026-09-20T16:31:34.073018-03:00"
"2026-01-03 15:00:00","29.4","31.4","48","0.0","0.0","3","99","10.8","archive","-23.558","-46.635","2026-09-20T16:31:34.073018-03:00"
"2026-01-03 16:00:00","28.8","30.0","49","0.2","0.2","51","43","11.4","archive","-23.558","-46.635","2026-09-20T16:31:34.073018-03:00"
"2026-01-03 17:00:00","28.6","29.4","49","0.0","0.0","1","36","11.2","archive","-23.558","-46.635","2026-09-20T16:31:34.073018-03:00"
"2026-01-03 18:00:00","28.2","29.2","49","0.0","0.0","3","100","8.5","archive","-23.558","-46.635","2026-09-20T16:31:34.073018-03:00"
"2026-01-03 19:00:00","27.6","29.4","54","0.0","0.0","3","100","5.1","archive","-23.558","-46.635","2026-09-20T16:31:34.073018-03:00"
"2026-01-03 20:00:00","26.8","29.5","60","0.0","0.0","1","37","2.4","archive","-23.558","-46.635","2026-09-20T16:31:34.073018-03:00"
"2026-01-03 21:00:00","25.4","27.8","64","0.0","0.0","1","33","4.0","archive","-23.558","-46.635","2026-09-20T16:31:34.073018-03:00"
"2026-01-03 22:00:00","24.5","26.8","72","0.0","0.0","1","40","7.0","archive","-23.558","-46.635","2026-09-20T16:31:34.073018-03:00"
"2026-01-03 23:00:00","23.7","26.3","76","0.0","0.0","2","75","5.6","archive","-23.558","-46.635","2026-09-20T16:31:34.073018-03:00"
"2026-01-04 00:00:00","21.9","22.7","80","0.1","0.1","51","88","14.3","archive","-23.558","-46.635","2026-09-20T16:31:34.073018-03:00"
"2026-01-04 01:00:00","20.0","21.2","89","0.0","0.0","3","99","11.7","archive","-23.558","-46.635","2026-09-20T16:31:34.073018-03:00"
"2026-01-04 02:00:00","20.2","22.1","90","0.0","0.0","3","100","8.4","archive","-23.558","-46.635","2026-09-20T16:31:34.073018-03:00"
"2026-01-04 03:00:00","20.8","23.3","91","0.0","0.0","3","100","6.7","archive","-23.558","-46.635","2026-09-20T16:31:34.073018-03:00"
"2026-01-04 04:00:00","20.5","22.9","93","0.0","0.0","3","100","7.3","archive","-23.558","-46.635","2026-09-20T16:31:34.073018-03:00"
"2026-01-04 05:00:00","20.2","22.5","91","0.3","0.3","51","100","6.2","archive","-23.558","-46.635","2026-09-20T16:31:34.073018-03:00"
"2026-01-04 06:00:00","20.0","22.2","91","0.1","0.1","51","100","5.6","archive","-23.558","-46.635","2026-09-20T16:31:34.073018-03:00"
"2026-01-04 07:00:00","20.6","22.7","87","0.0","0.0","3","99","6.1","archive","-23.558","-46.635","2026-09-20T16:31:34.073018-03:00"
"2026-01-04 08:00:00","21.6","23.2","81","0.1","0.1","51","100","10.1","archive","-23.558","-46.635","2026-09-20T16:31:34.073018-03:00"
"2026-01-04 09:00:00","21.3","22.3","81","0.2","0.2","51","100","12.6","archive","-23.558","-46.635","2026-09-20T16:31:34.073018-03:00"
"2026-01-04 10:00:00","21.7","22.6","79","0.1","0.1","51","100","13.0","archive","-23.558","-46.635","2026-09-20T16:31:34.073018-03:00"
"2026-01-04 11:00:00","22.9","23.7","72","0.0","0.0","3","99","13.0","archive","-23.558","-46.635","2026-09-20T16:31:34.073018-03:00"
"2026-01-04 12:00:00","23.3","25.5","71","0.0","0.0","3","96","11.7","archive","-23.558","-46.635","2026-09-20T16:31:34.073018-03:00"
"2026-01-04 13:00:00","23.5","25.5","71","0.0","0.0","3","100","11.6","archive","-23.558","-46.635","2026-09-20T16:31:34.073018-03:00"
"2026-01-04 14:00:00","22.8","23.6","72","0.2","0.2","51","100","13.1","archive","-23.558","-46.635","2026-09-20T16:31:34.073018-03:00"
"2026-01-04 15:00:00","21.8","22.5","74","0.5","0.5","53","100","12.6","archive","-23.558","-46.635","2026-09-20T16:31:34.073018-03:00"
"2026-01-04 16:00:00","21.5","22.0","75","0.2","0.2","51","100","12.9","archive","-23.558","-46.635","2026-09-20T16:31:34.073018-03:00"
"2026-01-04 17:00:00","20.6","20.9","77","0.1","0.1","51","100","13.0","archive","-23.558","-46.635","2026-09-20T16:31:34.073018-03:00"
"2026-01-04 18:00:00","20.2","20.6","78","0.1","0.1","51","100","12.6","archive","-23.558","-46.635","2026-09-20T16:31:34.073018-03:00"
"2026-01-04 19:00:00","19.6","19.6","82","0.1","0.1","51","100","14.8","archive","-23.558","-46.635","2026-09-20T16:31:34.073018-03:00"
"2026-01-04 20:00:00","19.3","19.6","84","0.1","0.1","51","98","13.2","archive","-23.558","-46.635","2026-09-20T16:31:34.073018-03:00"
"2026-01-04 21:00:00","18.5","18.7","85","0.0","0.0","2","71","12.6","archive","-23.558","-46.635","2026-09-20T16:31:34.073018-03:00"
"2026-01-04 22:00:00","18.3","18.4","86","0.0","0.0","2","74","12.5","archive","-23.558","-46.635","2026-09-20T16:31:34.073018-03:00"
"2026-01-04 23:00:00","18.1","18.5","86","0.0","0.0","2","58","10.9","archive","-23.558","-46.635","2026-09-20T16:31:34.073018-03:00"
"2026-01-05 00:00:00","18.0","18.6","87","0.0","0.0","3","84","9.1","archive","-23.558","-46.635","2026-09-20T16:31:34.073018-03:00"
"2026-01-05 01:00:00","17.9","18.5","87","0.0","0.0","3","98","8.8","archive","-23.558","-46.635","2026-09-20T16:31:34.073018-03:00"
"2026-01-05 02:00:00","17.9","18.3","87","0.0","0.0","3","100","10.3","archive","-23.558","-46.635","2026-09-20T16:31:34.073018-03:00"
"2026-01-05 03:00:00","17.9","18.5","87","0.0","0.0","3","100","9.4","archive","-23.558","-46.635","2026-09-20T16:31:34.073018-03:00"
"2026-01-05 04:00:00","17.8","18.3","88","0.0","0.0","3","100","9.8","archive","-23.558","-46.635","2026-09-20T16:31:34.073018-03:00"
"2026-01-05 05:00:00","17.7","18.2","89","0.1","0.1","51","100","9.7","archive","-23.558","-46.635","2026-09-20T16:31:34.073018-03:00"
"2026-01-05 06:00:00","17.7","18.1","88","0.1","0.1","51","100","10.3","archive","-23.558","-46.635","2026-09-20T16:31:34.073018-03:00"
"2026-01-05 07:00:00","18.5","18.6","83","0.0","0.0","2","73","11.8","archive","-23.558","-46.635","2026-09-20T16:31:34.073018-03:00"
"2026-01-05 08:00:00","19.7","19.4","75","0.1","0.1","51","100","13.2","archive","-23.558","-46.635","2026-09-20T16:31:34.073018-03:00"
"2026-01-05 09:00:00","19.7","19.4","76","0.3","0.3","51","100","13.9","archive","-23.558","-46.635","2026-09-20T16:31:34.073018-03:00"
"2026-01-05 10:00:00","20.1","20.0","74","0.2","0.2","51","100","13.2","archive","-23.558","-46.635","2026-09-20T16:31:34.073018-03:00"
"2026-01-05 11:00:00","21.0","20.9","71","0.2","0.2","51","100","13.2","archive","-23.558","-46.635","2026-09-20T16:31:34.073018-03:00"
"2026-01-05 12:00:00","21.1","21.1","72","0.2","0.2","51","100","13.5","archive","-23.558","-46.635","2026-09-20T16:31:34.073018-03:00"
"2026-01-05 13:00:00","21.7","21.9","69","0.1","0.1","51","100","15.2","archive","-23.558","-46.635","2026-09-20T16:31:34.073018-03:00"
"2026-01-05 14:00:00","21.2","20.9","71","0.0","0.0","3","100","15.5","archive","-23.558","-46.635","2026-09-20T16:31:34.073018-03:00"
"2026-01-05 15:00:00","20.7","19.9","72","0.0","0.0","3","98","18.0","archive","-23.558","-46.635","2026-09-20T16:31:34.073018-03:00"
"2026-01-05 16:00:00","20.4","19.5","73","0.1","0.1","51","95","18.2","archive","-23.558","-46.635","2026-09-20T16:31:34.073018-03:00"
"2026-01-05 17:00:00","19.4","18.6","77","0.0","0.0","3","95","17.8","archive","-23.558","-46.635","2026-09-20T16:31:34.073018-03:00"
"2026-01-05 18:00:00","18.6","17.9","80","0.0","0.0","2","51","16.4","archive","-23.558","-46.635","2026-09-20T16:31:34.073018-03:00"
"2026-01-05 19:00:00","17.9","17.5","84","0.0","0.0","2","70","14.3","archive","-23.558","-46.635","2026-09-20T16:31:34.073018-03:00"
"2026-01-05 20:00:00","17.6","17.3","86","0.0","0.0","3","87","13.7","archive","-23.558","-46.635","2026-09-20T16:31:34.073018-03:00"
"2026-01-05 21:00:00","17.5","17.9","88","0.0","0.0","1","31","10.0","archive","-23.558","-46.635","2026-09-20T16:31:34.073018-03:00"
"2026-01-05 22:00:00","17.2","17.2","90","0.0","0.0","3","100","12.7","archive","-23.558","-46.635","2026-09-20T16:31:34.073018-03:00"
"2026-01-05 23:00:00","17.4","17.9","88","0.0","0.0","1","25","9.0","archive","-23.558","-46.635","2026-09-20T16:31:34.073018-03:00"
"2026-01-06 00:00:00","16.9","17.3","89","0.0","0.0","1","25","9.0","archive","-23.558","-46.635","2026-09-20T16:31:34.073018-03:00"
"2026-01-06 01:00:00","17.0","17.4","89","0.0","0.0","2","50","8.2","archive","-23.558","-46.635","2026-09-20T16:31:34.073018-03:00"
"2026-01-06 02:00:00","16.7","17.1","89","0.0","0.0","1","30","8.6","archive","-23.558","-46.635","2026-09-20T16:31:34.073018-03:00"
"2026-01-06 03:00:00","16.8","17.4","92","0.0","0.0","3","100","8.0","archive","-23.558","-46.635","2026-09-20T16:31:34.073018-03:00"
"2026-01-06 04:00:00","16.6","17.2","93","0.0","0.0","3","100","8.4","archive","-23.558","-46.635","2026-09-20T16:31:34.073018-03:00"
"2026-01-06 05:00:00","16.4","17.0","94","0.0","0.0","3","100","8.1","archive","-23.558","-46.635","2026-09-20T16:31:34.073018-03:00"
"2026-01-06 06:00:00","16.4","16.9","92","0.0","0.0","2","69","8.3","archive","-23.558","-46.635","2026-09-20T16:31:34.073018-03:00"
"2026-01-06 07:00:00","17.6","17.3","84","0.0","0.0","3","85","12.8","archive","-23.558","-46.635","2026-09-20T16:31:34.073018-03:00"
"2026-01-06 08:00:00","19.4","18.8","72","0.0","0.0","3","88","13.3","archive","-23.558","-46.635","2026-09-20T16:31:34.073018-03:00"
"2026-01-06 09:00:00","20.4","20.1","69","0.0","0.0","3","85","13.7","archive","-23.558","-46.635","2026-09-20T16:31:34.073018-03:00"
"2026-01-06 10:00:00","22.8","23.1","59","0.0","0.0","3","91","11.9","archive","-23.558","-46.635","2026-09-20T16:31:34.073018-03:00"
"2026-01-06 11:00:00","24.3","25.8","54","0.0","0.0","2","55","11.0","archive","-23.558","-46.635","2026-09-20T16:31:34.073018-03:00"
"2026-01-06 12:00:00","25.3","26.1","50","0.0","0.0","3","100","10.9","archive","-23.558","-46.635","2026-09-20T16:31:34.073018-03:00"
"2026-01-06 13:00:00","26.6","28.4","47","0.0","0.0","1","21","8.0","archive","-23.558","-46.635","2026-09-20T16:31:34.073018-03:00"
"2026-01-06 14:00:00","27.3","29.6","46","0.0","0.0","1","35","7.1","archive","-23.558","-46.635","2026-09-20T16:31:34.073018-03:00"
"2026-01-06 15:00:00","27.2","29.7","47","0.2","0.2","51","49","5.0","archive","-23.558","-46.635","2026-09-20T16:31:34.073018-03:00"
"2026-01-06 16:00:00","26.9","28.6","49","0.1","0.1","51","52","2.6","archive","-23.558","-46.635","2026-09-20T16:31:34.073018-03:00"
"2026-01-06 17:00:00","26.5","27.4","50","0.0","0.0","2","67","5.4","archive","-23.558","-46.635","2026-09-20T16:31:34.073018-03:00"
"2026-01-06 18:00:00","23.5","24.4","66","0.3","0.3","51","59","10.6","archive","-23.558","-46.635","2026-09-20T16:31:34.073018-03:00"
"2026-01-06 19:00:00","22.0","23.3","76","0.1","0.1","51","78","9.7","archive","-23.558","-46.635","2026-09-20T16:31:34.073018-03:00"
"2026-01-06 20:00:00","20.7","22.3","83","0.0","0.0","3","99","8.4","archive","-23.558","-46.635","2026-09-20T16:31:34.073018-03:00"
"2026-01-06 21:00:00","20.9","22.6","82","0.0","0.0","2","60","7.3","archive","-23.558","-46.635","2026-09-20T16:31:34.073018-03:00"
"2026-01-06 22:00:00","20.2","22.1","86","0.8","0.8","53","99","5.8","archive","-23.558","-46.635","2026-09-20T16:31:34.073018-03:00"
"2026-01-06 23:00:00","20.3","22.4","85","0.2","0.2","51","100","4.3","archive","-23.558","-46.635","2026-09-20T16:31:34.073018-03:00"
"2026-01-07 00:00:00","20.2","22.2","86","0.0","0.0","3","100","4.8","archive","-23.558","-46.635","2026-09-20T16:31:34.073018-03:00"
"2026-01-07 01:00:00","20.0","22.2","86","0.0","0.0","3","100","3.4","archive","-23.558","-46.635","2026-09-20T16:31:34.073018-03:00"
"2026-01-07 02:00:00","19.7","21.9","87","0.0","0.0","3","100","3.3","archive","-23.558","-46.635","2026-09-20T16:31:34.073018-03:00"
"2026-01-07 03:00:00","20.0","22.4","88","0.0","0.0","3","100","3.2","archive","-23.558","-46.635","2026-09-20T16:31:34.073018-03:00"
"2026-01-07 04:00:00","19.8","21.9","89","0.0","0.0","3","100","5.2","archive","-23.558","-46.635","2026-09-20T16:31:34.073018-03:00"
"2026-01-07 05:00:00","19.5","21.6","90","0.0","0.0","3","100","5.3","archive","-23.558","-46.635","2026-09-20T16:31:34.073018-03:00"
"2026-01-07 06:00:00","19.5","21.4","89","0.0","0.0","3","100","5.1","archive","-23.558","-46.635","2026-09-20T16:31:34.073018-03:00"
"2026-01-07 07:00:00","20.7","22.5","79","0.0","0.0","3","100","4.5","archive","-23.558","-46.635","2026-09-20T16:31:34.073018-03:00"
"2026-01-07 08:00:00","22.5","23.6","68","0.0","0.0","3","91","7.2","archive","-23.558","-46.635","2026-09-20T16:31:34.073018-03:00"
"2026-01-07 09:00:00","24.1","25.3","61","0.0","0.0","3","99","8.5","archive","-23.558","-46.635","2026-09-20T16:31:34.073018-03:00"
"2026-01-07 10:00:00","26.4","28.8","53","0.0","0.0","1","42","9.4","archive","-23.558","-46.635","2026-09-20T16:31:34.073018-03:00"
"2026-01-07 11:00:00","27.5","30.6","49","0.1","0.1","51","83","7.9","archive","-23.558","-46.635","2026-09-20T16:31:34.073018-03:00"
"2026-01-07 12:00:00","28.4","32.0","47","0.1","0.1","51","100","8.1","archive","-23.558","-46.635","2026-09-20T16:31:34.073018-03:00"
"2026-01-07 13:00:00","29.0","30.4","43","0.0","0.0","3","100","7.9","archive","-23.558","-46.635","2026-09-20T16:31:34.073018-03:00"
"2026-01-07 14:00:00","26.5","26.1","51","0.0","0.0","3","100","15.2","archive","-23.558","-46.635","2026-09-20T16:31:34.073018-03:00"
"2026-01-07 15:00:00","28.4","30.3","45","0.0","0.0","3","98","6.1","archive","-23.558","-46.635","2026-09-20T16:31:34.073018-03:00"
"2026-01-07 16:00:00","28.5","29.3","46","0.0","0.0","3","95","8.7","archive","-23.558","-46.635","2026-09-20T16:31:34.073018-03:00"
"2026-01-07 17:00:00","26.6","27.7","51","0.6","0.6","53","95","5.5","archive","-23.558","-46.635","2026-09-20T16:31:34.073018-03:00"
"2026-01-07 18:00:00","25.8","27.6","55","1.0","1.0","55","92","1.0","archive","-23.558","-46.635","2026-09-20T16:31:34.073018-03:00"
"2026-01-07 19:00:00","23.5","25.2","68","0.7","0.7","53","94","6.2","archive","-23.558","-46.635","2026-09-20T16:31:34.073018-03:00"
"2026-01-07 20:00:00","22.5","24.3","73","0.5","0.5","53","29","5.9","archive","-23.558","-46.635","2026-09-20T16:31:34.073018-03:00"
"2026-01-07 21:00:00","21.8","24.3","85","0.0","0.0","2","57","5.6","archive","-23.558","-46.635","2026-09-20T16:31:34.073018-03:00"
"2026-01-07 22:00:00","22.3","24.9","81","0.7","0.7","53","64","4.2","archive","-23.558","-46.635","2026-09-20T16:31:34.073018-03:00"
"2026-01-07 23:00:00","21.8","24.8","84","0.9","0.9","53","51","1.8","archive","-23.558","-46.635","2026-09-20T16:31:34.073018-03:00"
"2026-01-08 00:00:00","20.2","22.2","91","7.2","7.2","63","94","8.0","archive","-23.558","-46.635","2026-09-20T16:31:34.073018-03:00"
"2026-01-08 01:00:00","20.2","22.2","89","0.1","0.1","51","64","6.9","archive","-23.558","-46.635","2026-09-20T16:31:34.073018-03:00"
"2026-01-08 02:00:00","19.9","22.0","91","0.1","0.1","51","45","6.4","archive","-23.558","-46.635","2026-09-20T16:31:34.073018-03:00"
"2026-01-08 03:00:00","20.1","22.3","88","0.0","0.0","0","19","5.2","archive","-23.558","-46.635","2026-09-20T16:31:34.073018-03:00"
"2026-01-08 04:00:00","19.7","21.3","88","0.0","0.0","1","46","8.1","archive","-23.558","-46.635","2026-09-20T16:31:34.073018-03:00"
"2026-01-08 05:00:00","19.6","21.1","87","0.0","0.0","0","7","7.6","archive","-23.558","-46.635","2026-09-20T16:31:34.073018-03:00"
"2026-01-08 06:00:00","19.8","21.2","85","0.0","0.0","0","15","7.7","archive","-23.558","-46.635","2026-09-20T16:31:34.073018-03:00"
"2026-01-08 07:00:00","20.8","22.8","82","0.0","0.0","0","5","5.4","archive","-23.558","-46.635","2026-09-20T16:31:34.073018-03:00"
"2026-01-08 08:00:00","22.7","24.7","75","0.0","0.0","0","0","6.3","archive","-23.558","-46.635","2026-09-20T16:31:34.073018-03:00"
"2026-01-08 09:00:00","26.6","27.6","53","0.0","0.0","0","0","10.2","archive","-23.558","-46.635","2026-09-20T16:31:34.073018-03:00"
"2026-01-08 10:00:00","28.1","30.1","47","0.0","0.0","0","5","11.0","archive","-23.558","-46.635","2026-09-20T16:31:34.073018-03:00"
"2026-01-08 11:00:00","29.5","32.2","43","0.0","0.0","1","26","10.1","archive","-23.558","-46.635","2026-09-20T16:31:34.073018-03:00"
"2026-01-08 12:00:00","30.2","33.4","40","0.0","0.0","2","64","8.7","archive","-23.558","-46.635","2026-09-20T16:31:34.073018-03:00"
"2026-01-08 13:00:00","28.4","30.4","43","0.1","0.1","51","87","14.0","archive","-23.558","-46.635","2026-09-20T16:31:34.073018-03:00"
"2026-01-08 14:00:00","27.0","27.8","48","0.7","0.7","53","55","6.6","archive","-23.558","-46.635","2026-09-20T16:31:34.073018-03:00"
"2026-01-08 15:00:00","30.0","31.9","42","0.0","0.0","2","55","4.9","archive","-23.558","-46.635","2026-09-20T16:31:34.073018-03:00"
"2026-01-08 16:00:00","28.7","30.2","47","0.1","0.1","51","38","7.1","archive","-23.558","-46.635","2026-09-20T16:31:34.073018-03:00"
"2026-01-08 17:00:00","25.3","27.3","67","6.1","6.1","63","47","8.6","archive","-23.558","-46.635","2026-09-20T16:31:34.073018-03:00"
"2026-01-08 18:00:00","22.4","24.2","81","3.7","3.7","63","84","10.8","archive","-23.558","-46.635","2026-09-20T16:31:34.073018-03:00"
"2026-01-08 19:00:00","21.7","23.9","82","0.7","0.7","53","91","6.2","archive","-23.558","-46.635","2026-09-20T16:31:34.073018-03:00"
"2026-01-08 20:00:00","21.8","24.5","83","0.0","0.0","3","100","3.6","archive","-23.558","-46.635","2026-09-20T16:31:34.073018-03:00"
"2026-01-08 21:00:00","22.6","25.3","79","0.0","0.0","3","91","3.6","archive","-23.558","-46.635","2026-09-20T16:31:34.073018-03:00"
"2026-01-08 22:00:00","22.2","25.1","83","0.4","0.4","51","100","3.6","archive","-23.558","-46.635","2026-09-20T16:31:34.073018-03:00"
"2026-01-08 23:00:00","21.7","24.4","86","0.8","0.8","53","100","4.6","archive","-23.558","-46.635","2026-09-20T16:31:34.073018-03:00"
"2026-01-09 00:00:00","21.5","24.9","88","0.6","0.6","53","100","0.6","archive","-23.558","-46.635","2026-09-20T16:31:34.073018-03:00"
"2026-01-09 01:00:00","21.5","24.9","89","0.2","0.2","51","100","1.8","archive","-23.558","-46.635","2026-09-20T16:31:34.073018-03:00"
"2026-01-09 02:00:00","21.0","24.5","93","0.5","0.5","53","100","1.3","archive","-23.558","-46.635","2026-09-20T16:31:34.073018-03:00"
"2026-01-09 03:00:00","21.3","24.5","91","0.2","0.2","51","100","3.5","archive","-23.558","-46.635","2026-09-20T16:31:34.073018-03:00"
"2026-01-09 04:00:00","20.9","24.1","93","0.0","0.0","3","99","3.8","archive","-23.558","-46.635","2026-09-20T16:31:34.073018-03:00"
"2026-01-09 05:00:00","20.7","23.8","94","0.0","0.0","3","95","4.4","archive","-23.558","-46.635","2026-09-20T16:31:34.073018-03:00"
"2026-01-09 06:00:00","20.9","24.2","93","0.0","0.0","3","100","2.8","archive","-23.558","-46.635","2026-09-20T16:31:34.073018-03:00"
"2026-01-09 07:00:00","22.0","25.5","89","0.0","0.0","3","95","1.9","archive","-23.558","-46.635","2026-09-20T16:31:34.073018-03:00"
"2026-01-09 08:00:00","23.6","26.9","78","0.0","0.0","0","14","2.1","archive","-23.558","-46.635","2026-09-20T16:31:34.073018-03:00"
"2026-01-09 09:00:00","26.6","29.2","61","0.0","0.0","1","24","5.2","archive","-23.558","-46.635","2026-09-20T16:31:34.073018-03:00"
"2026-01-09 10:00:00","28.4","31.6","52","0.0","0.0","2","56","7.2","archive","-23.558","-46.635","2026-09-20T16:31:34.073018-03:00"
"2026-01-09 11:00:00","29.4","32.3","44","0.0","0.0","1","46","6.6","archive","-23.558","-46.635","2026-09-20T16:31:34.073018-03:00"
"2026-01-09 12:00:00","30.2","33.2","39","0.0","0.0","1","44","5.4","archive","-23.558","-46.635","2026-09-20T16:31:34.073018-03:00"
"2026-01-09 13:00:00","31.3","34.0","34","0.0","0.0","3","91","4.8","archive","-23.558","-46.635","2026-09-20T16:31:34.073018-03:00"
"2026-01-09 14:00:00","32.4","34.3","31","0.0","0.0","3","86","6.6","archive","-23.558","-46.635","2026-09-20T16:31:34.073018-03:00"
"2026-01-09 15:00:00","25.6","28.0","69","0.0","0.0","3","100","12.4","archive","-23.558","-46.635","2026-09-20T16:31:34.073018-03:00"
"2026-01-09 16:00:00","24.7","27.9","73","8.3","8.3","65","100","2.7","archive","-23.558","-46.635","2026-09-20T16:31:34.073018-03:00"
"2026-01-09 17:00:00","25.6","28.5","73","0.0","0.0","3","98","7.3","archive","-23.558","-46.635","2026-09-20T16:31:34.073018-03:00"
"2026-01-09 18:00:00","25.3","28.5","75","0.0","0.0","3","87","6.0","archive","-23.558","-46.635","2026-09-20T16:31:34.073018-03:00"
"2026-01-09 19:00:00","24.5","27.9","81","0.0","0.0","1","46","6.4","archive","-23.558","-46.635","2026-09-20T16:31:34.073018-03:00"
"2026-01-09 20:00:00","23.7","27.2","86","0.0","0.0","1","28","6.4","archive","-23.558","-46.635","2026-09-20T16:31:34.073018-03:00"
"2026-01-09 21:00:00","23.3","26.8","86","0.0","0.0","1","21","4.7","archive","-23.558","-46.635","2026-09-20T16:31:34.073018-03:00"
"2026-01-09 22:00:00","23.0","26.3","86","0.0","0.0","0","11","5.6","archive","-23.558","-46.635","2026-09-20T16:31:34.073018-03:00"
"2026-01-09 23:00:00","22.6","25.8","87","0.0","0.0","0","6","5.0","archive","-23.558","-46.635","2026-09-20T16:31:34.073018-03:00"
"2026-01-10 00:00:00","22.3","25.2","86","0.0","0.0","2","55","5.8","archive","-23.558","-46.635","2026-09-20T16:31:34.073018-03:00"
"2026-01-10 01:00:00","22.0","24.9","86","0.0","0.0","2","66","4.5","archive","-23.558","-46.635","2026-09-20T16:31:34.073018-03:00"
"2026-01-10 02:00:00","21.8","24.5","87","0.0","0.0","2","76","5.3","archive","-23.558","-46.635","2026-09-20T16:31:34.073018-03:00"
"2026-01-10 03:00:00","21.7","24.4","88","0.0","0.0","1","30","5.6","archive","-23.558","-46.635","2026-09-20T16:31:34.073018-03:00"
"2026-01-10 04:00:00","21.7","24.3","87","0.0","0.0","2","55","6.0","archive","-23.558","-46.635","2026-09-20T16:31:34.073018-03:00"
"2026-01-10 05:00:00","21.4","24.1","88","0.0","0.0","3","97","4.7","archive","-23.558","-46.635","2026-09-20T16:31:34.073018-03:00"
"2026-01-10 06:00:00","21.2","23.9","88","0.0","0.0","3","99","5.0","archive","-23.558","-46.635","2026-09-20T16:31:34.073018-03:00"
"2026-01-10 07:00:00","22.8","25.9","81","0.0","0.0","3","98","2.7","archive","-23.558","-46.635","2026-09-20T16:31:34.073018-03:00"
"2026-01-10 08:00:00","25.5","28.0","64","0.0","0.0","3","99","3.9","archive","-23.558","-46.635","2026-09-20T16:31:34.073018-03:00"
"2026-01-10 09:00:00","28.5","30.2","51","0.0","0.0","2","55","8.9","archive","-23.558","-46.635","2026-09-20T16:31:34.073018-03:00"
"2026-01-10 10:00:00","30.2","32.1","40","0.0","0.0","3","98","9.9","archive","-23.558","-46.635","2026-09-20T16:31:34.073018-03:00"
"2026-01-10 11:00:00","30.6","32.4","38","0.0","0.0","3","99","9.3","archive","-23.558","-46.635","2026-09-20T16:31:34.073018-03:00"
"2026-01-10 12:00:00","31.4","34.5","36","0.0","0.0","3","95","7.3","archive","-23.558","-46.635","2026-09-20T16:31:34.073018-03:00"
"2026-01-10 13:00:00","32.0","34.8","35","0.0","0.0","1","29","6.5","archive","-23.558","-46.635","2026-09-20T16:31:34.073018-03:00"
"2026-01-10 14:00:00","32.6","34.8","33","0.0","0.0","1","34","7.7","archive","-23.558","-46.635","2026-09-20T16:31:34.073018-03:00"
"2026-01-10 15:00:00","33.4","34.9","30","0.0","0.0","2","66","8.7","archive","-23.558","-46.635","2026-09-20T16:31:34.073018-03:00"
"2026-01-10 16:00:00","33.4","33.0","30","0.0","0.0","3","90","10.7","archive","-23.558","-46.635","2026-09-20T16:31:34.073018-03:00"
"2026-01-10 17:00:00","33.0","32.6","31","0.0","0.0","3","86","9.8","archive","-23.558","-46.635","2026-09-20T16:31:34.073018-03:00"
"2026-01-10 18:00:00","31.7","31.9","33","0.1","0.1","51","88","6.3","archive","-23.558","-46.635","2026-09-20T16:31:34.073018-03:00"
"2026-01-10 19:00:00","31.0","31.3","33","0.0","0.0","3","99","4.6","archive","-23.558","-46.635","2026-09-20T16:31:34.073018-03:00"
"2026-01-10 20:00:00","26.1","26.6","57","0.0","0.0","3","100","12.9","archive","-23.558","-46.635","2026-09-20T16:31:34.073018-03:00"
"2026-01-10 21:00:00","23.5","27.0","82","0.0","0.0","3","100","3.1","archive","-23.558","-46.635","2026-09-20T16:31:34.073018-03:00"
"2026-01-10 22:00:00","23.7","27.1","80","1.8","1.8","61","100","3.5","archive","-23.558","-46.635","2026-09-20T16:31:34.073018-03:00"
"2026-01-10 23:00:00","21.7","24.7","89","8.9","8.9","65","100","5.5","archive","-23.558","-46.635","2026-09-20T16:31:34.073018-03:00"
"2026-01-11 00:00:00","22.1","25.7","88","0.3","0.3","51","100","1.3","archive","-23.558","-46.635","2026-09-20T16:31:34.073018-03:00"
"2026-01-11 01:00:00","21.9","25.9","92","0.0","0.0","3","100","0.8","archive","-23.558","-46.635","2026-09-20T16:31:34.073018-03:00"
"2026-01-11 02:00:00","22.0","25.6","91","0.0","0.0","3","100","3.8","archive","-23.558","-46.635","2026-09-20T16:31:34.073018-03:00"
"2026-01-11 03:00:00","22.0","25.5","94","0.0","0.0","3","97","5.2","archive","-23.558","-46.635","2026-09-20T16:31:34.073018-03:00"
"2026-01-11 04:00:00","21.7","24.8","93","0.0","0.0","3","100","6.2","archive","-23.558","-46.635","2026-09-20T16:31:34.073018-03:00"
"2026-01-11 05:00:00","21.2","23.9","90","0.0","0.0","3","99","6.5","archive","-23.558","-46.635","2026-09-20T16:31:34.073018-03:00"
"2026-01-11 06:00:00","21.0","23.6","89","0.0","0.0","3","100","5.8","archive","-23.558","-46.635","2026-09-20T16:31:34.073018-03:00"
"2026-01-11 07:00:00","22.0","24.7","85","0.0","0.0","3","99","5.1","archive","-23.558","-46.635","2026-09-20T16:31:34.073018-03:00"
"2026-01-11 08:00:00","24.0","26.7","77","0.0","0.0","3","98","6.5","archive","-23.558","-46.635","2026-09-20T16:31:34.073018-03:00"
"2026-01-11 09:00:00","27.9","29.4","53","0.0","0.0","3","95","10.5","archive","-23.558","-46.635","2026-09-20T16:31:34.073018-03:00"
"2026-01-11 10:00:00","30.2","31.2","40","0.0","0.0","3","98","14.6","archive","-23.558","-46.635","2026-09-20T16:31:34.073018-03:00"
"2026-01-11 11:00:00","31.1","32.1","35","0.0","0.0","1","27","13.6","archive","-23.558","-46.635","2026-09-20T16:31:34.073018-03:00"
"2026-01-11 12:00:00","32.2","33.8","33","0.0","0.0","0","12","12.4","archive","-23.558","-46.635","2026-09-20T16:31:34.073018-03:00"
"2026-01-11 13:00:00","32.9","34.4","30","0.0","0.0","1","26","12.1","archive","-23.558","-46.635","2026-09-20T16:31:34.073018-03:00"
"2026-01-11 14:00:00","33.1","34.2","29","0.0","0.0","1","27","11.4","archive","-23.558","-46.635","2026-09-20T16:31:34.073018-03:00"
"2026-01-11 15:00:00","32.9","33.5","29","0.0","0.0","1","24","11.6","archive","-23.558","-46.635","2026-09-20T16:31:34.073018-03:00"
"2026-01-11 16:00:00","33.1","32.8","28","0.0","0.0","1","27","11.0","archive","-23.558","-46.635","2026-09-20T16:31:34.073018-03:00"
"2026-01-11 17:00:00","32.8","31.5","28","0.0","0.0","0","13","12.1","archive","-23.558","-46.635","2026-09-20T16:31:34.073018-03:00"
"2026-01-11 18:00:00","32.4","31.0","28","0.0","0.0","0","12","11.9","archive","-23.558","-46.635","2026-09-20T16:31:34.073018-03:00"
"2026-01-11 19:00:00","31.4","30.9","29","0.0","0.0","0","16","5.9","archive","-23.558","-46.635","2026-09-20T16:31:34.073018-03:00"
"2026-01-11 20:00:00","30.0","29.9","32","0.0","0.0","0","5","3.2","archive","-23.558","-46.635","2026-09-20T16:31:34.073018-03:00"
"2026-01-11 21:00:00","27.1","29.7","67","0.0","0.0","1","23","10.5","archive","-23.558","-46.635","2026-09-20T16:31:34.073018-03:00"
"2026-01-11 22:00:00","26.2","29.8","73","0.0","0.0","1","21","4.9","archive","-23.558","-46.635","2026-09-20T16:31:34.073018-03:00"
"2026-01-11 23:00:00","26.3","29.9","72","0.0","0.0","1","30","4.1","archive","-23.558","-46.635","2026-09-20T16:31:34.073018-03:00"
"2026-01-12 00:00:00","25.2","28.0","74","0.1","0.1","51","28","8.0","archive","-23.558","-46.635","2026-09-20T16:31:34.073018-03:00"
"2026-01-12 01:00:00","24.2","27.1","73","0.0","0.0","0","13","3.1","archive","-23.558","-46.635","2026-09-20T16:31:34.073018-03:00"
"2026-01-12 02:00:00","24.0","27.2","74","0.0","0.0","1","20","1.5","archive","-23.558","-46.635","2026-09-20T16:31:34.073018-03:00"
"2026-01-12 03:00:00","23.7","27.1","79","0.0","0.0","1","39","2.5","archive","-23.558","-46.635","2026-09-20T16:31:34.073018-03:00"
"2026-01-12 04:00:00","23.8","26.6","75","0.0","0.0","2","65","3.8","archive","-23.558","-46.635","2026-09-20T16:31:34.073018-03:00"
"2026-01-12 05:00:00","23.3","26.2","78","0.0","0.0","2","66","4.3","archive","-23.558","-46.635","2026-09-20T16:31:34.073018-03:00"
"2026-01-12 06:00:00","23.2","25.5","77","0.0","0.0","3","95","6.2","archive","-23.558","-46.635","2026-09-20T16:31:34.073018-03:00"
"2026-01-12 07:00:00","24.7","25.7","57","0.0","0.0","3","91","6.2","archive","-23.558","-46.635","2026-09-20T16:31:34.073018-03:00"
"2026-01-12 08:00:00","27.1","27.1","44","0.0","0.0","2","66","8.0","archive","-23.558","-46.635","2026-09-20T16:31:34.073018-03:00"
"2026-01-12 09:00:00","29.3","29.5","39","0.0","0.0","3","98","9.4","archive","-23.558","-46.635","2026-09-20T16:31:34.073018-03:00"
"2026-01-12 10:00:00","30.7","31.0","34","0.0","0.0","3","98","13.2","archive","-23.558","-46.635","2026-09-20T16:31:34.073018-03:00"
"2026-01-12 11:00:00","31.7","32.4","31","0.0","0.0","2","61","13.1","archive","-23.558","-46.635","2026-09-20T16:31:34.073018-03:00"
"2026-01-12 12:00:00","33.0","34.2","29","0.0","0.0","2","59","13.5","archive","-23.558","-46.635","2026-09-20T16:31:34.073018-03:00"
"2026-01-12 13:00:00","34.1","35.6","25","0.0","0.0","1","24","8.9","archive","-23.558","-46.635","2026-09-20T16:31:34.073018-03:00"
"2026-01-12 14:00:00","34.7","35.2","23","0.0","0.0","3","97","10.3","archive","-23.558","-46.635","2026-09-20T16:31:34.073018-03:00"
"2026-01-12 15:00:00","34.0","34.9","23","0.0","0.0","3","100","4.1","archive","-23.558","-46.635","2026-09-20T16:31:34.073018-03:00"
"2026-01-12 16:00:00","29.4","29.5","44","1.0","1.0","55","41","13.4","archive","-23.558","-46.635","2026-09-20T16:31:34.073018-03:00"
"2026-01-12 17:00:00","27.8","27.8","47","0.4","0.4","51","99","11.7","archive","-23.558","-46.635","2026-09-20T16:31:34.073018-03:00"
"2026-01-12 18:00:00","27.6","29.0","48","0.2","0.2","51","100","3.6","archive","-23.558","-46.635","2026-09-20T16:31:34.073018-03:00"
"2026-01-12 19:00:00","28.0","29.7","47","0.0","0.0","3","100","0.6","archive","-23.558","-46.635","2026-09-20T16:31:34.073018-03:00"
"2026-01-12 20:00:00","27.5","28.8","49","0.0","0.0","3","100","4.6","archive","-23.558","-46.635","2026-09-20T16:31:34.073018-03:00"
"2026-01-12 21:00:00","22.2","24.7","83","0.0","0.0","3","100","5.9","archive","-23.558","-46.635","2026-09-20T16:31:34.073018-03:00"
"2026-01-12 22:00:00","22.3","25.4","83","1.4","1.4","61","100","2.4","archive","-23.558","-46.635","2026-09-20T16:31:34.073018-03:00"
"2026-01-12 23:00:00","21.5","22.8","85","4.4","4.4","63","100","14.1","archive","-23.558","-46.635","2026-09-20T16:31:34.073018-03:00"
"2026-01-13 00:00:00","21.1","23.6","85","0.5","0.5","53","98","4.9","archive","-23.558","-46.635","2026-09-20T16:31:34.073018-03:00"
"2026-01-13 01:00:00","21.4","24.2","86","0.3","0.3","51","100","3.7","archive","-23.558","-46.635","2026-09-20T16:31:34.073018-03:00"
"2026-01-13 02:00:00","21.4","24.5","88","0.0","0.0","3","100","2.5","archive","-23.558","-46.635","2026-09-20T16:31:34.073018-03:00"
"2026-01-13 03:00:00","21.8","24.6","89","0.0","0.0","3","100","7.1","archive","-23.558","-46.635","2026-09-20T16:31:34.073018-03:00"
"2026-01-13 04:00:00","21.5","23.5","87","0.0","0.0","3","100","9.5","archive","-23.558","-46.635","2026-09-20T16:31:34.073018-03:00"
"2026-01-13 05:00:00","20.5","22.3","89","0.0","0.0","3","97","9.6","archive","-23.558","-46.635","2026-09-20T16:31:34.073018-03:00"
"2026-01-13 06:00:00","20.1","21.9","89","0.0","0.0","3","100","8.1","archive","-23.558","-46.635","2026-09-20T16:31:34.073018-03:00"
"2026-01-13 07:00:00","20.7","22.3","84","0.0","0.0","3","100","8.5","archive","-23.558","-46.635","2026-09-20T16:31:34.073018-03:00"
"2026-01-13 08:00:00","21.6","23.3","79","0.0","0.0","3","100","7.8","archive","-23.558","-46.635","2026-09-20T16:31:34.073018-03:00"
"2026-01-13 09:00:00","23.4","24.3","68","0.0","0.0","3","100","10.3","archive","-23.558","-46.635","2026-09-20T16:31:34.073018-03:00"
"2026-01-13 10:00:00","23.0","23.9","69","0.1","0.1","51","100","10.9","archive","-23.558","-46.635","2026-09-20T16:31:34.073018-03:00"
"2026-01-13 11:00:00","23.2","24.1","67","0.2","0.2","51","100","9.5","archive","-23.558","-46.635","2026-09-20T16:31:34.073018-03:00"
"2026-01-13 12:00:00","24.1","25.2","66","0.2","0.2","51","100","9.4","archive","-23.558","-46.635","2026-09-20T16:31:34.073018-03:00"
"2026-01-13 13:00:00","25.3","26.5","62","0.0","0.0","3","100","10.0","archive","-23.558","-46.635","2026-09-20T16:31:34.073018-03:00"
"2026-01-13 14:00:00","26.5","27.9","57","0.0","0.0","3","100","10.3","archive","-23.558","-46.635","2026-09-20T16:31:34.073018-03:00"
"2026-01-13 15:00:00","29.2","30.1","46","0.0","0.0","0","2","9.0","archive","-23.558","-46.635","2026-09-20T16:31:34.073018-03:00"
"2026-01-13 16:00:00","29.4","31.0","43","0.0","0.0","1","45","8.8","archive","-23.558","-46.635","2026-09-20T16:31:34.073018-03:00"
"2026-01-13 17:00:00","28.8","29.8","45","0.0","0.0","1","48","6.2","archive","-23.558","-46.635","2026-09-20T16:31:34.073018-03:00"
"2026-01-13 18:00:00","27.6","29.1","49","0.1","0.1","51","91","3.7","archive","-23.558","-46.635","2026-09-20T16:31:34.073018-03:00"
"2026-01-13 19:00:00","26.6","28.4","54","0.1","0.1","51","73","2.7","archive","-23.558","-46.635","2026-09-20T16:31:34.073018-03:00"
"2026-01-13 20:00:00","24.3","26.4","67","0.8","0.8","53","100","4.4","archive","-23.558","-46.635","2026-09-20T16:31:34.073018-03:00"
"2026-01-13 21:00:00","22.5","23.6","72","0.0","0.0","3","100","9.7","archive","-23.558","-46.635","2026-09-20T16:31:34.073018-03:00"
"2026-01-13 22:00:00","21.7","22.6","76","0.0","0.0","3","98","11.2","archive","-23.558","-46.635","2026-09-20T16:31:34.073018-03:00"
"2026-01-13 23:00:00","20.7","22.4","82","0.0","0.0","3","100","6.9","archive","-23.558","-46.635","2026-09-20T16:31:34.073018-03:00"
"2026-01-14 00:00:00","20.2","21.9","85","0.5","0.5","53","98","7.0","archive","-23.558","-46.635","2026-09-20T16:31:34.073018-03:00"
"2026-01-14 01:00:00","19.8","21.6","89","0.4","0.4","51","100","6.9","archive","-23.558","-46.635","2026-09-20T16:31:34.073018-03:00"
"2026-01-14 02:00:00","19.7","21.8","90","0.4","0.4","51","100","5.4","archive","-23.558","-46.635","2026-09-20T16:31:34.073018-03:00"
"2026-01-14 03:00:00","20.2","21.8","88","0.1","0.1","51","100","8.9","archive","-23.558","-46.635","2026-09-20T16:31:34.073018-03:00"
"2026-01-14 04:00:00","20.4","21.6","85","0.0","0.0","3","100","10.5","archive","-23.558","-46.635","2026-09-20T16:31:34.073018-03:00"
"2026-01-14 05:00:00","20.3","21.6","84","0.0","0.0","3","100","9.4","archive","-23.558","-46.635","2026-09-20T16:31:34.073018-03:00"
"2026-01-14 06:00:00","20.3","21.8","83","0.0","0.0","3","96","7.1","archive","-23.558","-46.635","2026-09-20T16:31:34.073018-03:00"
"2026-01-14 07:00:00","20.7","22.9","83","0.0","0.0","3","98","4.2","archive","-23.558","-46.635","2026-09-20T16:31:34.073018-03:00"
"2026-01-14 08:00:00","21.6","23.7","80","0.0","0.0","3","100","5.4","archive","-23.558","-46.635","2026-09-20T16:31:34.073018-03:00"
"2026-01-14 09:00:00","23.7","26.1","72","0.0","0.0","2","69","4.5","archive","-23.558","-46.635","2026-09-20T16:31:34.073018-03:00"
"2026-01-14 10:00:00","25.6","28.8","65","0.0","0.0","1","46","5.5","archive","-23.558","-46.635","2026-09-20T16:31:34.073018-03:00"
"2026-01-14 11:00:00","27.1","30.8","57","0.0","0.0","3","99","7.3","archive","-23.558","-46.635","2026-09-20T16:31:34.073018-03:00"
"2026-01-14 12:00:00","28.0","31.5","54","0.0","0.0","3","100","8.3","archive","-23.558","-46.635","2026-09-20T16:31:34.073018-03:00"
"2026-01-14 13:00:00","28.2","31.9","53","0.0","0.0","3","100","8.1","archive","-23.558","-46.635","2026-09-20T16:31:34.073018-03:00"
"2026-01-14 14:00:00","28.8","32.3","50","0.0","0.0","3","87","8.9","archive","-23.558","-46.635","2026-09-20T16:31:34.073018-03:00"
"2026-01-14 15:00:00","23.3","24.3","77","0.8","0.8","53","89","16.2","archive","-23.558","-46.635","2026-09-20T16:31:34.073018-03:00"
"2026-01-14 16:00:00","21.3","22.9","86","7.2","7.2","63","99","11.8","archive","-23.558","-46.635","2026-09-20T16:31:34.073018-03:00"
"2026-01-14 17:00:00","21.4","25.0","91","2.2","2.2","61","91","0.9","archive","-23.558","-46.635","2026-09-20T16:31:34.073018-03:00"
"2026-01-14 18:00:00","22.1","25.1","83","2.4","2.4","61","100","2.9","archive","-23.558","-46.635","2026-09-20T16:31:34.073018-03:00"
"2026-01-14 19:00:00","21.7","25.1","88","0.6","0.6","53","95","2.0","archive","-23.558","-46.635","2026-09-20T16:31:34.073018-03:00"
"2026-01-14 20:00:00","21.4","24.7","91","0.0","0.0","3","86","2.8","archive","-23.558","-46.635","2026-09-20T16:31:34.073018-03:00"
"2026-01-14 21:00:00","21.0","24.0","89","0.1","0.1","51","100","3.1","archive","-23.558","-46.635","2026-09-20T16:31:34.073018-03:00"
"2026-01-14 22:00:00","21.0","23.5","89","0.6","0.6","53","97","6.3","archive","-23.558","-46.635","2026-09-20T16:31:34.073018-03:00"
"2026-01-14 23:00:00","20.7","23.6","91","0.1","0.1","51","98","3.9","archive","-23.558","-46.635","2026-09-20T16:31:34.073018-03:00"
"2026-01-15 00:00:00","20.6","23.6","91","0.0","0.0","3","100","2.7","archive","-23.558","-46.635","2026-09-20T16:31:34.073018-03:00"
"2026-01-15 01:00:00","20.7","22.9","87","0.0","0.0","3","99","6.3","archive","-23.558","-46.635","2026-09-20T16:31:34.073018-03:00"
"2026-01-15 02:00:00","20.4","22.5","89","0.0","0.0","2","53","7.3","archive","-23.558","-46.635","2026-09-20T16:31:34.073018-03:00"
"2026-01-15 03:00:00","20.1","22.4","89","0.0","0.0","3","99","5.0","archive","-23.558","-46.635","2026-09-20T16:31:34.073018-03:00"
"2026-01-15 04:00:00","20.3","22.6","88","0.0","0.0","3","100","4.8","archive","-23.558","-46.635","2026-09-20T16:31:34.073018-03:00"
"2026-01-15 05:00:00","20.5","22.5","86","0.0","0.0","3","100","5.7","archive","-23.558","-46.635","2026-09-20T16:31:34.073018-03:00"
"2026-01-15 06:00:00","20.6","22.5","84","0.0","0.0","3","100","5.8","archive","-23.558","-46.635","2026-09-20T16:31:34.073018-03:00"
"2026-01-15 07:00:00","21.3","23.6","84","0.0","0.0","3","100","4.6","archive","-23.558","-46.635","2026-09-20T16:31:34.073018-03:00"
"2026-01-15 08:00:00","22.2","24.4","80","0.0","0.0","3","92","6.2","archive","-23.558","-46.635","2026-09-20T16:31:34.073018-03:00"
"2026-01-15 09:00:00","23.4","25.7","74","0.0","0.0","3","100","6.4","archive","-23.558","-46.635","2026-09-20T16:31:34.073018-03:00"
"2026-01-15 10:00:00","25.1","27.5","70","0.1","0.1","51","99","10.0","archive","-23.558","-46.635","2026-09-20T16:31:34.073018-03:00"
"2026-01-15 11:00:00","25.9","29.0","68","0.2","0.2","51","100","9.6","archive","-23.558","-46.635","2026-09-20T16:31:34.073018-03:00"
"2026-01-15 12:00:00","26.7","29.5","62","0.2","0.2","51","99","11.7","archive","-23.558","-46.635","2026-09-20T16:31:34.073018-03:00"
"2026-01-15 13:00:00","23.8","26.3","76","4.3","4.3","63","100","6.7","archive","-23.558","-46.635","2026-09-20T16:31:34.073018-03:00"
"2026-01-15 14:00:00","24.0","26.8","76","0.3","0.3","51","100","5.4","archive","-23.558","-46.635","2026-09-20T16:31:34.073018-03:00"
"2026-01-15 15:00:00","24.8","27.4","72","0.3","0.3","51","98","6.4","archive","-23.558","-46.635","2026-09-20T16:31:34.073018-03:00"
"2026-01-15 16:00:00","24.4","27.0","73","0.3","0.3","51","100","5.7","archive","-23.558","-46.635","2026-09-20T16:31:34.073018-03:00"
"2026-01-15 17:00:00","22.4","24.9","82","1.8","1.8","61","100","6.1","archive","-23.558","-46.635","2026-09-20T16:31:34.073018-03:00"
"2026-01-15 18:00:00","22.2","24.7","85","0.6","0.6","53","100","7.4","archive","-23.558","-46.635","2026-09-20T16:31:34.073018-03:00"
"2026-01-15 19:00:00","21.7","24.4","89","0.5","0.5","53","100","6.6","archive","-23.558","-46.635","2026-09-20T16:31:34.073018-03:00"
"2026-01-15 20:00:00","21.4","24.6","90","0.5","0.5","53","100","3.5","archive","-23.558","-46.635","2026-09-20T16:31:34.073018-03:00"
"2026-01-15 21:00:00","20.6","23.2","89","0.6","0.6","53","100","4.6","archive","-23.558","-46.635","2026-09-20T16:31:34.073018-03:00"
"2026-01-15 22:00:00","20.3","23.1","92","0.3","0.3","51","100","3.8","archive","-23.558","-46.635","2026-09-20T16:31:34.073018-03:00"
"2026-01-15 23:00:00","20.2","23.3","93","0.4","0.4","51","100","2.3","archive","-23.558","-46.635","2026-09-20T16:31:34.073018-03:00"
"2026-01-16 00:00:00","20.2","23.3","95","0.5","0.5","53","100","3.1","archive","-23.558","-46.635","2026-09-20T16:31:34.073018-03:00"
"2026-01-16 01:00:00","20.1","22.9","95","0.7","0.7","53","100","4.5","archive","-23.558","-46.635","2026-09-20T16:31:34.073018-03:00"
"2026-01-16 02:00:00","20.0","22.7","95","0.5","0.5","53","100","4.6","archive","-23.558","-46.635","2026-09-20T16:31:34.073018-03:00"
"2026-01-16 03:00:00","20.1","22.4","92","0.2","0.2","51","98","6.1","archive","-23.558","-46.635","2026-09-20T16:31:34.073018-03:00"
"2026-01-16 04:00:00","19.7","22.0","92","0.0","0.0","3","100","5.5","archive","-23.558","-46.635","2026-09-20T16:31:34.073018-03:00"
"2026-01-16 05:00:00","19.9","21.8","90","0.0","0.0","3","100","6.7","archive","-23.558","-46.635","2026-09-20T16:31:34.073018-03:00"
"2026-01-16 06:00:00","19.7","21.7","90","0.0","0.0","3","100","6.1","archive","-23.558","-46.635","2026-09-20T16:31:34.073018-03:00"
"2026-01-16 07:00:00","20.7","23.1","88","0.0","0.0","3","100","5.2","archive","-23.558","-46.635","2026-09-20T16:31:34.073018-03:00"
"2026-01-16 08:00:00","21.9","24.6","84","0.0","0.0","3","100","4.9","archive","-23.558","-46.635","2026-09-20T16:31:34.073018-03:00"
"2026-01-16 09:00:00","23.4","25.7","76","0.0","0.0","3","100","6.1","archive","-23.558","-46.635","2026-09-20T16:31:34.073018-03:00"
"2026-01-16 10:00:00","24.5","26.7","70","0.0","0.0","3","100","6.7","archive","-23.558","-46.635","2026-09-20T16:31:34.073018-03:00"
"2026-01-16 11:00:00","25.4","27.0","64","0.0","0.0","2","59","9.4","archive","-23.558","-46.635","2026-09-20T16:31:34.073018-03:00"
"2026-01-16 12:00:00","27.0","31.9","64","0.0","0.0","2","69","9.1","archive","-23.558","-46.635","2026-09-20T16:31:34.073018-03:00"
"2026-01-16 13:00:00","27.9","32.8","61","0.1","0.1","51","100","9.1","archive","-23.558","-46.635","2026-09-20T16:31:34.073018-03:00"
"2026-01-16 14:00:00","28.3","32.2","55","0.2","0.2","51","100","9.0","archive","-23.558","-46.635","2026-09-20T16:31:34.073018-03:00"
"2026-01-16 15:00:00","25.2","28.1","71","0.3","0.3","51","62","4.7","archive","-23.558","-46.635","2026-09-20T16:31:34.073018-03:00"
"2026-01-16 16:00:00","25.8","28.9","70","0.2","0.2","51","91","4.4","archive","-23.558","-46.635","2026-09-20T16:31:34.073018-03:00"
"2026-01-16 17:00:00","22.2","23.9","80","13.0","13.0","65","100","9.4","archive","-23.558","-46.635","2026-09-20T16:31:34.073018-03:00"
"2026-01-16 18:00:00","21.2","24.0","90","1.7","1.7","61","100","5.7","archive","-23.558","-46.635","2026-09-20T16:31:34.073018-03:00"
"2026-01-16 19:00:00","21.1","24.2","91","1.1","1.1","55","100","3.3","archive","-23.558","-46.635","2026-09-20T16:31:34.073018-03:00"
"2026-01-16 20:00:00","20.9","24.3","94","0.2","0.2","51","100","2.8","archive","-23.558","-46.635","2026-09-20T16:31:34.073018-03:00"
"2026-01-16 21:00:00","21.1","24.3","93","0.0","0.0","3","100","4.2","archive","-23.558","-46.635","2026-09-20T16:31:34.073018-03:00"
"2026-01-16 22:00:00","21.0","24.1","94","1.3","1.3","61","100","5.0","archive","-23.558","-46.635","2026-09-20T16:31:34.073018-03:00"
"2026-01-16 23:00:00","20.7","23.4","94","1.4","1.4","61","100","6.3","archive","-23.558","-46.635","2026-09-20T16:31:34.073018-03:00"
"2026-01-17 00:00:00","20.5","23.4","94","1.8","1.8","61","100","4.5","archive","-23.558","-46.635","2026-09-20T16:31:34.073018-03:00"
"2026-01-17 01:00:00","20.4","23.2","93","1.7","1.7","61","100","4.3","archive","-23.558","-46.635","2026-09-20T16:31:34.073018-03:00"
"2026-01-17 02:00:00","20.0","22.4","92","0.4","0.4","51","96","5.2","archive","-23.558","-46.635","2026-09-20T16:31:34.073018-03:00"
"2026-01-17 03:00:00","20.0","22.2","92","0.1","0.1","51","86","6.6","archive","-23.558","-46.635","2026-09-20T16:31:34.073018-03:00"
"2026-01-17 04:00:00","19.6","21.8","93","0.0","0.0","3","100","5.8","archive","-23.558","-46.635","2026-09-20T16:31:34.073018-03:00"
"2026-01-17 05:00:00","19.2","21.5","94","0.0","0.0","3","100","4.6","archive","-23.558","-46.635","2026-09-20T16:31:34.073018-03:00"
"2026-01-17 06:00:00","19.4","21.8","93","0.0","0.0","3","100","3.8","archive","-23.558","-46.635","2026-09-20T16:31:34.073018-03:00"
"2026-01-17 07:00:00","21.0","23.4","87","0.0","0.0","3","100","5.6","archive","-23.558","-46.635","2026-09-20T16:31:34.073018-03:00"
"2026-01-17 08:00:00","22.2","24.9","84","0.0","0.0","3","100","5.4","archive","-23.558","-46.635","2026-09-20T16:31:34.073018-03:00"
"2026-01-17 09:00:00","23.6","25.3","74","0.0","0.0","3","100","10.6","archive","-23.558","-46.635","2026-09-20T16:31:34.073018-03:00"
"2026-01-17 10:00:00","25.0","27.7","68","0.1","0.1","51","100","11.0","archive","-23.558","-46.635","2026-09-20T16:31:34.073018-03:00"
"2026-01-17 11:00:00","25.6","27.5","65","0.0","0.0","3","95","10.9","archive","-23.558","-46.635","2026-09-20T16:31:34.073018-03:00"
"2026-01-17 12:00:00","25.3","27.5","67","0.2","0.2","51","98","12.9","archive","-23.558","-46.635","2026-09-20T16:31:34.073018-03:00"
"2026-01-17 13:00:00","24.1","26.8","75","3.7","3.7","63","100","6.0","archive","-23.558","-46.635","2026-09-20T16:31:34.073018-03:00"
"2026-01-17 14:00:00","23.9","26.4","73","0.2","0.2","51","100","5.4","archive","-23.558","-46.635","2026-09-20T16:31:34.073018-03:00"
"2026-01-17 15:00:00","26.7","28.9","60","0.1","0.1","51","96","5.5","archive","-23.558","-46.635","2026-09-20T16:31:34.073018-03:00"
"2026-01-17 16:00:00","26.3","28.9","60","0.0","0.0","3","89","2.3","archive","-23.558","-46.635","2026-09-20T16:31:34.073018-03:00"
"2026-01-17 17:00:00","26.8","29.8","60","0.0","0.0","3","97","0.2","archive","-23.558","-46.635","2026-09-20T16:31:34.073018-03:00"
"2026-01-17 18:00:00","22.2","24.6","78","8.4","8.4","65","100","4.3","archive","-23.558","-46.635","2026-09-20T16:31:34.073018-03:00"
"2026-01-17 19:00:00","21.1","23.7","84","1.5","1.5","61","87","3.1","archive","-23.558","-46.635","2026-09-20T16:31:34.073018-03:00"
"2026-01-17 20:00:00","20.8","23.7","89","0.0","0.0","3","96","3.0","archive","-23.558","-46.635","2026-09-20T16:31:34.073018-03:00"
"2026-01-17 21:00:00","21.2","23.8","89","0.0","0.0","3","100","5.3","archive","-23.558","-46.635","2026-09-20T16:31:34.073018-03:00"
"2026-01-17 22:00:00","20.6","23.3","95","2.1","2.1","61","100","6.1","archive","-23.558","-46.635","2026-09-20T16:31:34.073018-03:00"
"2026-01-17 23:00:00","20.4","22.7","93","1.1","1.1","55","100","8.1","archive","-23.558","-46.635","2026-09-20T16:31:34.073018-03:00"
"2026-01-18 00:00:00","20.0","22.9","93","0.3","0.3","51","99","3.2","archive","-23.558","-46.635","2026-09-20T16:31:34.073018-03:00"
"2026-01-18 01:00:00","20.0","22.7","93","0.1","0.1","51","100","4.0","archive","-23.558","-46.635","2026-09-20T16:31:34.073018-03:00"
"2026-01-18 02:00:00","20.0","22.3","93","0.1","0.1","51","100","5.8","archive","-23.558","-46.635","2026-09-20T16:31:34.073018-03:00"
"2026-01-18 03:00:00","20.2","22.3","94","0.3","0.3","51","100","8.8","archive","-23.558","-46.635","2026-09-20T16:31:34.073018-03:00"
"2026-01-18 04:00:00","20.1","21.7","93","0.5","0.5","53","100","10.9","archive","-23.558","-46.635","2026-09-20T16:31:34.073018-03:00"
"2026-01-18 05:00:00","20.1","21.8","92","0.1","0.1","51","100","10.3","archive","-23.558","-46.635","2026-09-20T16:31:34.073018-03:00"
"2026-01-18 06:00:00","20.0","21.8","92","0.0","0.0","3","84","9.1","archive","-23.558","-46.635","2026-09-20T16:31:34.073018-03:00"
"2026-01-18 07:00:00","20.7","22.7","90","0.0","0.0","3","100","8.9","archive","-23.558","-46.635","2026-09-20T16:31:34.073018-03:00"
"2026-01-18 08:00:00","21.8","22.7","82","0.0","0.0","2","77","15.6","archive","-23.558","-46.635","2026-09-20T16:31:34.073018-03:00"
"2026-01-18 09:00:00","23.6","24.3","72","0.2","0.2","51","57","16.4","archive","-23.558","-46.635","2026-09-20T16:31:34.073018-03:00"
"2026-01-18 10:00:00","23.9","25.4","72","0.4","0.4","51","72","12.6","archive","-23.558","-46.635","2026-09-20T16:31:34.073018-03:00"
"2026-01-18 11:00:00","25.4","27.7","69","0.2","0.2","51","99","12.1","archive","-23.558","-46.635","2026-09-20T16:31:34.073018-03:00"
"2026-01-18 12:00:00","24.2","27.2","75","1.3","1.3","61","99","8.1","archive","-23.558","-46.635","2026-09-20T16:31:34.073018-03:00"
"2026-01-18 13:00:00","24.2","26.3","73","1.0","1.0","55","36","10.7","archive","-23.558","-46.635","2026-09-20T16:31:34.073018-03:00"
"2026-01-18 14:00:00","25.9","31.1","71","0.1","0.1","51","80","8.3","archive","-23.558","-46.635","2026-09-20T16:31:34.073018-03:00"
"2026-01-18 15:00:00","25.5","26.9","66","1.0","1.0","55","100","11.5","archive","-23.558","-46.635","2026-09-20T16:31:34.073018-03:00"
"2026-01-18 16:00:00","25.9","27.9","64","0.1","0.1","51","88","8.1","archive","-23.558","-46.635","2026-09-20T16:31:34.073018-03:00"
"2026-01-18 17:00:00","25.4","27.0","64","0.4","0.4","51","95","9.2","archive","-23.558","-46.635","2026-09-20T16:31:34.073018-03:00"
"2026-01-18 18:00:00","25.0","27.5","68","0.1","0.1","51","72","4.9","archive","-23.558","-46.635","2026-09-20T16:31:34.073018-03:00"
"2026-01-18 19:00:00","24.3","26.5","71","0.0","0.0","2","70","7.1","archive","-23.558","-46.635","2026-09-20T16:31:34.073018-03:00"
"2026-01-18 20:00:00","23.3","25.5","78","0.0","0.0","3","100","8.4","archive","-23.558","-46.635","2026-09-20T16:31:34.073018-03:00"
"2026-01-18 21:00:00","21.8","24.9","89","0.0","0.0","2","78","4.6","archive","-23.558","-46.635","2026-09-20T16:31:34.073018-03:00"
"2026-01-18 22:00:00","21.7","24.7","90","0.0","0.0","3","98","5.7","archive","-23.558","-46.635","2026-09-20T16:31:34.073018-03:00"
"2026-01-18 23:00:00","20.9","22.8","91","0.0","0.0","3","95","10.9","archive","-23.558","-46.635","2026-09-20T16:31:34.073018-03:00"
"2026-01-19 00:00:00","20.6","22.4","92","1.1","1.1","55","100","11.5","archive","-23.558","-46.635","2026-09-20T16:31:34.073018-03:00"
"2026-01-19 01:00:00","20.2","22.5","94","0.5","0.5","53","99","7.6","archive","-23.558","-46.635","2026-09-20T16:31:34.073018-03:00"
"2026-01-19 02:00:00","19.9","21.6","94","0.1","0.1","51","99","11.2","archive","-23.558","-46.635","2026-09-20T16:31:34.073018-03:00"
"2026-01-19 03:00:00","20.3","22.7","95","0.0","0.0","3","100","8.1","archive","-23.558","-46.635","2026-09-20T16:31:34.073018-03:00"
"2026-01-19 04:00:00","20.0","21.6","95","0.0","0.0","3","100","12.2","archive","-23.558","-46.635","2026-09-20T16:31:34.073018-03:00"
"2026-01-19 05:00:00","20.3","21.8","93","0.0","0.0","3","100","12.7","archive","-23.558","-46.635","2026-09-20T16:31:34.073018-03:00"
"2026-01-19 06:00:00","20.3","22.2","92","0.0","0.0","1","22","9.8","archive","-23.558","-46.635","2026-09-20T16:31:34.073018-03:00"
"2026-01-19 07:00:00","20.7","22.2","90","0.0","0.0","2","73","12.2","archive","-23.558","-46.635","2026-09-20T16:31:34.073018-03:00"
"2026-01-19 08:00:00","21.3","22.6","88","0.1","0.1","51","99","14.3","archive","-23.558","-46.635","2026-09-20T16:31:34.073018-03:00"
"2026-01-19 09:00:00","21.8","23.1","82","0.2","0.2","51","98","13.1","archive","-23.558","-46.635","2026-09-20T16:31:34.073018-03:00"
"2026-01-19 10:00:00","22.1","23.3","81","0.1","0.1","51","80","13.1","archive","-23.558","-46.635","2026-09-20T16:31:34.073018-03:00"
"2026-01-19 11:00:00","23.3","25.1","78","0.2","0.2","51","98","12.9","archive","-23.558","-46.635","2026-09-20T16:31:34.073018-03:00"
"2026-01-19 12:00:00","24.5","26.5","72","0.1","0.1","51","99","13.3","archive","-23.558","-46.635","2026-09-20T16:31:34.073018-03:00"
"2026-01-19 13:00:00","22.5","24.0","81","3.5","3.5","63","98","12.8","archive","-23.558","-46.635","2026-09-20T16:31:34.073018-03:00"
"2026-01-19 14:00:00","20.8","20.9","88","8.2","8.2","65","100","21.2","archive","-23.558","-46.635","2026-09-20T16:31:34.073018-03:00"
"2026-01-19 15:00:00","20.5","21.8","91","2.9","2.9","63","99","14.0","archive","-23.558","-46.635","2026-09-20T16:31:34.073018-03:00"
"2026-01-19 16:00:00","20.1","19.6","89","3.6","3.6","63","100","23.8","archive","-23.558","-46.635","2026-09-20T16:31:34.073018-03:00"
"2026-01-19 17:00:00","19.7","19.3","89","0.7","0.7","53","100","21.8","archive","-23.558","-46.635","2026-09-20T16:31:34.073018-03:00"
"2026-01-19 18:00:00","19.2","19.3","92","0.5","0.5","53","92","19.0","archive","-23.558","-46.635","2026-09-20T16:31:34.073018-03:00"
"2026-01-19 19:00:00","18.8","19.0","91","0.3","0.3","51","70","16.0","archive","-23.558","-46.635","2026-09-20T16:31:34.073018-03:00"
"2026-01-19 20:00:00","18.5","18.2","93","0.7","0.7","53","68","19.9","archive","-23.558","-46.635","2026-09-20T16:31:34.073018-03:00"
"2026-01-19 21:00:00","18.4","18.2","90","1.4","1.4","61","98","17.8","archive","-23.558","-46.635","2026-09-20T16:31:34.073018-03:00"
"2026-01-19 22:00:00","18.2","17.8","92","0.5","0.5","53","97","19.1","archive","-23.558","-46.635","2026-09-20T16:31:34.073018-03:00"
"2026-01-19 23:00:00","17.7","17.0","90","0.7","0.7","53","96","19.4","archive","-23.558","-46.635","2026-09-20T16:31:34.073018-03:00"
"2026-01-20 00:00:00","17.5","17.0","90","0.3","0.3","51","98","17.0","archive","-23.558","-46.635","2026-09-20T16:31:34.073018-03:00"
"2026-01-20 01:00:00","17.6","17.2","89","0.2","0.2","51","97","16.0","archive","-23.558","-46.635","2026-09-20T16:31:34.073018-03:00"
"2026-01-20 02:00:00","17.1","16.7","90","0.1","0.1","51","88","14.5","archive","-23.558","-46.635","2026-09-20T16:31:34.073018-03:00"
"2026-01-20 03:00:00","16.9","17.3","92","0.0","0.0","2","55","10.4","archive","-23.558","-46.635","2026-09-20T16:31:34.073018-03:00"
"2026-01-20 04:00:00","16.9","16.9","90","0.0","0.0","1","35","11.8","archive","-23.558","-46.635","2026-09-20T16:31:34.073018-03:00"
"2026-01-20 05:00:00","16.7","16.7","91","0.1","0.1","51","49","11.5","archive","-23.558","-46.635","2026-09-20T16:31:34.073018-03:00"
"2026-01-20 06:00:00","16.5","16.7","90","0.0","0.0","1","39","9.6","archive","-23.558","-46.635","2026-09-20T16:31:34.073018-03:00"
"2026-01-20 07:00:00","17.2","16.6","86","0.0","0.0","3","85","14.5","archive","-23.558","-46.635","2026-09-20T16:31:34.073018-03:00"
"2026-01-20 08:00:00","18.0","17.4","82","0.1","0.1","51","94","14.6","archive","-23.558","-46.635","2026-09-20T16:31:34.073018-03:00"
"2026-01-20 09:00:00","18.4","17.6","75","0.1","0.1","51","99","13.9","archive","-23.558","-46.635","2026-09-20T16:31:34.073018-03:00"
"2026-01-20 10:00:00","18.9","18.1","72","0.0","0.0","3","95","13.8","archive","-23.558","-46.635","2026-09-20T16:31:34.073018-03:00"
"2026-01-20 11:00:00","20.1","19.8","67","0.0","0.0","3","95","14.6","archive","-23.558","-46.635","2026-09-20T16:31:34.073018-03:00"
"2026-01-20 12:00:00","20.3","19.6","67","0.1","0.1","51","98","14.5","archive","-23.558","-46.635","2026-09-20T16:31:34.073018-03:00"
"2026-01-20 13:00:00","20.4","19.7","66","0.0","0.0","3","100","13.3","archive","-23.558","-46.635","2026-09-20T16:31:34.073018-03:00"
"2026-01-20 14:00:00","20.5","19.6","66","0.0","0.0","3","96","14.1","archive","-23.558","-46.635","2026-09-20T16:31:34.073018-03:00"
"2026-01-20 15:00:00","20.3","19.6","66","0.0","0.0","2","62","12.9","archive","-23.558","-46.635","2026-09-20T16:31:34.073018-03:00"
"2026-01-20 16:00:00","20.5","19.5","67","0.0","0.0","2","73","15.5","archive","-23.558","-46.635","2026-09-20T16:31:34.073018-03:00"
"2026-01-20 17:00:00","19.5","18.8","73","0.0","0.0","2","70","15.0","archive","-23.558","-46.635","2026-09-20T16:31:34.073018-03:00"
"2026-01-20 18:00:00","18.3","17.6","78","0.0","0.0","3","91","14.7","archive","-23.558","-46.635","2026-09-20T16:31:34.073018-03:00"
"2026-01-20 19:00:00","17.4","17.1","84","0.1","0.1","51","56","12.5","archive","-23.558","-46.635","2026-09-20T16:31:34.073018-03:00"
"2026-01-20 20:00:00","17.0","17.1","87","0.0","0.0","1","32","10.1","archive","-23.558","-46.635","2026-09-20T16:31:34.073018-03:00"
"2026-01-20 21:00:00","16.2","16.1","91","0.0","0.0","1","27","11.3","archive","-23.558","-46.635","2026-09-20T16:31:34.073018-03:00"
"2026-01-20 22:00:00","16.1","16.0","91","0.0","0.0","1","43","10.7","archive","-23.558","-46.635","2026-09-20T16:31:34.073018-03:00"
"2026-01-20 23:00:00","15.8","15.5","90","0.0","0.0","0","16","10.7","archive","-23.558","-46.635","2026-09-20T16:31:34.073018-03:00"
"2026-01-21 00:00:00","15.8","15.7","89","0.0","0.0","1","36","9.0","archive","-23.558","-46.635","2026-09-20T16:31:34.073018-03:00"
"2026-01-21 01:00:00","15.6","15.6","90","0.0","0.0","1","22","8.5","archive","-23.558","-46.635","2026-09-20T16:31:34.073018-03:00"
"2026-01-21 02:00:00","15.4","15.5","90","0.0","0.0","0","11","7.9","archive","-23.558","-46.635","2026-09-20T16:31:34.073018-03:00"
"2026-01-21 03:00:00","15.8","16.3","91","0.0","0.0","0","9","6.4","archive","-23.558","-46.635","2026-09-20T16:31:34.073018-03:00"
"2026-01-21 04:00:00","15.9","16.3","90","0.0","0.0","0","18","7.1","archive","-23.558","-46.635","2026-09-20T16:31:34.073018-03:00"
"2026-01-21 05:00:00","15.8","16.2","91","0.0","0.0","1","22","6.7","archive","-23.558","-46.635","2026-09-20T16:31:34.073018-03:00"
"2026-01-21 06:00:00","15.8","16.2","91","0.0","0.0","1","27","6.3","archive","-23.558","-46.635","2026-09-20T16:31:34.073018-03:00"
"2026-01-21 07:00:00","16.7","17.4","89","0.0","0.0","1","42","6.4","archive","-23.558","-46.635","2026-09-20T16:31:34.073018-03:00"
"2026-01-21 08:00:00","17.9","17.6","80","0.0","0.0","3","99","11.3","archive","-23.558","-46.635","2026-09-20T16:31:34.073018-03:00"
"2026-01-21 09:00:00","18.3","17.9","76","0.1","0.1","51","81","11.3","archive","-23.558","-46.635","2026-09-20T16:31:34.073018-03:00"
"2026-01-21 10:00:00","19.2","19.2","78","7.3","7.3","63","100","11.4","archive","-23.558","-46.635","2026-09-20T16:31:34.073018-03:00"
"2026-01-21 11:00:00","19.0","18.8","77","4.9","4.9","63","100","12.2","archive","-23.558","-46.635","2026-09-20T16:31:34.073018-03:00"
"2026-01-21 12:00:00","19.0","18.9","78","1.0","1.0","55","99","12.0","archive","-23.558","-46.635","2026-09-20T16:31:34.073018-03:00"
"2026-01-21 13:00:00","19.4","18.9","75","0.1","0.1","51","100","13.6","archive","-23.558","-46.635","2026-09-20T16:31:34.073018-03:00"
"2026-01-21 14:00:00","19.3","18.6","74","0.0","0.0","3","100","14.6","archive","-23.558","-46.635","2026-09-20T16:31:34.073018-03:00"
"2026-01-21 15:00:00","18.9","18.1","75","0.0","0.0","3","100","14.7","archive","-23.558","-46.635","2026-09-20T16:31:34.073018-03:00"
"2026-01-21 16:00:00","18.2","17.5","76","0.0","0.0","3","100","13.4","archive","-23.558","-46.635","2026-09-20T16:31:34.073018-03:00"
"2026-01-21 17:00:00","18.1","17.3","76","0.0","0.0","3","100","13.2","archive","-23.558","-46.635","2026-09-20T16:31:34.073018-03:00"
"2026-01-21 18:00:00","17.7","16.8","76","0.0","0.0","2","66","13.8","archive","-23.558","-46.635","2026-09-20T16:31:34.073018-03:00"
"2026-01-21 19:00:00","17.2","16.9","81","0.0","0.0","3","86","10.3","archive","-23.558","-46.635","2026-09-20T16:31:34.073018-03:00"
"2026-01-21 20:00:00","16.8","16.8","85","0.0","0.0","3","100","9.3","archive","-23.558","-46.635","2026-09-20T16:31:34.073018-03:00"
"2026-01-21 21:00:00","16.9","16.8","80","0.0","0.0","1","28","8.0","archive","-23.558","-46.635","2026-09-20T16:31:34.073018-03:00"
"2026-01-21 22:00:00","16.8","16.8","81","0.0","0.0","1","28","8.1","archive","-23.558","-46.635","2026-09-20T16:31:34.073018-03:00"
"2026-01-21 23:00:00","16.7","16.7","83","0.0","0.0","2","66","8.2","archive","-23.558","-46.635","2026-09-20T16:31:34.073018-03:00"
"2026-01-22 00:00:00","16.7","16.7","84","0.0","0.0","3","98","8.4","archive","-23.558","-46.635","2026-09-20T16:31:34.073018-03:00"
"2026-01-22 01:00:00","16.4","16.5","87","0.0","0.0","3","100","8.6","archive","-23.558","-46.635","2026-09-20T16:31:34.073018-03:00"
"2026-01-22 02:00:00","16.3","16.6","88","0.0","0.0","0","19","7.7","archive","-23.558","-46.635","2026-09-20T16:31:34.073018-03:00"
"2026-01-22 03:00:00","16.3","16.7","88","0.0","0.0","1","20","7.2","archive","-23.558","-46.635","2026-09-20T16:31:34.073018-03:00"
"2026-01-22 04:00:00","16.2","16.5","88","0.0","0.0","0","14","7.0","archive","-23.558","-46.635","2026-09-20T16:31:34.073018-03:00"
"2026-01-22 05:00:00","15.9","16.3","89","0.0","0.0","1","31","6.3","archive","-23.558","-46.635","2026-09-20T16:31:34.073018-03:00"
"2026-01-22 06:00:00","16.0","16.5","89","0.0","0.0","2","69","5.6","archive","-23.558","-46.635","2026-09-20T16:31:34.073018-03:00"
"2026-01-22 07:00:00","17.0","17.7","87","0.0","0.0","3","88","6.3","archive","-23.558","-46.635","2026-09-20T16:31:34.073018-03:00"
"2026-01-22 08:00:00","18.6","18.7","81","0.0","0.0","2","52","10.7","archive","-23.558","-46.635","2026-09-20T16:31:34.073018-03:00"
"2026-01-22 09:00:00","19.3","19.7","79","0.1","0.1","51","100","10.1","archive","-23.558","-46.635","2026-09-20T16:31:34.073018-03:00"
"2026-01-22 10:00:00","20.5","21.0","74","0.1","0.1","51","80","10.3","archive","-23.558","-46.635","2026-09-20T16:31:34.073018-03:00"
"2026-01-22 11:00:00","20.6","21.0","73","0.2","0.2","51","100","10.2","archive","-23.558","-46.635","2026-09-20T16:31:34.073018-03:00"
"2026-01-22 12:00:00","20.3","21.4","79","0.4","0.4","51","100","8.3","archive","-23.558","-46.635","2026-09-20T16:31:34.073018-03:00"
"2026-01-22 13:00:00","21.2","22.2","75","0.3","0.3","51","100","8.4","archive","-23.558","-46.635","2026-09-20T16:31:34.073018-03:00"
"2026-01-22 14:00:00","18.8","19.2","86","3.8","3.8","63","100","12.0","archive","-23.558","-46.635","2026-09-20T16:31:34.073018-03:00"
"2026-01-22 15:00:00","19.3","19.3","83","0.2","0.2","51","100","14.3","archive","-23.558","-46.635","2026-09-20T16:31:34.073018-03:00"
"2026-01-22 16:00:00","18.8","18.6","85","0.5","0.5","53","100","16.2","archive","-23.558","-46.635","2026-09-20T16:31:34.073018-03:00"
"2026-01-22 17:00:00","18.1","18.3","87","0.4","0.4","51","100","11.9","archive","-23.558","-46.635","2026-09-20T16:31:34.073018-03:00"
"2026-01-22 18:00:00","17.6","18.0","88","0.2","0.2","51","100","10.2","archive","-23.558","-46.635","2026-09-20T16:31:34.073018-03:00"
"2026-01-22 19:00:00","17.1","17.3","90","0.4","0.4","51","98","10.5","archive","-23.558","-46.635","2026-09-20T16:31:34.073018-03:00"
"2026-01-22 20:00:00","16.8","17.3","91","0.5","0.5","53","100","9.0","archive","-23.558","-46.635","2026-09-20T16:31:34.073018-03:00"
"2026-01-22 21:00:00","17.1","18.0","86","0.1","0.1","51","100","4.4","archive","-23.558","-46.635","2026-09-20T16:31:34.073018-03:00"
"2026-01-22 22:00:00","17.0","17.9","87","0.1","0.1","51","100","4.7","archive","-23.558","-46.635","2026-09-20T16:31:34.073018-03:00"
"2026-01-22 23:00:00","16.9","17.7","89","0.1","0.1","51","23","6.2","archive","-23.558","-46.635","2026-09-20T16:31:34.073018-03:00"
"2026-01-23 00:00:00","16.6","17.4","91","0.0","0.0","1","20","6.0","archive","-23.558","-46.635","2026-09-20T16:31:34.073018-03:00"
"2026-01-23 01:00:00","16.5","17.5","92","0.0","0.0","1","47","5.5","archive","-23.558","-46.635","2026-09-20T16:31:34.073018-03:00"
"2026-01-23 02:00:00","16.6","17.6","94","0.0","0.0","3","100","6.0","archive","-23.558","-46.635","2026-09-20T16:31:34.073018-03:00"
"2026-01-23 03:00:00","16.9","18.1","94","0.0","0.0","3","100","5.1","archive","-23.558","-46.635","2026-09-20T16:31:34.073018-03:00"
"2026-01-23 04:00:00","17.2","18.3","94","0.0","0.0","3","100","6.2","archive","-23.558","-46.635","2026-09-20T16:31:34.073018-03:00"
"2026-01-23 05:00:00","17.2","18.5","94","0.0","0.0","3","100","6.1","archive","-23.558","-46.635","2026-09-20T16:31:34.073018-03:00"
"2026-01-23 06:00:00","17.3","18.5","94","0.0","0.0","3","100","5.9","archive","-23.558","-46.635","2026-09-20T16:31:34.073018-03:00"
"2026-01-23 07:00:00","17.8","18.7","92","0.1","0.1","51","100","8.7","archive","-23.558","-46.635","2026-09-20T16:31:34.073018-03:00"
"2026-01-23 08:00:00","18.2","19.2","91","0.1","0.1","51","99","9.0","archive","-23.558","-46.635","2026-09-20T16:31:34.073018-03:00"
"2026-01-23 09:00:00","20.3","21.4","80","0.2","0.2","51","81","8.3","archive","-23.558","-46.635","2026-09-20T16:31:34.073018-03:00"
"2026-01-23 10:00:00","21.3","22.2","76","0.6","0.6","53","55","10.7","archive","-23.558","-46.635","2026-09-20T16:31:34.073018-03:00"
"2026-01-23 11:00:00","21.6","23.6","78","0.2","0.2","51","76","11.1","archive","-23.558","-46.635","2026-09-20T16:31:34.073018-03:00"
"2026-01-23 12:00:00","22.8","25.0","72","0.1","0.1","51","94","10.8","archive","-23.558","-46.635","2026-09-20T16:31:34.073018-03:00"
"2026-01-23 13:00:00","21.8","22.3","74","0.1","0.1","51","57","12.7","archive","-23.558","-46.635","2026-09-20T16:31:34.073018-03:00"
"2026-01-23 14:00:00","22.7","25.0","75","0.2","0.2","51","75","10.8","archive","-23.558","-46.635","2026-09-20T16:31:34.073018-03:00"
"2026-01-23 15:00:00","23.6","24.8","68","0.1","0.1","51","31","12.5","archive","-23.558","-46.635","2026-09-20T16:31:34.073018-03:00"
"2026-01-23 16:00:00","22.2","22.8","73","0.7","0.7","53","54","13.7","archive","-23.558","-46.635","2026-09-20T16:31:34.073018-03:00"
"2026-01-23 17:00:00","21.5","22.0","77","0.1","0.1","51","47","13.9","archive","-23.558","-46.635","2026-09-20T16:31:34.073018-03:00"
"2026-01-23 18:00:00","20.6","21.4","81","0.0","0.0","1","38","11.8","archive","-23.558","-46.635","2026-09-20T16:31:34.073018-03:00"
"2026-01-23 19:00:00","19.5","20.7","88","0.0","0.0","1","31","9.5","archive","-23.558","-46.635","2026-09-20T16:31:34.073018-03:00"
"2026-01-23 20:00:00","18.8","20.1","91","0.0","0.0","3","100","8.6","archive","-23.558","-46.635","2026-09-20T16:31:34.073018-03:00"
"2026-01-23 21:00:00","18.7","20.0","93","0.0","0.0","2","55","8.9","archive","-23.558","-46.635","2026-09-20T16:31:34.073018-03:00"
"2026-01-23 22:00:00","18.5","19.9","94","0.1","0.1","51","84","8.5","archive","-23.558","-46.635","2026-09-20T16:31:34.073018-03:00"
"2026-01-23 23:00:00","18.5","19.8","93","0.0","0.0","2","52","8.7","archive","-23.558","-46.635","2026-09-20T16:31:34.073018-03:00"
"2026-01-24 00:00:00","18.3","19.7","94","0.1","0.1","51","100","8.3","archive","-23.558","-46.635","2026-09-20T16:31:34.073018-03:00"
"2026-01-24 01:00:00","18.3","19.8","95","0.1","0.1","51","96","7.5","archive","-23.558","-46.635","2026-09-20T16:31:34.073018-03:00"
"2026-01-24 02:00:00","18.1","19.5","94","0.0","0.0","2","53","7.5","archive","-23.558","-46.635","2026-09-20T16:31:34.073018-03:00"
"2026-01-24 03:00:00","18.0","19.6","95","0.0","0.0","3","100","6.4","archive","-23.558","-46.635","2026-09-20T16:31:34.073018-03:00"
"2026-01-24 04:00:00","18.0","19.6","96","0.0","0.0","3","98","6.5","archive","-23.558","-46.635","2026-09-20T16:31:34.073018-03:00"
"2026-01-24 05:00:00","17.9","19.8","96","0.0","0.0","3","99","4.7","archive","-23.558","-46.635","2026-09-20T16:31:34.073018-03:00"
"2026-01-24 06:00:00","17.9","19.8","97","0.0","0.0","3","98","4.8","archive","-23.558","-46.635","2026-09-20T16:31:34.073018-03:00"
"2026-01-24 07:00:00","18.6","19.9","92","0.0","0.0","3","95","8.4","archive","-23.558","-46.635","2026-09-20T16:31:34.073018-03:00"
"2026-01-24 08:00:00","20.0","21.0","82","0.0","0.0","3","100","9.7","archive","-23.558","-46.635","2026-09-20T16:31:34.073018-03:00"
"2026-01-24 09:00:00","21.5","22.1","73","0.1","0.1","51","95","10.8","archive","-23.558","-46.635","2026-09-20T16:31:34.073018-03:00"
"2026-01-24 10:00:00","22.5","23.3","69","0.1","0.1","51","97","9.6","archive","-23.558","-46.635","2026-09-20T16:31:34.073018-03:00"
"2026-01-24 11:00:00","23.5","25.5","65","0.2","0.2","51","55","9.2","archive","-23.558","-46.635","2026-09-20T16:31:34.073018-03:00"
"2026-01-24 12:00:00","24.1","26.7","63","0.3","0.3","51","67","9.9","archive","-23.558","-46.635","2026-09-20T16:31:34.073018-03:00"
"2026-01-24 13:00:00","23.2","25.2","68","0.2","0.2","51","94","11.0","archive","-23.558","-46.635","2026-09-20T16:31:34.073018-03:00"
"2026-01-24 14:00:00","23.1","25.9","74","0.3","0.3","51","99","10.6","archive","-23.558","-46.635","2026-09-20T16:31:34.073018-03:00"
"2026-01-24 15:00:00","22.9","24.5","77","0.7","0.7","53","60","10.7","archive","-23.558","-46.635","2026-09-20T16:31:34.073018-03:00"
"2026-01-24 16:00:00","22.1","23.1","76","0.4","0.4","51","95","11.6","archive","-23.558","-46.635","2026-09-20T16:31:34.073018-03:00"
"2026-01-24 17:00:00","21.9","22.8","80","0.2","0.2","51","33","13.8","archive","-23.558","-46.635","2026-09-20T16:31:34.073018-03:00"
"2026-01-24 18:00:00","21.1","21.8","82","0.2","0.2","51","77","14.2","archive","-23.558","-46.635","2026-09-20T16:31:34.073018-03:00"
"2026-01-24 19:00:00","19.9","21.2","89","0.0","0.0","2","64","11.1","archive","-23.558","-46.635","2026-09-20T16:31:34.073018-03:00"
"2026-01-24 20:00:00","19.4","20.9","92","0.0","0.0","2","67","10.0","archive","-23.558","-46.635","2026-09-20T16:31:34.073018-03:00"
"2026-01-24 21:00:00","19.6","21.7","95","0.0","0.0","3","100","7.6","archive","-23.558","-46.635","2026-09-20T16:31:34.073018-03:00"
"2026-01-24 22:00:00","19.5","22.0","95","0.1","0.1","51","100","5.1","archive","-23.558","-46.635","2026-09-20T16:31:34.073018-03:00"
"2026-01-24 23:00:00","19.5","21.8","95","0.0","0.0","3","100","6.0","archive","-23.558","-46.635","2026-09-20T16:31:34.073018-03:00"
"2026-01-25 00:00:00","19.5","21.9","95","0.1","0.1","51","100","5.2","archive","-23.558","-46.635","2026-09-20T16:31:34.073018-03:00"
"2026-01-25 01:00:00","19.4","21.8","95","0.1","0.1","51","100","5.1","archive","-23.558","-46.635","2026-09-20T16:31:34.073018-03:00"
"2026-01-25 02:00:00","19.2","21.3","95","0.1","0.1","51","98","7.1","archive","-23.558","-46.635","2026-09-20T16:31:34.073018-03:00"
"2026-01-25 03:00:00","19.0","21.2","95","0.0","0.0","1","43","5.8","archive","-23.558","-46.635","2026-09-20T16:31:34.073018-03:00"
"2026-01-25 04:00:00","18.7","20.8","95","0.0","0.0","3","85","5.7","archive","-23.558","-46.635","2026-09-20T16:31:34.073018-03:00"
"2026-01-25 05:00:00","18.4","20.4","96","0.0","0.0","3","80","5.4","archive","-23.558","-46.635","2026-09-20T16:31:34.073018-03:00"
"2026-01-25 06:00:00","18.3","20.3","96","0.0","0.0","2","66","4.5","archive","-23.558","-46.635","2026-09-20T16:31:34.073018-03:00"
"2026-01-25 07:00:00","18.9","20.8","92","0.0","0.0","3","100","5.6","archive","-23.558","-46.635","2026-09-20T16:31:34.073018-03:00"
"2026-01-25 08:00:00","20.3","22.1","84","0.0","0.0","3","100","6.0","archive","-23.558","-46.635","2026-09-20T16:31:34.073018-03:00"
"2026-01-25 09:00:00","21.8","23.7","79","0.1","0.1","51","100","6.3","archive","-23.558","-46.635","2026-09-20T16:31:34.073018-03:00"
"2026-01-25 10:00:00","23.2","25.3","72","0.1","0.1","51","39","4.7","archive","-23.558","-46.635","2026-09-20T16:31:34.073018-03:00"
"2026-01-25 11:00:00","24.3","27.8","71","0.1","0.1","51","41","4.3","archive","-23.558","-46.635","2026-09-20T16:31:34.073018-03:00"
"2026-01-25 12:00:00","26.0","30.0","63","0.2","0.2","51","100","2.8","archive","-23.558","-46.635","2026-09-20T16:31:34.073018-03:00"
"2026-01-25 13:00:00","21.9","24.2","80","6.2","6.2","63","70","4.5","archive","-23.558","-46.635","2026-09-20T16:31:34.073018-03:00"
"2026-01-25 14:00:00","24.3","28.8","72","0.1","0.1","51","31","4.4","archive","-23.558","-46.635","2026-09-20T16:31:34.073018-03:00"
"2026-01-25 15:00:00","25.2","28.9","69","0.0","0.0","2","61","9.0","archive","-23.558","-46.635","2026-09-20T16:31:34.073018-03:00"
"2026-01-25 16:00:00","23.1","24.5","71","0.8","0.8","53","81","9.6","archive","-23.558","-46.635","2026-09-20T16:31:34.073018-03:00"
"2026-01-25 17:00:00","21.8","23.5","79","1.9","1.9","61","100","8.2","archive","-23.558","-46.635","2026-09-20T16:31:34.073018-03:00"
"2026-01-25 18:00:00","21.3","22.9","85","0.4","0.4","51","68","10.4","archive","-23.558","-46.635","2026-09-20T16:31:34.073018-03:00"
"2026-01-25 19:00:00","20.6","22.3","88","0.1","0.1","51","63","9.6","archive","-23.558","-46.635","2026-09-20T16:31:34.073018-03:00"
"2026-01-25 20:00:00","20.2","22.3","91","0.0","0.0","2","55","7.4","archive","-23.558","-46.635","2026-09-20T16:31:34.073018-03:00"
"2026-01-25 21:00:00","19.5","21.4","93","0.0","0.0","1","49","7.6","archive","-23.558","-46.635","2026-09-20T16:31:34.073018-03:00"
"2026-01-25 22:00:00","19.1","21.2","95","0.0","0.0","1","46","6.9","archive","-23.558","-46.635","2026-09-20T16:31:34.073018-03:00"
"2026-01-25 23:00:00","19.2","21.3","95","0.0","0.0","1","27","6.2","archive","-23.558","-46.635","2026-09-20T16:31:34.073018-03:00"
"2026-01-26 00:00:00","18.9","21.1","95","0.0","0.0","0","7","4.8","archive","-23.558","-46.635","2026-09-20T16:31:34.073018-03:00"
"2026-01-26 01:00:00","18.6","20.7","95","0.0","0.0","0","5","4.6","archive","-23.558","-46.635","2026-09-20T16:31:34.073018-03:00"
"2026-01-26 02:00:00","18.2","20.3","96","0.0","0.0","0","8","4.2","archive","-23.558","-46.635","2026-09-20T16:31:34.073018-03:00"
"2026-01-26 03:00:00","17.7","19.9","97","0.0","0.0","0","10","2.1","archive","-23.558","-46.635","2026-09-20T16:31:34.073018-03:00"
"2026-01-26 04:00:00","16.8","18.4","97","0.0","0.0","0","5","3.8","archive","-23.558","-46.635","2026-09-20T16:31:34.073018-03:00"
"2026-01-26 05:00:00","16.9","18.4","97","0.0","0.0","2","57","4.5","archive","-23.558","-46.635","2026-09-20T16:31:34.073018-03:00"
"2026-01-26 06:00:00","17.1","18.9","98","0.0","0.0","3","100","4.1","archive","-23.558","-46.635","2026-09-20T16:31:34.073018-03:00"
"2026-01-26 07:00:00","17.8","19.6","97","0.0","0.0","3","100","5.7","archive","-23.558","-46.635","2026-09-20T16:31:34.073018-03:00"
"2026-01-26 08:00:00","19.7","21.9","89","0.0","0.0","2","53","3.9","archive","-23.558","-46.635","2026-09-20T16:31:34.073018-03:00"
"2026-01-26 09:00:00","21.5","24.0","83","0.0","0.0","1","36","4.2","archive","-23.558","-46.635","2026-09-20T16:31:34.073018-03:00"
"2026-01-26 10:00:00","23.5","27.7","76","0.0","0.0","1","29","4.6","archive","-23.558","-46.635","2026-09-20T16:31:34.073018-03:00"
"2026-01-26 11:00:00","25.0","30.3","70","0.0","0.0","3","98","2.7","archive","-23.558","-46.635","2026-09-20T16:31:34.073018-03:00"
"2026-01-26 12:00:00","25.7","29.5","66","0.0","0.0","3","100","2.3","archive","-23.558","-46.635","2026-09-20T16:31:34.073018-03:00"
"2026-01-26 13:00:00","24.6","27.6","71","0.1","0.1","51","68","2.7","archive","-23.558","-46.635","2026-09-20T16:31:34.073018-03:00"
"2026-01-26 14:00:00","24.5","26.7","71","0.3","0.3","51","57","6.9","archive","-23.558","-46.635","2026-09-20T16:31:34.073018-03:00"
"2026-01-26 15:00:00","25.4","28.5","65","0.3","0.3","51","41","5.8","archive","-23.558","-46.635","2026-09-20T16:31:34.073018-03:00"
"2026-01-26 16:00:00","25.4","26.8","63","0.3","0.3","51","63","9.6","archive","-23.558","-46.635","2026-09-20T16:31:34.073018-03:00"
"2026-01-26 17:00:00","23.6","25.5","77","0.2","0.2","51","52","10.6","archive","-23.558","-46.635","2026-09-20T16:31:34.073018-03:00"
"2026-01-26 18:00:00","22.4","24.2","80","2.5","2.5","63","96","9.7","archive","-23.558","-46.635","2026-09-20T16:31:34.073018-03:00"
"2026-01-26 19:00:00","21.5","23.7","85","0.3","0.3","51","94","7.9","archive","-23.558","-46.635","2026-09-20T16:31:34.073018-03:00"
"2026-01-26 20:00:00","21.3","23.9","90","0.0","0.0","1","44","6.8","archive","-23.558","-46.635","2026-09-20T16:31:34.073018-03:00"
"2026-01-26 21:00:00","19.9","21.7","90","0.0","0.0","3","99","7.6","archive","-23.558","-46.635","2026-09-20T16:31:34.073018-03:00"
"2026-01-26 22:00:00","20.1","22.3","91","0.3","0.3","51","24","6.3","archive","-23.558","-46.635","2026-09-20T16:31:34.073018-03:00"
"2026-01-26 23:00:00","19.6","22.3","95","0.0","0.0","1","33","4.2","archive","-23.558","-46.635","2026-09-20T16:31:34.073018-03:00"
"2026-01-27 00:00:00","19.0","22.0","97","0.0","0.0","0","16","0.6","archive","-23.558","-46.635","2026-09-20T16:31:34.073018-03:00"
"2026-01-27 01:00:00","18.8","21.7","98","0.0","0.0","0","10","0.5","archive","-23.558","-46.635","2026-09-20T16:31:34.073018-03:00"
"2026-01-27 02:00:00","18.4","21.2","98","0.0","0.0","0","7","1.3","archive","-23.558","-46.635","2026-09-20T16:31:34.073018-03:00"
"2026-01-27 03:00:00","18.9","21.7","99","0.0","0.0","3","98","2.4","archive","-23.558","-46.635","2026-09-20T16:31:34.073018-03:00"
"2026-01-27 04:00:00","18.2","20.7","100","0.0","0.0","3","100","3.1","archive","-23.558","-46.635","2026-09-20T16:31:34.073018-03:00"
"2026-01-27 05:00:00","18.6","21.2","99","0.0","0.0","3","100","3.8","archive","-23.558","-46.635","2026-09-20T16:31:34.073018-03:00"
"2026-01-27 06:00:00","18.6","20.6","99","0.0","0.0","3","100","7.0","archive","-23.558","-46.635","2026-09-20T16:31:34.073018-03:00"
"2026-01-27 07:00:00","19.2","21.5","95","0.0","0.0","3","100","4.7","archive","-23.558","-46.635","2026-09-20T16:31:34.073018-03:00"
"2026-01-27 08:00:00","19.9","22.1","90","0.0","0.0","3","100","5.2","archive","-23.558","-46.635","2026-09-20T16:31:34.073018-03:00"
"2026-01-27 09:00:00","21.6","23.8","81","0.0","0.0","2","63","5.5","archive","-23.558","-46.635","2026-09-20T16:31:34.073018-03:00"
"2026-01-27 10:00:00","23.4","27.3","75","0.0","0.0","0","2","3.5","archive","-23.558","-46.635","2026-09-20T16:31:34.073018-03:00"
"2026-01-27 11:00:00","25.3","31.2","70","0.0","0.0","0","9","1.8","archive","-23.558","-46.635","2026-09-20T16:31:34.073018-03:00"
"2026-01-27 12:00:00","26.6","33.5","68","0.0","0.0","0","19","1.7","archive","-23.558","-46.635","2026-09-20T16:31:34.073018-03:00"
"2026-01-27 13:00:00","27.4","33.4","62","0.0","0.0","1","27","4.0","archive","-23.558","-46.635","2026-09-20T16:31:34.073018-03:00"
"2026-01-27 14:00:00","28.8","33.8","53","0.0","0.0","1","49","1.0","archive","-23.558","-46.635","2026-09-20T16:31:34.073018-03:00"
"2026-01-27 15:00:00","24.3","26.4","70","3.2","3.2","63","80","12.2","archive","-23.558","-46.635","2026-09-20T16:31:34.073018-03:00"
"2026-01-27 16:00:00","25.1","27.2","68","0.1","0.1","51","77","8.4","archive","-23.558","-46.635","2026-09-20T16:31:34.073018-03:00"
"2026-01-27 17:00:00","23.7","25.6","75","0.6","0.6","53","58","10.4","archive","-23.558","-46.635","2026-09-20T16:31:34.073018-03:00"
"2026-01-27 18:00:00","23.1","25.4","81","0.0","0.0","2","66","9.1","archive","-23.558","-46.635","2026-09-20T16:31:34.073018-03:00"
"2026-01-27 19:00:00","22.5","25.1","84","0.0","0.0","3","97","7.2","archive","-23.558","-46.635","2026-09-20T16:31:34.073018-03:00"
"2026-01-27 20:00:00","22.3","25.2","84","0.0","0.0","3","97","4.7","archive","-23.558","-46.635","2026-09-20T16:31:34.073018-03:00"
"2026-01-27 21:00:00","21.5","24.8","91","0.0","0.0","0","5","4.0","archive","-23.558","-46.635","2026-09-20T16:31:34.073018-03:00"
"2026-01-27 22:00:00","21.2","24.4","92","0.0","0.0","0","13","4.4","archive","-23.558","-46.635","2026-09-20T16:31:34.073018-03:00"
"2026-01-27 23:00:00","20.9","24.1","94","0.0","0.0","0","2","3.5","archive","-23.558","-46.635","2026-09-20T16:31:34.073018-03:00"
"2026-01-28 00:00:00","20.5","23.7","95","0.0","0.0","0","1","2.8","archive","-23.558","-46.635","2026-09-20T16:31:34.073018-03:00"
"2026-01-28 01:00:00","20.0","23.1","96","0.0","0.0","0","3","2.4","archive","-23.558","-46.635","2026-09-20T16:31:34.073018-03:00"
"2026-01-28 02:00:00","19.5","22.8","98","0.0","0.0","0","0","0.9","archive","-23.558","-46.635","2026-09-20T16:31:34.073018-03:00"
"2026-01-28 03:00:00","19.0","22.2","100","0.0","0.0","3","98","0.9","archive","-23.558","-46.635","2026-09-20T16:31:34.073018-03:00"
"2026-01-28 04:00:00","19.0","21.9","99","0.0","0.0","3","100","2.8","archive","-23.558","-46.635","2026-09-20T16:31:34.073018-03:00"
"2026-01-28 05:00:00","18.8","21.5","99","0.0","0.0","3","100","3.5","archive","-23.558","-46.635","2026-09-20T16:31:34.073018-03:00"
"2026-01-28 06:00:00","18.6","20.8","97","0.0","0.0","3","100","4.8","archive","-23.558","-46.635","2026-09-20T16:31:34.073018-03:00"
"2026-01-28 07:00:00","19.2","21.7","96","0.0","0.0","1","41","4.0","archive","-23.558","-46.635","2026-09-20T16:31:34.073018-03:00"
"2026-01-28 08:00:00","21.5","24.5","86","0.0","0.0","0","1","2.5","archive","-23.558","-46.635","2026-09-20T16:31:34.073018-03:00"
"2026-01-28 09:00:00","24.0","26.6","73","0.1","0.1","51","3","6.4","archive","-23.558","-46.635","2026-09-20T16:31:34.073018-03:00"
"2026-01-28 10:00:00","25.7","29.5","67","0.1","0.1","51","21","7.5","archive","-23.558","-46.635","2026-09-20T16:31:34.073018-03:00"
"2026-01-28 11:00:00","26.6","31.3","65","0.1","0.1","51","27","7.1","archive","-23.558","-46.635","2026-09-20T16:31:34.073018-03:00"
"2026-01-28 12:00:00","27.6","32.6","57","0.1","0.1","51","87","4.5","archive","-23.558","-46.635","2026-09-20T16:31:34.073018-03:00"
"2026-01-28 13:00:00","27.1","28.9","55","0.0","0.0","1","38","5.1","archive","-23.558","-46.635","2026-09-20T16:31:34.073018-03:00"
"2026-01-28 14:00:00","24.6","28.1","69","0.4","0.4","51","64","3.9","archive","-23.558","-46.635","2026-09-20T16:31:34.073018-03:00"
"2026-01-28 15:00:00","24.8","26.9","62","0.9","0.9","53","58","2.3","archive","-23.558","-46.635","2026-09-20T16:31:34.073018-03:00"
"2026-01-28 16:00:00","26.1","28.7","60","0.0","0.0","0","19","1.5","archive","-23.558","-46.635","2026-09-20T16:31:34.073018-03:00"
"2026-01-28 17:00:00","26.2","28.3","60","0.0","0.0","1","41","4.3","archive","-23.558","-46.635","2026-09-20T16:31:34.073018-03:00"
"2026-01-28 18:00:00","23.6","26.2","74","3.9","3.9","63","34","4.2","archive","-23.558","-46.635","2026-09-20T16:31:34.073018-03:00"
"2026-01-28 19:00:00","23.3","25.9","77","0.1","0.1","51","5","5.5","archive","-23.558","-46.635","2026-09-20T16:31:34.073018-03:00"
"2026-01-28 20:00:00","22.9","25.5","78","0.0","0.0","1","38","4.9","archive","-23.558","-46.635","2026-09-20T16:31:34.073018-03:00"
"2026-01-28 21:00:00","21.1","22.6","85","0.0","0.0","2","70","11.1","archive","-23.558","-46.635","2026-09-20T16:31:34.073018-03:00"
"2026-01-28 22:00:00","19.8","20.8","90","1.8","1.8","61","97","12.6","archive","-23.558","-46.635","2026-09-20T16:31:34.073018-03:00"
"2026-01-28 23:00:00","19.8","22.2","90","0.0","0.0","3","100","3.2","archive","-23.558","-46.635","2026-09-20T16:31:34.073018-03:00"
"2026-01-29 00:00:00","19.4","21.9","92","0.0","0.0","1","40","2.8","archive","-23.558","-46.635","2026-09-20T16:31:34.073018-03:00"
"2026-01-29 01:00:00","19.0","21.4","92","0.0","0.0","0","2","1.7","archive","-23.558","-46.635","2026-09-20T16:31:34.073018-03:00"
"2026-01-29 02:00:00","18.4","20.5","94","0.0","0.0","3","91","3.9","archive","-23.558","-46.635","2026-09-20T16:31:34.073018-03:00"
"2026-01-29 03:00:00","18.7","20.9","94","0.0","0.0","3","96","3.4","archive","-23.558","-46.635","2026-09-20T16:31:34.073018-03:00"
"2026-01-29 04:00:00","18.0","20.0","94","0.0","0.0","3","98","3.7","archive","-23.558","-46.635","2026-09-20T16:31:34.073018-03:00"
"2026-01-29 05:00:00","17.7","19.6","95","0.0","0.0","3","100","3.7","archive","-23.558","-46.635","2026-09-20T16:31:34.073018-03:00"
"2026-01-29 06:00:00","17.9","19.8","95","0.0","0.0","3","100","4.2","archive","-23.558","-46.635","2026-09-20T16:31:34.073018-03:00"
"2026-01-29 07:00:00","19.3","21.3","92","0.0","0.0","2","78","5.6","archive","-23.558","-46.635","2026-09-20T16:31:34.073018-03:00"
"2026-01-29 08:00:00","21.1","23.6","88","0.0","0.0","3","100","5.7","archive","-23.558","-46.635","2026-09-20T16:31:34.073018-03:00"
"2026-01-29 09:00:00","23.4","25.8","75","0.0","0.0","3","100","5.8","archive","-23.558","-46.635","2026-09-20T16:31:34.073018-03:00"
"2026-01-29 10:00:00","25.1","28.2","70","0.0","0.0","3","100","8.4","archive","-23.558","-46.635","2026-09-20T16:31:34.073018-03:00"
"2026-01-29 11:00:00","26.1","30.0","67","0.1","0.1","51","98","10.0","archive","-23.558","-46.635","2026-09-20T16:31:34.073018-03:00"
"2026-01-29 12:00:00","27.5","31.4","59","0.1","0.1","51","95","8.0","archive","-23.558","-46.635","2026-09-20T16:31:34.073018-03:00"
"2026-01-29 13:00:00","23.2","25.4","78","2.6","2.6","63","99","8.6","archive","-23.558","-46.635","2026-09-20T16:31:34.073018-03:00"
"2026-01-29 14:00:00","24.6","27.1","71","0.0","0.0","3","99","5.4","archive","-23.558","-46.635","2026-09-20T16:31:34.073018-03:00"
"2026-01-29 15:00:00","26.7","31.3","63","0.0","0.0","2","62","5.6","archive","-23.558","-46.635","2026-09-20T16:31:34.073018-03:00"
"2026-01-29 16:00:00","26.7","29.6","63","0.1","0.1","51","100","5.3","archive","-23.558","-46.635","2026-09-20T16:31:34.073018-03:00"
"2026-01-29 17:00:00","21.7","24.3","85","11.5","11.5","65","100","5.4","archive","-23.558","-46.635","2026-09-20T16:31:34.073018-03:00"
"2026-01-29 18:00:00","21.7","24.3","85","0.6","0.6","53","100","5.9","archive","-23.558","-46.635","2026-09-20T16:31:34.073018-03:00"
"2026-01-29 19:00:00","21.4","24.3","87","0.1","0.1","51","100","3.3","archive","-23.558","-46.635","2026-09-20T16:31:34.073018-03:00"
"2026-01-29 20:00:00","21.4","24.2","88","0.0","0.0","3","100","4.5","archive","-23.558","-46.635","2026-09-20T16:31:34.073018-03:00"
"2026-01-29 21:00:00","22.5","25.6","81","0.2","0.2","51","100","1.6","archive","-23.558","-46.635","2026-09-20T16:31:34.073018-03:00"
"2026-01-29 22:00:00","21.2","22.5","82","1.6","1.6","61","100","10.6","archive","-23.558","-46.635","2026-09-20T16:31:34.073018-03:00"
"2026-01-29 23:00:00","20.5","22.9","92","3.1","3.1","63","100","6.5","archive","-23.558","-46.635","2026-09-20T16:31:34.073018-03:00"
"2026-01-30 00:00:00","20.4","23.1","93","2.7","2.7","63","100","5.7","archive","-23.558","-46.635","2026-09-20T16:31:34.073018-03:00"
"2026-01-30 01:00:00","20.0","22.6","94","1.7","1.7","61","100","5.1","archive","-23.558","-46.635","2026-09-20T16:31:34.073018-03:00"
"2026-01-30 02:00:00","19.8","22.4","94","2.4","2.4","61","100","4.1","archive","-23.558","-46.635","2026-09-20T16:31:34.073018-03:00"
"2026-01-30 03:00:00","19.2","20.9","95","0.8","0.8","53","100","9.1","archive","-23.558","-46.635","2026-09-20T16:31:34.073018-03:00"
"2026-01-30 04:00:00","18.8","20.3","95","0.3","0.3","51","100","8.6","archive","-23.558","-46.635","2026-09-20T16:31:34.073018-03:00"
"2026-01-30 05:00:00","18.5","19.6","94","0.0","0.0","3","100","10.9","archive","-23.558","-46.635","2026-09-20T16:31:34.073018-03:00"
"2026-01-30 06:00:00","18.5","19.6","92","0.0","0.0","3","100","9.7","archive","-23.558","-46.635","2026-09-20T16:31:34.073018-03:00"
"2026-01-30 07:00:00","19.4","21.1","89","0.0","0.0","3","100","6.6","archive","-23.558","-46.635","2026-09-20T16:31:34.073018-03:00"
"2026-01-30 08:00:00","20.5","22.4","85","0.0","0.0","3","100","6.4","archive","-23.558","-46.635","2026-09-20T16:31:34.073018-03:00"
"2026-01-30 09:00:00","21.5","22.6","79","0.0","0.0","3","100","11.2","archive","-23.558","-46.635","2026-09-20T16:31:34.073018-03:00"
"2026-01-30 10:00:00","21.9","22.7","77","0.3","0.3","51","100","13.1","archive","-23.558","-46.635","2026-09-20T16:31:34.073018-03:00"
"2026-01-30 11:00:00","22.2","23.3","78","0.5","0.5","53","100","12.5","archive","-23.558","-46.635","2026-09-20T16:31:34.073018-03:00"
"2026-01-30 12:00:00","23.1","25.4","76","0.2","0.2","51","100","10.5","archive","-23.558","-46.635","2026-09-20T16:31:34.073018-03:00"
"2026-01-30 13:00:00","22.8","24.4","78","0.2","0.2","51","100","10.7","archive","-23.558","-46.635","2026-09-20T16:31:34.073018-03:00"
"2026-01-30 14:00:00","22.6","24.7","79","0.4","0.4","51","68","8.7","archive","-23.558","-46.635","2026-09-20T16:31:34.073018-03:00"
"2026-01-30 15:00:00","25.0","27.1","67","0.1","0.1","51","44","8.1","archive","-23.558","-46.635","2026-09-20T16:31:34.073018-03:00"
"2026-01-30 16:00:00","25.6","28.8","65","0.1","0.1","51","88","7.1","archive","-23.558","-46.635","2026-09-20T16:31:34.073018-03:00"
"2026-01-30 17:00:00","21.9","23.5","76","5.2","5.2","63","75","7.8","archive","-23.558","-46.635","2026-09-20T16:31:34.073018-03:00"
"2026-01-30 18:00:00","21.4","23.2","79","0.4","0.4","51","100","5.8","archive","-23.558","-46.635","2026-09-20T16:31:34.073018-03:00"
"2026-01-30 19:00:00","20.8","22.6","81","0.1","0.1","51","99","6.1","archive","-23.558","-46.635","2026-09-20T16:31:34.073018-03:00"
"2026-01-30 20:00:00","20.2","21.9","86","0.0","0.0","2","63","7.2","archive","-23.558","-46.635","2026-09-20T16:31:34.073018-03:00"
"2026-01-30 21:00:00","19.8","22.1","89","0.0","0.0","3","97","4.3","archive","-23.558","-46.635","2026-09-20T16:31:34.073018-03:00"
"2026-01-30 22:00:00","19.7","21.6","88","0.0","0.0","3","80","5.4","archive","-23.558","-46.635","2026-09-20T16:31:34.073018-03:00"
"2026-01-30 23:00:00","19.0","20.8","93","0.4","0.4","51","55","6.9","archive","-23.558","-46.635","2026-09-20T16:31:34.073018-03:00"
"2026-01-31 00:00:00","18.6","20.4","96","0.1","0.1","51","100","6.6","archive","-23.558","-46.635","2026-09-20T16:31:34.073018-03:00"
"2026-01-31 01:00:00","18.3","20.3","97","0.0","0.0","3","98","5.0","archive","-23.558","-46.635","2026-09-20T16:31:34.073018-03:00"
"2026-01-31 02:00:00","18.7","20.5","96","0.0","0.0","3","100","7.6","archive","-23.558","-46.635","2026-09-20T16:31:34.073018-03:00"
"2026-01-31 03:00:00","18.7","20.3","95","0.0","0.0","1","30","9.1","archive","-23.558","-46.635","2026-09-20T16:31:34.073018-03:00"
"2026-01-31 04:00:00","18.4","19.9","96","0.0","0.0","1","40","9.1","archive","-23.558","-46.635","2026-09-20T16:31:34.073018-03:00"
"2026-01-31 05:00:00","18.7","20.0","95","0.0","0.0","3","100","9.8","archive","-23.558","-46.635","2026-09-20T16:31:34.073018-03:00"
"2026-01-31 06:00:00","18.9","20.4","94","0.0","0.0","3","89","9.1","archive","-23.558","-46.635","2026-09-20T16:31:34.073018-03:00"
"2026-01-31 07:00:00","19.3","20.3","92","0.0","0.0","1","36","12.8","archive","-23.558","-46.635","2026-09-20T16:31:34.073018-03:00"
"2026-01-31 08:00:00","20.9","21.4","83","0.1","0.1","51","70","15.4","archive","-23.558","-46.635","2026-09-20T16:31:34.073018-03:00"
"2026-01-31 09:00:00","21.6","22.5","79","0.1","0.1","51","91","13.3","archive","-23.558","-46.635","2026-09-20T16:31:34.073018-03:00"
"2026-01-31 10:00:00","22.0","22.9","79","0.8","0.8","53","76","14.0","archive","-23.558","-46.635","2026-09-20T16:31:34.073018-03:00"
"2026-01-31 11:00:00","23.5","25.7","75","0.1","0.1","51","99","15.3","archive","-23.558","-46.635","2026-09-20T16:31:34.073018-03:00"
"2026-01-31 12:00:00","24.1","26.4","73","0.4","0.4","51","74","15.6","archive","-23.558","-46.635","2026-09-20T16:31:34.073018-03:00"
"2026-01-31 13:00:00","25.2","28.4","69","0.3","0.3","51","61","14.6","archive","-23.558","-46.635","2026-09-20T16:31:34.073018-03:00"
"2026-01-31 14:00:00","25.8","29.2","66","0.1","0.1","51","28","13.8","archive","-23.558","-46.635","2026-09-20T16:31:34.073018-03:00"
"2026-01-31 15:00:00","26.6","28.6","58","0.3","0.3","51","27","11.9","archive","-23.558","-46.635","2026-09-20T16:31:34.073018-03:00"
"2026-01-31 16:00:00","26.8","28.5","56","0.0","0.0","0","19","10.9","archive","-23.558","-46.635","2026-09-20T16:31:34.073018-03:00"
"2026-01-31 17:00:00","26.1","27.3","59","0.0","0.0","0","9","10.6","archive","-23.558","-46.635","2026-09-20T16:31:34.073018-03:00"
"2026-01-31 18:00:00","25.5","27.2","63","0.0","0.0","1","24","7.8","archive","-23.558","-46.635","2026-09-20T16:31:34.073018-03:00"
"2026-01-31 19:00:00","24.5","26.8","69","0.0","0.0","0","12","5.8","archive","-23.558","-46.635","2026-09-20T16:31:34.073018-03:00"
"2026-01-31 20:00:00","23.7","26.3","74","0.0","0.0","0","7","4.5","archive","-23.558","-46.635","2026-09-20T16:31:34.073018-03:00"
"2026-01-31 21:00:00","23.6","25.6","76","0.0","0.0","0","12","9.4","archive","-23.558","-46.635","2026-09-20T16:31:34.073018-03:00"
"2026-01-31 22:00:00","23.4","25.6","76","0.1","0.1","51","14","7.7","archive","-23.558","-46.635","2026-09-20T16:31:34.073018-03:00"
"2026-01-31 23:00:00","23.2","25.1","76","0.0","0.0","1","30","9.2","archive","-23.558","-46.635","2026-09-20T16:31:34.073018-03:00"
"2026-02-01 00:00:00","22.8","23.9","76","0.0","0.0","1","35","12.9","archive","-23.558","-46.635","2026-09-20T16:31:34.073018-03:00"
"2026-02-01 01:00:00","22.1","23.3","79","0.0","0.0","0","1","11.6","archive","-23.558","-46.635","2026-09-20T16:31:34.073018-03:00"
"2026-02-01 02:00:00","21.5","22.5","79","0.0","0.0","2","76","12.8","archive","-23.558","-46.635","2026-09-20T16:31:34.073018-03:00"
"2026-02-01 03:00:00","21.5","22.8","84","0.0","0.0","2","74","13.1","archive","-23.558","-46.635","2026-09-20T16:31:34.073018-03:00"
"2026-02-01 04:00:00","20.8","21.9","87","0.0","0.0","1","43","13.6","archive","-23.558","-46.635","2026-09-20T16:31:34.073018-03:00"
"2026-02-01 05:00:00","20.1","21.4","89","0.0","0.0","1","49","10.9","archive","-23.558","-46.635","2026-09-20T16:31:34.073018-03:00"
"2026-02-01 06:00:00","20.2","21.6","91","0.0","0.0","1","34","12.2","archive","-23.558","-46.635","2026-09-20T16:31:34.073018-03:00"
"2026-02-01 07:00:00","20.5","22.1","89","0.0","0.0","3","82","11.3","archive","-23.558","-46.635","2026-09-20T16:31:34.073018-03:00"
"2026-02-01 08:00:00","21.7","22.6","85","0.0","0.0","3","99","16.8","archive","-23.558","-46.635","2026-09-20T16:31:34.073018-03:00"
"2026-02-01 09:00:00","22.7","23.4","79","0.1","0.1","51","55","17.8","archive","-23.558","-46.635","2026-09-20T16:31:34.073018-03:00"
"2026-02-01 10:00:00","23.2","24.2","76","0.2","0.2","51","95","18.5","archive","-23.558","-46.635","2026-09-20T16:31:34.073018-03:00"
"2026-02-01 11:00:00","24.7","26.1","72","0.1","0.1","51","41","18.7","archive","-23.558","-46.635","2026-09-20T16:31:34.073018-03:00"
"2026-02-01 12:00:00","25.3","28.7","75","0.2","0.2","51","95","16.0","archive","-23.558","-46.635","2026-09-20T16:31:34.073018-03:00"
"2026-02-01 13:00:00","27.0","28.9","63","0.1","0.1","51","65","20.7","archive","-23.558","-46.635","2026-09-20T16:31:34.073018-03:00"
"2026-02-01 14:00:00","26.1","27.7","66","1.5","1.5","61","65","16.1","archive","-23.558","-46.635","2026-09-20T16:31:34.073018-03:00"
"2026-02-01 15:00:00","23.7","25.2","77","1.1","1.1","55","100","15.2","archive","-23.558","-46.635","2026-09-20T16:31:34.073018-03:00"
"2026-02-01 16:00:00","23.5","25.8","80","0.2","0.2","51","68","9.7","archive","-23.558","-46.635","2026-09-20T16:31:34.073018-03:00"
"2026-02-01 17:00:00","24.1","26.1","78","0.1","0.1","51","84","12.7","archive","-23.558","-46.635","2026-09-20T16:31:34.073018-03:00"
"2026-02-01 18:00:00","23.6","25.7","80","0.0","0.0","3","100","11.9","archive","-23.558","-46.635","2026-09-20T16:31:34.073018-03:00"
"2026-02-01 19:00:00","22.3","24.3","86","0.0","0.0","3","100","12.1","archive","-23.558","-46.635","2026-09-20T16:31:34.073018-03:00"
"2026-02-01 20:00:00","21.7","24.1","89","0.1","0.1","51","100","9.0","archive","-23.558","-46.635","2026-09-20T16:31:34.073018-03:00"
"2026-02-01 21:00:00","21.2","23.2","88","0.0","0.0","3","100","9.1","archive","-23.558","-46.635","2026-09-20T16:31:34.073018-03:00"
"2026-02-01 22:00:00","21.0","23.1","90","0.0","0.0","3","100","9.3","archive","-23.558","-46.635","2026-09-20T16:31:34.073018-03:00"
"2026-02-01 23:00:00","20.4","22.8","92","0.0","0.0","3","91","7.1","archive","-23.558","-46.635","2026-09-20T16:31:34.073018-03:00"
"2026-02-02 00:00:00","20.2","22.6","93","0.0","0.0","3","100","6.0","archive","-23.558","-46.635","2026-09-20T16:31:34.073018-03:00"
"2026-02-02 01:00:00","20.0","22.5","93","0.0","0.0","3","100","5.3","archive","-23.558","-46.635","2026-09-20T16:31:34.073018-03:00"
"2026-02-02 02:00:00","20.0","22.4","93","0.0","0.0","3","100","5.7","archive","-23.558","-46.635","2026-09-20T16:31:34.073018-03:00"
"2026-02-02 03:00:00","20.7","23.3","93","0.0","0.0","3","100","7.1","archive","-23.558","-46.635","2026-09-20T16:31:34.073018-03:00"
"2026-02-02 04:00:00","20.3","22.4","92","0.3","0.3","51","100","8.0","archive","-23.558","-46.635","2026-09-20T16:31:34.073018-03:00"
"2026-02-02 05:00:00","20.0","21.8","92","0.1","0.1","51","100","9.5","archive","-23.558","-46.635","2026-09-20T16:31:34.073018-03:00"
"2026-02-02 06:00:00","19.6","21.4","93","0.1","0.1","51","100","9.0","archive","-23.558","-46.635","2026-09-20T16:31:34.073018-03:00"
"2026-02-02 07:00:00","19.9","21.7","93","0.2","0.2","51","100","9.8","archive","-23.558","-46.635","2026-09-20T16:31:34.073018-03:00"
"2026-02-02 08:00:00","20.1","22.3","92","0.2","0.2","51","100","7.5","archive","-23.558","-46.635","2026-09-20T16:31:34.073018-03:00"
"2026-02-02 09:00:00","21.4","23.7","91","0.2","0.2","51","100","9.3","archive","-23.558","-46.635","2026-09-20T16:31:34.073018-03:00"
"2026-02-02 10:00:00","21.5","23.7","87","1.5","1.5","61","100","8.9","archive","-23.558","-46.635","2026-09-20T16:31:34.073018-03:00"
"2026-02-02 11:00:00","22.4","24.0","82","0.4","0.4","51","100","12.8","archive","-23.558","-46.635","2026-09-20T16:31:34.073018-03:00"
"2026-02-02 12:00:00","23.2","24.7","79","0.2","0.2","51","100","14.3","archive","-23.558","-46.635","2026-09-20T16:31:34.073018-03:00"
"2026-02-02 13:00:00","23.1","24.7","80","0.1","0.1","51","100","13.3","archive","-23.558","-46.635","2026-09-20T16:31:34.073018-03:00"
"2026-02-02 14:00:00","23.5","25.5","78","0.3","0.3","51","98","10.4","archive","-23.558","-46.635","2026-09-20T16:31:34.073018-03:00"
"2026-02-02 15:00:00","25.1","28.7","71","0.3","0.3","51","100","10.2","archive","-23.558","-46.635","2026-09-20T16:31:34.073018-03:00"
"2026-02-02 16:00:00","23.4","26.1","78","0.6","0.6","53","88","4.8","archive","-23.558","-46.635","2026-09-20T16:31:34.073018-03:00"
"2026-02-02 17:00:00","23.9","26.8","76","0.0","0.0","2","70","4.3","archive","-23.558","-46.635","2026-09-20T16:31:34.073018-03:00"
"2026-02-02 18:00:00","23.2","25.9","78","0.1","0.1","51","98","5.2","archive","-23.558","-46.635","2026-09-20T16:31:34.073018-03:00"
"2026-02-02 19:00:00","22.6","25.5","82","0.0","0.0","3","100","4.2","archive","-23.558","-46.635","2026-09-20T16:31:34.073018-03:00"
"2026-02-02 20:00:00","22.2","25.0","85","0.0","0.0","3","100","4.8","archive","-23.558","-46.635","2026-09-20T16:31:34.073018-03:00"
"2026-02-02 21:00:00","21.6","24.8","89","0.0","0.0","3","100","3.5","archive","-23.558","-46.635","2026-09-20T16:31:34.073018-03:00"
"2026-02-02 22:00:00","21.3","24.8","92","0.0","0.0","3","100","2.2","archive","-23.558","-46.635","2026-09-20T16:31:34.073018-03:00"
"2026-02-02 23:00:00","21.2","24.4","92","0.1","0.1","51","100","3.9","archive","-23.558","-46.635","2026-09-20T16:31:34.073018-03:00"
"2026-02-03 00:00:00","20.9","23.7","90","0.2","0.2","51","99","4.2","archive","-23.558","-46.635","2026-09-20T16:31:34.073018-03:00"
"2026-02-03 01:00:00","20.1","22.7","92","0.1","0.1","51","95","4.4","archive","-23.558","-46.635","2026-09-20T16:31:34.073018-03:00"
"2026-02-03 02:00:00","19.9","22.7","93","0.1","0.1","51","100","2.5","archive","-23.558","-46.635","2026-09-20T16:31:34.073018-03:00"
"2026-02-03 03:00:00","20.1","23.4","96","0.1","0.1","51","100","2.2","archive","-23.558","-46.635","2026-09-20T16:31:34.073018-03:00"
"2026-02-03 04:00:00","19.9","22.8","98","2.7","2.7","63","100","4.5","archive","-23.558","-46.635","2026-09-20T16:31:34.073018-03:00"
"2026-02-03 05:00:00","19.6","22.4","98","4.5","4.5","63","100","4.2","archive","-23.558","-46.635","2026-09-20T16:31:34.073018-03:00"
"2026-02-03 06:00:00","19.8","21.7","93","0.4","0.4","51","48","8.6","archive","-23.558","-46.635","2026-09-20T16:31:34.073018-03:00"
"2026-02-03 07:00:00","20.7","22.5","89","0.0","0.0","3","87","10.3","archive","-23.558","-46.635","2026-09-20T16:31:34.073018-03:00"
"2026-02-03 08:00:00","21.5","23.1","86","0.1","0.1","51","93","12.2","archive","-23.558","-46.635","2026-09-20T16:31:34.073018-03:00"
"2026-02-03 09:00:00","22.2","24.3","84","0.7","0.7","53","90","9.6","archive","-23.558","-46.635","2026-09-20T16:31:34.073018-03:00"
"2026-02-03 10:00:00","24.3","26.4","77","0.3","0.3","51","95","12.1","archive","-23.558","-46.635","2026-09-20T16:31:34.073018-03:00"
"2026-02-03 11:00:00","23.5","26.8","84","10.1","10.1","65","100","6.4","archive","-23.558","-46.635","2026-09-20T16:31:34.073018-03:00"
"2026-02-03 12:00:00","23.9","25.7","77","1.0","1.0","55","100","12.7","archive","-23.558","-46.635","2026-09-20T16:31:34.073018-03:00"
"2026-02-03 13:00:00","24.3","27.4","77","0.4","0.4","51","97","6.6","archive","-23.558","-46.635","2026-09-20T16:31:34.073018-03:00"
"2026-02-03 14:00:00","25.7","29.7","74","0.3","0.3","51","100","8.7","archive","-23.558","-46.635","2026-09-20T16:31:34.073018-03:00"
"2026-02-03 15:00:00","24.4","26.6","76","2.6","2.6","63","100","10.6","archive","-23.558","-46.635","2026-09-20T16:31:34.073018-03:00"
"2026-02-03 16:00:00","24.3","27.0","74","0.2","0.2","51","87","5.8","archive","-23.558","-46.635","2026-09-20T16:31:34.073018-03:00"
"2026-02-03 17:00:00","25.0","28.0","72","0.1","0.1","51","98","4.5","archive","-23.558","-46.635","2026-09-20T16:31:34.073018-03:00"
"2026-02-03 18:00:00","23.2","26.0","79","0.4","0.4","51","98","5.3","archive","-23.558","-46.635","2026-09-20T16:31:34.073018-03:00"
"2026-02-03 19:00:00","22.6","25.2","83","0.2","0.2","51","100","7.3","archive","-23.558","-46.635","2026-09-20T16:31:34.073018-03:00"
"2026-02-03 20:00:00","21.5","23.9","87","0.2","0.2","51","89","6.9","archive","-23.558","-46.635","2026-09-20T16:31:34.073018-03:00"
"2026-02-03 21:00:00","21.5","25.0","95","0.1","0.1","51","100","4.0","archive","-23.558","-46.635","2026-09-20T16:31:34.073018-03:00"
"2026-02-03 22:00:00","21.6","25.4","95","0.7","0.7","53","100","2.5","archive","-23.558","-46.635","2026-09-20T16:31:34.073018-03:00"
"2026-02-03 23:00:00","21.3","24.4","93","1.1","1.1","55","100","4.9","archive","-23.558","-46.635","2026-09-20T16:31:34.073018-03:00"
"2026-02-04 00:00:00","21.0","23.9","96","0.8","0.8","53","100","7.1","archive","-23.558","-46.635","2026-09-20T16:31:34.073018-03:00"
"2026-02-04 01:00:00","20.7","23.6","97","0.5","0.5","53","100","7.4","archive","-23.558","-46.635","2026-09-20T16:31:34.073018-03:00"
"2026-02-04 02:00:00","20.7","23.3","96","0.3","0.3","51","100","8.3","archive","-23.558","-46.635","2026-09-20T16:31:34.073018-03:00"
"2026-02-04 03:00:00","20.3","23.2","95","0.7","0.7","53","99","4.3","archive","-23.558","-46.635","2026-09-20T16:31:34.073018-03:00"
"2026-02-04 04:00:00","20.5","23.3","95","0.5","0.5","53","99","5.9","archive","-23.558","-46.635","2026-09-20T16:31:34.073018-03:00"
"2026-02-04 05:00:00","20.7","23.3","95","0.0","0.0","3","100","8.1","archive","-23.558","-46.635","2026-09-20T16:31:34.073018-03:00"
"2026-02-04 06:00:00","20.5","22.9","95","0.0","0.0","3","100","8.0","archive","-23.558","-46.635","2026-09-20T16:31:34.073018-03:00"
"2026-02-04 07:00:00","20.9","23.1","92","0.0","0.0","3","100","9.4","archive","-23.558","-46.635","2026-09-20T16:31:34.073018-03:00"
"2026-02-04 08:00:00","21.5","23.1","90","0.3","0.3","51","100","14.0","archive","-23.558","-46.635","2026-09-20T16:31:34.073018-03:00"
"2026-02-04 09:00:00","23.8","25.3","78","0.1","0.1","51","93","15.0","archive","-23.558","-46.635","2026-09-20T16:31:34.073018-03:00"
"2026-02-04 10:00:00","24.2","25.6","74","0.1","0.1","51","98","14.5","archive","-23.558","-46.635","2026-09-20T16:31:34.073018-03:00"
"2026-02-04 11:00:00","25.1","27.9","76","0.1","0.1","51","100","13.8","archive","-23.558","-46.635","2026-09-20T16:31:34.073018-03:00"
"2026-02-04 12:00:00","26.1","29.4","70","0.0","0.0","3","100","12.7","archive","-23.558","-46.635","2026-09-20T16:31:34.073018-03:00"
"2026-02-04 13:00:00","26.6","30.0","67","0.0","0.0","3","100","9.9","archive","-23.558","-46.635","2026-09-20T16:31:34.073018-03:00"
"2026-02-04 14:00:00","24.3","26.7","72","0.5","0.5","53","98","13.0","archive","-23.558","-46.635","2026-09-20T16:31:34.073018-03:00"
"2026-02-04 15:00:00","24.5","27.5","78","0.9","0.9","53","100","6.5","archive","-23.558","-46.635","2026-09-20T16:31:34.073018-03:00"
"2026-02-04 16:00:00","25.7","28.9","72","0.0","0.0","3","98","5.2","archive","-23.558","-46.635","2026-09-20T16:31:34.073018-03:00"
"2026-02-04 17:00:00","25.4","28.3","72","0.0","0.0","3","100","5.9","archive","-23.558","-46.635","2026-09-20T16:31:34.073018-03:00"
"2026-02-04 18:00:00","21.3","23.5","88","5.1","5.1","63","100","8.3","archive","-23.558","-46.635","2026-09-20T16:31:34.073018-03:00"
"2026-02-04 19:00:00","21.3","24.0","89","0.4","0.4","51","100","6.2","archive","-23.558","-46.635","2026-09-20T16:31:34.073018-03:00"
"2026-02-04 20:00:00","21.0","23.8","91","0.5","0.5","53","100","5.9","archive","-23.558","-46.635","2026-09-20T16:31:34.073018-03:00"
"2026-02-04 21:00:00","20.6","23.5","93","0.1","0.1","51","100","4.5","archive","-23.558","-46.635","2026-09-20T16:31:34.073018-03:00"
"2026-02-04 22:00:00","20.7","23.8","91","3.1","3.1","63","100","1.9","archive","-23.558","-46.635","2026-09-20T16:31:34.073018-03:00"
"2026-02-04 23:00:00","20.6","23.8","93","2.4","2.4","61","100","1.8","archive","-23.558","-46.635","2026-09-20T16:31:34.073018-03:00"
"2026-02-05 00:00:00","20.4","23.5","94","0.3","0.3","51","100","2.9","archive","-23.558","-46.635","2026-09-20T16:31:34.073018-03:00"
"2026-02-05 01:00:00","20.1","23.3","96","0.1","0.1","51","98","1.9","archive","-23.558","-46.635","2026-09-20T16:31:34.073018-03:00"
"2026-02-05 02:00:00","20.1","23.1","96","0.0","0.0","3","98","3.4","archive","-23.558","-46.635","2026-09-20T16:31:34.073018-03:00"
"2026-02-05 03:00:00","20.5","23.8","96","0.0","0.0","3","100","3.0","archive","-23.558","-46.635","2026-09-20T16:31:34.073018-03:00"
"2026-02-05 04:00:00","20.4","23.5","95","0.4","0.4","51","100","3.4","archive","-23.558","-46.635","2026-09-20T16:31:34.073018-03:00"
"2026-02-05 05:00:00","20.1","23.2","97","0.2","0.2","51","48","3.5","archive","-23.558","-46.635","2026-09-20T16:31:34.073018-03:00"
"2026-02-05 06:00:00","19.7","22.6","98","0.0","0.0","3","100","4.1","archive","-23.558","-46.635","2026-09-20T16:31:34.073018-03:00"
"2026-02-05 07:00:00","20.4","23.0","95","0.0","0.0","3","85","7.1","archive","-23.558","-46.635","2026-09-20T16:31:34.073018-03:00"
"2026-02-05 08:00:00","21.2","23.8","89","0.1","0.1","51","83","6.6","archive","-23.558","-46.635","2026-09-20T16:31:34.073018-03:00"
"2026-02-05 09:00:00","21.8","24.2","87","0.2","0.2","51","100","8.3","archive","-23.558","-46.635","2026-09-20T16:31:34.073018-03:00"
"2026-02-05 10:00:00","23.1","25.4","79","0.1","0.1","51","89","7.6","archive","-23.558","-46.635","2026-09-20T16:31:34.073018-03:00"
"2026-02-05 11:00:00","24.7","28.6","74","0.1","0.1","51","100","9.0","archive","-23.558","-46.635","2026-09-20T16:31:34.073018-03:00"
"2026-02-05 12:00:00","23.2","24.4","74","1.6","1.6","61","84","12.9","archive","-23.558","-46.635","2026-09-20T16:31:34.073018-03:00"
"2026-02-05 13:00:00","24.4","26.8","75","0.8","0.8","53","66","11.0","archive","-23.558","-46.635","2026-09-20T16:31:34.073018-03:00"
"2026-02-05 14:00:00","24.3","27.1","70","0.8","0.8","53","75","10.2","archive","-23.558","-46.635","2026-09-20T16:31:34.073018-03:00"
"2026-02-05 15:00:00","25.3","28.6","69","0.3","0.3","51","34","7.8","archive","-23.558","-46.635","2026-09-20T16:31:34.073018-03:00"
"2026-02-05 16:00:00","25.2","27.7","69","0.1","0.1","51","44","9.3","archive","-23.558","-46.635","2026-09-20T16:31:34.073018-03:00"
"2026-02-05 17:00:00","23.9","25.4","73","0.0","0.0","3","80","11.8","archive","-23.558","-46.635","2026-09-20T16:31:34.073018-03:00"
"2026-02-05 18:00:00","22.8","24.5","80","0.0","0.0","1","42","11.8","archive","-23.558","-46.635","2026-09-20T16:31:34.073018-03:00"
"2026-02-05 19:00:00","21.8","23.9","85","0.0","0.0","1","41","8.8","archive","-23.558","-46.635","2026-09-20T16:31:34.073018-03:00"
"2026-02-05 20:00:00","21.1","23.3","88","0.0","0.0","1","31","7.4","archive","-23.558","-46.635","2026-09-20T16:31:34.073018-03:00"
"2026-02-05 21:00:00","20.8","23.4","93","0.0","0.0","2","59","7.2","archive","-23.558","-46.635","2026-09-20T16:31:34.073018-03:00"
"2026-02-05 22:00:00","20.7","23.4","93","0.0","0.0","3","98","6.4","archive","-23.558","-46.635","2026-09-20T16:31:34.073018-03:00"
"2026-02-05 23:00:00","20.7","23.4","92","0.0","0.0","3","98","6.0","archive","-23.558","-46.635","2026-09-20T16:31:34.073018-03:00"
"2026-02-06 00:00:00","20.4","23.0","93","0.0","0.0","1","45","5.9","archive","-23.558","-46.635","2026-09-20T16:31:34.073018-03:00"
"2026-02-06 01:00:00","20.1","22.8","95","0.0","0.0","2","66","4.5","archive","-23.558","-46.635","2026-09-20T16:31:34.073018-03:00"
"2026-02-06 02:00:00","19.9","22.7","95","0.0","0.0","1","41","3.8","archive","-23.558","-46.635","2026-09-20T16:31:34.073018-03:00"
"2026-02-06 03:00:00","20.2","23.2","95","0.0","0.0","3","90","3.3","archive","-23.558","-46.635","2026-09-20T16:31:34.073018-03:00"
"2026-02-06 04:00:00","20.0","22.9","95","0.0","0.0","3","82","3.3","archive","-23.558","-46.635","2026-09-20T16:31:34.073018-03:00"
"2026-02-06 05:00:00","19.8","22.7","95","0.0","0.0","3","95","3.1","archive","-23.558","-46.635","2026-09-20T16:31:34.073018-03:00"
"2026-02-06 06:00:00","19.6","22.4","96","0.0","0.0","3","99","3.4","archive","-23.558","-46.635","2026-09-20T16:31:34.073018-03:00"
"2026-02-06 07:00:00","20.0","22.7","94","0.0","0.0","1","33","4.7","archive","-23.558","-46.635","2026-09-20T16:31:34.073018-03:00"
"2026-02-06 08:00:00","21.2","23.9","86","0.0","0.0","3","97","3.7","archive","-23.558","-46.635","2026-09-20T16:31:34.073018-03:00"
"2026-02-06 09:00:00","23.1","25.6","78","0.0","0.0","3","100","5.2","archive","-23.558","-46.635","2026-09-20T16:31:34.073018-03:00"
"2026-02-06 10:00:00","24.6","27.6","71","0.0","0.0","3","97","4.6","archive","-23.558","-46.635","2026-09-20T16:31:34.073018-03:00"
"2026-02-06 11:00:00","25.7","28.8","65","0.1","0.1","51","55","3.2","archive","-23.558","-46.635","2026-09-20T16:31:34.073018-03:00"
"2026-02-06 12:00:00","26.8","32.8","63","0.1","0.1","51","20","0.4","archive","-23.558","-46.635","2026-09-20T16:31:34.073018-03:00"
"2026-02-06 13:00:00","27.3","33.2","61","0.0","0.0","0","13","2.0","archive","-23.558","-46.635","2026-09-20T16:31:34.073018-03:00"
"2026-02-06 14:00:00","28.1","33.4","60","0.0","0.0","0","19","3.3","archive","-23.558","-46.635","2026-09-20T16:31:34.073018-03:00"
"2026-02-06 15:00:00","25.2","28.5","69","0.0","0.0","3","86","11.3","archive","-23.558","-46.635","2026-09-20T16:31:34.073018-03:00"
"2026-02-06 16:00:00","24.8","26.7","75","1.1","1.1","55","70","13.5","archive","-23.558","-46.635","2026-09-20T16:31:34.073018-03:00"
"2026-02-06 17:00:00","23.4","25.9","82","3.8","3.8","63","100","9.9","archive","-23.558","-46.635","2026-09-20T16:31:34.073018-03:00"
"2026-02-06 18:00:00","22.9","25.4","85","1.0","1.0","55","76","9.3","archive","-23.558","-46.635","2026-09-20T16:31:34.073018-03:00"
"2026-02-06 19:00:00","22.6","25.6","87","0.1","0.1","51","94","6.1","archive","-23.558","-46.635","2026-09-20T16:31:34.073018-03:00"
"2026-02-06 20:00:00","22.4","25.6","88","0.0","0.0","2","78","5.7","archive","-23.558","-46.635","2026-09-20T16:31:34.073018-03:00"
"2026-02-06 21:00:00","22.0","25.3","91","0.0","0.0","2","52","5.0","archive","-23.558","-46.635","2026-09-20T16:31:34.073018-03:00"
"2026-02-06 22:00:00","21.9","25.4","92","0.0","0.0","2","55","4.3","archive","-23.558","-46.635","2026-09-20T16:31:34.073018-03:00"
"2026-02-06 23:00:00","21.6","25.1","93","0.0","0.0","1","48","4.4","archive","-23.558","-46.635","2026-09-20T16:31:34.073018-03:00"
"2026-02-07 00:00:00","21.4","24.8","93","0.0","0.0","3","100","4.4","archive","-23.558","-46.635","2026-09-20T16:31:34.073018-03:00"
"2026-02-07 01:00:00","21.3","24.6","94","0.0","0.0","3","99","4.4","archive","-23.558","-46.635","2026-09-20T16:31:34.073018-03:00"
"2026-02-07 02:00:00","21.2","24.5","94","0.0","0.0","3","100","4.7","archive","-23.558","-46.635","2026-09-20T16:31:34.073018-03:00"
"2026-02-07 03:00:00","21.5","25.4","96","0.2","0.2","51","92","2.7","archive","-23.558","-46.635","2026-09-20T16:31:34.073018-03:00"
"2026-02-07 04:00:00","21.5","25.4","96","0.0","0.0","3","98","2.4","archive","-23.558","-46.635","2026-09-20T16:31:34.073018-03:00"
"2026-02-07 05:00:00","21.3","24.8","96","0.0","0.0","3","100","4.4","archive","-23.558","-46.635","2026-09-20T16:31:34.073018-03:00"
"2026-02-07 06:00:00","21.3","25.2","96","0.0","0.0","3","91","2.2","archive","-23.558","-46.635","2026-09-20T16:31:34.073018-03:00"
"2026-02-07 07:00:00","21.6","25.0","94","0.0","0.0","2","58","4.8","archive","-23.558","-46.635","2026-09-20T16:31:34.073018-03:00"
"2026-02-07 08:00:00","22.5","26.0","88","0.0","0.0","3","96","3.2","archive","-23.558","-46.635","2026-09-20T16:31:34.073018-03:00"
"2026-02-07 09:00:00","22.5","26.3","90","0.0","0.0","3","84","2.7","archive","-23.558","-46.635","2026-09-20T16:31:34.073018-03:00"
"2026-02-07 10:00:00","24.1","27.9","80","0.2","0.2","51","100","2.4","archive","-23.558","-46.635","2026-09-20T16:31:34.073018-03:00"
"2026-02-07 11:00:00","24.7","27.9","77","0.2","0.2","51","72","5.2","archive","-23.558","-46.635","2026-09-20T16:31:34.073018-03:00"
"2026-02-07 12:00:00","25.4","29.3","76","3.0","3.0","63","94","8.5","archive","-23.558","-46.635","2026-09-20T16:31:34.073018-03:00"
"2026-02-07 13:00:00","25.2","29.5","78","0.5","0.5","53","44","4.9","archive","-23.558","-46.635","2026-09-20T16:31:34.073018-03:00"
"2026-02-07 14:00:00","25.9","31.3","74","0.2","0.2","51","52","7.6","archive","-23.558","-46.635","2026-09-20T16:31:34.073018-03:00"
"2026-02-07 15:00:00","26.8","30.5","67","0.2","0.2","51","98","7.1","archive","-23.558","-46.635","2026-09-20T16:31:34.073018-03:00"
"2026-02-07 16:00:00","24.7","27.1","74","1.3","1.3","61","99","9.4","archive","-23.558","-46.635","2026-09-20T16:31:34.073018-03:00"
"2026-02-07 17:00:00","23.6","26.4","81","0.3","0.3","51","96","7.0","archive","-23.558","-46.635","2026-09-20T16:31:34.073018-03:00"
"2026-02-07 18:00:00","22.5","25.4","84","4.0","4.0","63","95","5.7","archive","-23.558","-46.635","2026-09-20T16:31:34.073018-03:00"
"2026-02-07 19:00:00","22.0","25.2","88","0.1","0.1","51","90","4.5","archive","-23.558","-46.635","2026-09-20T16:31:34.073018-03:00"
"2026-02-07 20:00:00","21.4","24.3","91","0.2","0.2","51","100","6.6","archive","-23.558","-46.635","2026-09-20T16:31:34.073018-03:00"
"2026-02-07 21:00:00","20.1","22.6","98","0.2","0.2","51","100","8.1","archive","-23.558","-46.635","2026-09-20T16:31:34.073018-03:00"
"2026-02-07 22:00:00","20.1","23.5","96","2.4","2.4","61","100","1.7","archive","-23.558","-46.635","2026-09-20T16:31:34.073018-03:00"
"2026-02-07 23:00:00","20.2","22.9","95","0.7","0.7","53","100","6.0","archive","-23.558","-46.635","2026-09-20T16:31:34.073018-03:00"
"2026-02-08 00:00:00","19.6","22.4","96","0.7","0.7","53","100","3.3","archive","-23.558","-46.635","2026-09-20T16:31:34.073018-03:00"
"2026-02-08 01:00:00","19.6","22.1","94","1.0","1.0","55","100","4.4","archive","-23.558","-46.635","2026-09-20T16:31:34.073018-03:00"
"2026-02-08 02:00:00","19.2","21.5","95","2.1","2.1","61","100","5.8","archive","-23.558","-46.635","2026-09-20T16:31:34.073018-03:00"
"2026-02-08 03:00:00","19.4","21.9","96","1.1","1.1","55","100","5.0","archive","-23.558","-46.635","2026-09-20T16:31:34.073018-03:00"
"2026-02-08 04:00:00","19.5","22.4","96","1.5","1.5","61","100","2.6","archive","-23.558","-46.635","2026-09-20T16:31:34.073018-03:00"
"2026-02-08 05:00:00","19.3","22.2","97","1.5","1.5","61","100","2.5","archive","-23.558","-46.635","2026-09-20T16:31:34.073018-03:00"
"2026-02-08 06:00:00","19.1","21.5","96","0.5","0.5","53","87","4.7","archive","-23.558","-46.635","2026-09-20T16:31:34.073018-03:00"
"2026-02-08 07:00:00","19.5","22.0","94","0.0","0.0","3","100","4.3","archive","-23.558","-46.635","2026-09-20T16:31:34.073018-03:00"
"2026-02-08 08:00:00","20.2","23.1","91","0.0","0.0","3","91","1.5","archive","-23.558","-46.635","2026-09-20T16:31:34.073018-03:00"
"2026-02-08 09:00:00","22.0","25.4","86","0.0","0.0","0","5","1.2","archive","-23.558","-46.635","2026-09-20T16:31:34.073018-03:00"
"2026-02-08 10:00:00","24.2","28.5","71","0.0","0.0","2","57","2.6","archive","-23.558","-46.635","2026-09-20T16:31:34.073018-03:00"
"2026-02-08 11:00:00","25.1","28.8","65","0.0","0.0","3","99","3.1","archive","-23.558","-46.635","2026-09-20T16:31:34.073018-03:00"
"2026-02-08 12:00:00","26.0","30.4","63","0.0","0.0","3","92","5.1","archive","-23.558","-46.635","2026-09-20T16:31:34.073018-03:00"
"2026-02-08 13:00:00","25.0","27.2","61","1.4","1.4","61","90","8.3","archive","-23.558","-46.635","2026-09-20T16:31:34.073018-03:00"
"2026-02-08 14:00:00","23.1","24.0","73","0.5","0.5","53","95","13.3","archive","-23.558","-46.635","2026-09-20T16:31:34.073018-03:00"
"2026-02-08 15:00:00","22.9","23.9","72","0.5","0.5","53","97","10.9","archive","-23.558","-46.635","2026-09-20T16:31:34.073018-03:00"
"2026-02-08 16:00:00","23.2","25.1","75","0.3","0.3","51","95","8.3","archive","-23.558","-46.635","2026-09-20T16:31:34.073018-03:00"
"2026-02-08 17:00:00","22.2","23.3","74","0.6","0.6","53","100","10.5","archive","-23.558","-46.635","2026-09-20T16:31:34.073018-03:00"
"2026-02-08 18:00:00","21.4","23.1","79","1.4","1.4","61","100","7.0","archive","-23.558","-46.635","2026-09-20T16:31:34.073018-03:00"
"2026-02-08 19:00:00","20.6","22.6","86","0.9","0.9","53","100","6.6","archive","-23.558","-46.635","2026-09-20T16:31:34.073018-03:00"
"2026-02-08 20:00:00","20.3","22.6","89","0.2","0.2","51","100","5.2","archive","-23.558","-46.635","2026-09-20T16:31:34.073018-03:00"
"2026-02-08 21:00:00","20.4","22.8","89","0.1","0.1","51","100","5.0","archive","-23.558","-46.635","2026-09-20T16:31:34.073018-03:00"
"2026-02-08 22:00:00","20.4","23.2","89","0.1","0.1","51","100","2.1","archive","-23.558","-46.635","2026-09-20T16:31:34.073018-03:00"
"2026-02-08 23:00:00","20.0","22.5","90","0.3","0.3","51","100","3.6","archive","-23.558","-46.635","2026-09-20T16:31:34.073018-03:00"
"2026-02-09 00:00:00","19.7","22.4","93","0.1","0.1","51","100","2.5","archive","-23.558","-46.635","2026-09-20T16:31:34.073018-03:00"
"2026-02-09 01:00:00","19.6","22.2","94","0.0","0.0","3","100","3.6","archive","-23.558","-46.635","2026-09-20T16:31:34.073018-03:00"
"2026-02-09 02:00:00","19.4","22.1","95","0.0","0.0","3","100","3.3","archive","-23.558","-46.635","2026-09-20T16:31:34.073018-03:00"
"2026-02-09 03:00:00","19.6","22.3","96","0.0","0.0","2","75","4.0","archive","-23.558","-46.635","2026-09-20T16:31:34.073018-03:00"
"2026-02-09 04:00:00","19.5","22.5","97","0.0","0.0","3","98","1.7","archive","-23.558","-46.635","2026-09-20T16:31:34.073018-03:00"
"2026-02-09 05:00:00","19.3","22.0","98","0.0","0.0","3","100","4.0","archive","-23.558","-46.635","2026-09-20T16:31:34.073018-03:00"
"2026-02-09 06:00:00","19.2","22.1","98","0.0","0.0","3","100","2.7","archive","-23.558","-46.635","2026-09-20T16:31:34.073018-03:00"
"2026-02-09 07:00:00","19.4","22.4","96","0.0","0.0","3","100","2.0","archive","-23.558","-46.635","2026-09-20T16:31:34.073018-03:00"
"2026-02-09 08:00:00","19.9","22.9","93","0.1","0.1","51","100","1.6","archive","-23.558","-46.635","2026-09-20T16:31:34.073018-03:00"
"2026-02-09 09:00:00","21.7","24.3","84","0.3","0.3","51","96","4.9","archive","-23.558","-46.635","2026-09-20T16:31:34.073018-03:00"
"2026-02-09 10:00:00","23.1","25.7","77","0.1","0.1","51","100","4.8","archive","-23.558","-46.635","2026-09-20T16:31:34.073018-03:00"
"2026-02-09 11:00:00","21.0","22.3","78","2.2","2.2","61","100","8.1","archive","-23.558","-46.635","2026-09-20T16:31:34.073018-03:00"
"2026-02-09 12:00:00","20.9","23.4","83","1.5","1.5","61","100","2.4","archive","-23.558","-46.635","2026-09-20T16:31:34.073018-03:00"
"2026-02-09 13:00:00","21.4","24.4","84","0.4","0.4","51","100","1.6","archive","-23.558","-46.635","2026-09-20T16:31:34.073018-03:00"
"2026-02-09 14:00:00","23.5","26.4","74","0.2","0.2","51","100","2.2","archive","-23.558","-46.635","2026-09-20T16:31:34.073018-03:00"
"2026-02-09 15:00:00","21.8","24.3","82","2.6","2.6","63","100","4.9","archive","-23.558","-46.635","2026-09-20T16:31:34.073018-03:00"
"2026-02-09 16:00:00","20.4","22.6","90","5.0","5.0","63","100","6.8","archive","-23.558","-46.635","2026-09-20T16:31:34.073018-03:00"
"2026-02-09 17:00:00","20.1","22.6","91","2.1","2.1","61","99","4.8","archive","-23.558","-46.635","2026-09-20T16:31:34.073018-03:00"
"2026-02-09 18:00:00","20.4","22.4","86","0.8","0.8","53","99","6.0","archive","-23.558","-46.635","2026-09-20T16:31:34.073018-03:00"
"2026-02-09 19:00:00","19.8","22.3","92","0.2","0.2","51","100","3.6","archive","-23.558","-46.635","2026-09-20T16:31:34.073018-03:00"
"2026-02-09 20:00:00","19.5","22.3","94","0.2","0.2","51","100","2.7","archive","-23.558","-46.635","2026-09-20T16:31:34.073018-03:00"
"2026-02-09 21:00:00","19.7","22.0","95","0.2","0.2","51","100","6.9","archive","-23.558","-46.635","2026-09-20T16:31:34.073018-03:00"
"2026-02-09 22:00:00","19.6","22.0","95","1.4","1.4","61","100","6.0","archive","-23.558","-46.635","2026-09-20T16:31:34.073018-03:00"
"2026-02-09 23:00:00","19.4","21.8","95","0.7","0.7","53","100","4.8","archive","-23.558","-46.635","2026-09-20T16:31:34.073018-03:00"
"2026-02-10 00:00:00","19.2","21.3","95","1.2","1.2","55","100","6.3","archive","-23.558","-46.635","2026-09-20T16:31:34.073018-03:00"
"2026-02-10 01:00:00","19.0","21.4","96","0.8","0.8","53","100","4.3","archive","-23.558","-46.635","2026-09-20T16:31:34.073018-03:00"
"2026-02-10 02:00:00","18.6","21.0","96","0.1","0.1","51","99","3.2","archive","-23.558","-46.635","2026-09-20T16:31:34.073018-03:00"
"2026-02-10 03:00:00","19.2","21.8","96","0.0","0.0","3","98","3.4","archive","-23.558","-46.635","2026-09-20T16:31:34.073018-03:00"
"2026-02-10 04:00:00","19.2","21.8","96","0.1","0.1","51","100","3.4","archive","-23.558","-46.635","2026-09-20T16:31:34.073018-03:00"
"2026-02-10 05:00:00","19.3","21.7","95","0.3","0.3","51","100","4.6","archive","-23.558","-46.635","2026-09-20T16:31:34.073018-03:00"
"2026-02-10 06:00:00","19.2","21.5","94","0.4","0.4","51","100","4.9","archive","-23.558","-46.635","2026-09-20T16:31:34.073018-03:00"
"2026-02-10 07:00:00","19.7","21.8","91","0.2","0.2","51","99","6.3","archive","-23.558","-46.635","2026-09-20T16:31:34.073018-03:00"
"2026-02-10 08:00:00","21.0","23.4","86","0.1","0.1","51","88","5.4","archive","-23.558","-46.635","2026-09-20T16:31:34.073018-03:00"
"2026-02-10 09:00:00","20.4","22.2","88","0.2","0.2","51","100","8.1","archive","-23.558","-46.635","2026-09-20T16:31:34.073018-03:00"
"2026-02-10 10:00:00","21.2","23.1","85","0.9","0.9","53","100","8.7","archive","-23.558","-46.635","2026-09-20T16:31:34.073018-03:00"
"2026-02-10 11:00:00","23.5","24.9","74","0.2","0.2","51","99","14.2","archive","-23.558","-46.635","2026-09-20T16:31:34.073018-03:00"
"2026-02-10 12:00:00","24.3","26.1","73","0.1","0.1","51","100","14.8","archive","-23.558","-46.635","2026-09-20T16:31:34.073018-03:00"
"2026-02-10 13:00:00","23.4","24.9","75","0.6","0.6","53","100","12.0","archive","-23.558","-46.635","2026-09-20T16:31:34.073018-03:00"
"2026-02-10 14:00:00","24.0","24.9","70","0.0","0.0","3","99","13.7","archive","-23.558","-46.635","2026-09-20T16:31:34.073018-03:00"
"2026-02-10 15:00:00","24.2","26.2","73","0.1","0.1","51","100","9.9","archive","-23.558","-46.635","2026-09-20T16:31:34.073018-03:00"
"2026-02-10 16:00:00","25.0","26.9","69","0.3","0.3","51","94","9.5","archive","-23.558","-46.635","2026-09-20T16:31:34.073018-03:00"
"2026-02-10 17:00:00","23.0","24.1","76","0.7","0.7","53","97","13.6","archive","-23.558","-46.635","2026-09-20T16:31:34.073018-03:00"
"2026-02-10 18:00:00","22.2","24.9","82","0.1","0.1","51","100","4.3","archive","-23.558","-46.635","2026-09-20T16:31:34.073018-03:00"
"2026-02-10 19:00:00","21.9","24.7","84","0.0","0.0","3","100","4.5","archive","-23.558","-46.635","2026-09-20T16:31:34.073018-03:00"
"2026-02-10 20:00:00","21.9","24.6","86","0.0","0.0","2","75","5.8","archive","-23.558","-46.635","2026-09-20T16:31:34.073018-03:00"
"2026-02-10 21:00:00","22.1","25.2","87","0.0","0.0","3","85","3.7","archive","-23.558","-46.635","2026-09-20T16:31:34.073018-03:00"
"2026-02-10 22:00:00","20.6","22.9","92","5.9","5.9","63","83","7.6","archive","-23.558","-46.635","2026-09-20T16:31:34.073018-03:00"
"2026-02-10 23:00:00","19.8","22.0","97","10.5","10.5","65","100","8.5","archive","-23.558","-46.635","2026-09-20T16:31:34.073018-03:00"
"2026-02-11 00:00:00","20.3","22.4","93","1.2","1.2","55","100","8.1","archive","-23.558","-46.635","2026-09-20T16:31:34.073018-03:00"
"2026-02-11 01:00:00","20.2","22.2","94","1.7","1.7","61","100","9.3","archive","-23.558","-46.635","2026-09-20T16:31:34.073018-03:00"
"2026-02-11 02:00:00","20.1","21.7","92","2.2","2.2","61","100","11.2","archive","-23.558","-46.635","2026-09-20T16:31:34.073018-03:00"
"2026-02-11 03:00:00","20.3","22.2","92","2.1","2.1","61","94","9.8","archive","-23.558","-46.635","2026-09-20T16:31:34.073018-03:00"
"2026-02-11 04:00:00","20.3","21.5","91","0.6","0.6","53","100","13.8","archive","-23.558","-46.635","2026-09-20T16:31:34.073018-03:00"
"2026-02-11 05:00:00","20.1","21.2","91","0.7","0.7","53","98","14.4","archive","-23.558","-46.635","2026-09-20T16:31:34.073018-03:00"
"2026-02-11 06:00:00","20.2","21.2","91","0.1","0.1","51","100","14.4","archive","-23.558","-46.635","2026-09-20T16:31:34.073018-03:00"
"2026-02-11 07:00:00","20.2","21.2","91","1.4","1.4","61","100","15.1","archive","-23.558","-46.635","2026-09-20T16:31:34.073018-03:00"
"2026-02-11 08:00:00","20.6","21.6","89","0.7","0.7","53","85","15.1","archive","-23.558","-46.635","2026-09-20T16:31:34.073018-03:00"
"2026-02-11 09:00:00","21.5","22.5","88","0.3","0.3","51","100","17.6","archive","-23.558","-46.635","2026-09-20T16:31:34.073018-03:00"
"2026-02-11 10:00:00","23.9","25.0","75","1.0","1.0","55","100","16.6","archive","-23.558","-46.635","2026-09-20T16:31:34.073018-03:00"
"2026-02-11 11:00:00","23.8","24.7","75","0.2","0.2","51","100","16.3","archive","-23.558","-46.635","2026-09-20T16:31:34.073018-03:00"
"2026-02-11 12:00:00","24.3","25.2","71","0.0","0.0","3","100","16.4","archive","-23.558","-46.635","2026-09-20T16:31:34.073018-03:00"
"2026-02-11 13:00:00","25.5","26.3","64","0.0","0.0","3","100","15.3","archive","-23.558","-46.635","2026-09-20T16:31:34.073018-03:00"
"2026-02-11 14:00:00","26.1","27.5","61","0.0","0.0","3","100","14.9","archive","-23.558","-46.635","2026-09-20T16:31:34.073018-03:00"
"2026-02-11 15:00:00","26.2","27.0","60","0.0","0.0","3","100","13.7","archive","-23.558","-46.635","2026-09-20T16:31:34.073018-03:00"
"2026-02-11 16:00:00","26.0","26.8","60","0.0","0.0","3","100","12.6","archive","-23.558","-46.635","2026-09-20T16:31:34.073018-03:00"
"2026-02-11 17:00:00","25.9","27.0","61","0.0","0.0","3","100","11.8","archive","-23.558","-46.635","2026-09-20T16:31:34.073018-03:00"
"2026-02-11 18:00:00","25.0","26.8","67","0.0","0.0","3","100","9.1","archive","-23.558","-46.635","2026-09-20T16:31:34.073018-03:00"
"2026-02-11 19:00:00","23.8","26.0","75","0.0","0.0","3","100","8.1","archive","-23.558","-46.635","2026-09-20T16:31:34.073018-03:00"
"2026-02-11 20:00:00","23.1","25.6","80","0.3","0.3","51","100","7.4","archive","-23.558","-46.635","2026-09-20T16:31:34.073018-03:00"
"2026-02-11 21:00:00","22.8","25.4","83","0.3","0.3","51","100","7.2","archive","-23.558","-46.635","2026-09-20T16:31:34.073018-03:00"
"2026-02-11 22:00:00","22.4","25.1","86","1.0","1.0","55","100","7.8","archive","-23.558","-46.635","2026-09-20T16:31:34.073018-03:00"
"2026-02-11 23:00:00","22.1","24.9","89","0.3","0.3","51","100","7.6","archive","-23.558","-46.635","2026-09-20T16:31:34.073018-03:00"
"2026-02-12 00:00:00","21.7","24.5","91","0.1","0.1","51","100","7.0","archive","-23.558","-46.635","2026-09-20T16:31:34.073018-03:00"
"2026-02-12 01:00:00","21.6","24.5","91","0.1","0.1","51","100","6.9","archive","-23.558","-46.635","2026-09-20T16:31:34.073018-03:00"
"2026-02-12 02:00:00","21.5","23.9","90","0.0","0.0","3","100","9.2","archive","-23.558","-46.635","2026-09-20T16:31:34.073018-03:00"
"2026-02-12 03:00:00","21.0","23.1","90","0.2","0.2","51","100","9.7","archive","-23.558","-46.635","2026-09-20T16:31:34.073018-03:00"
"2026-02-12 04:00:00","21.0","23.2","91","0.0","0.0","3","85","9.6","archive","-23.558","-46.635","2026-09-20T16:31:34.073018-03:00"
"2026-02-12 05:00:00","20.9","23.2","92","0.0","0.0","3","99","8.9","archive","-23.558","-46.635","2026-09-20T16:31:34.073018-03:00"
"2026-02-12 06:00:00","20.7","23.0","92","0.0","0.0","2","59","8.5","archive","-23.558","-46.635","2026-09-20T16:31:34.073018-03:00"
"2026-02-12 07:00:00","21.2","23.9","92","0.0","0.0","2","54","7.0","archive","-23.558","-46.635","2026-09-20T16:31:34.073018-03:00"
"2026-02-12 08:00:00","22.7","25.5","86","0.0","0.0","2","75","7.5","archive","-23.558","-46.635","2026-09-20T16:31:34.073018-03:00"
"2026-02-12 09:00:00","25.1","26.9","72","0.0","0.0","0","18","12.2","archive","-23.558","-46.635","2026-09-20T16:31:34.073018-03:00"
"2026-02-12 10:00:00","26.1","28.2","65","0.0","0.0","0","8","13.8","archive","-23.558","-46.635","2026-09-20T16:31:34.073018-03:00"
"2026-02-12 11:00:00","27.0","30.2","61","0.0","0.0","0","8","13.6","archive","-23.558","-46.635","2026-09-20T16:31:34.073018-03:00"
"2026-02-12 12:00:00","28.0","31.6","57","0.0","0.0","0","16","13.3","archive","-23.558","-46.635","2026-09-20T16:31:34.073018-03:00"
"2026-02-12 13:00:00","28.6","32.2","56","0.0","0.0","0","12","13.7","archive","-23.558","-46.635","2026-09-20T16:31:34.073018-03:00"
"2026-02-12 14:00:00","29.2","32.7","54","0.0","0.0","1","20","13.1","archive","-23.558","-46.635","2026-09-20T16:31:34.073018-03:00"
"2026-02-12 15:00:00","29.1","32.1","52","0.1","0.1","51","53","10.9","archive","-23.558","-46.635","2026-09-20T16:31:34.073018-03:00"
"2026-02-12 16:00:00","28.7","30.2","53","0.0","0.0","2","67","9.8","archive","-23.558","-46.635","2026-09-20T16:31:34.073018-03:00"
"2026-02-12 17:00:00","26.7","29.0","61","0.5","0.5","53","76","5.6","archive","-23.558","-46.635","2026-09-20T16:31:34.073018-03:00"
"2026-02-12 18:00:00","26.6","29.1","62","0.3","0.3","51","68","4.8","archive","-23.558","-46.635","2026-09-20T16:31:34.073018-03:00"
"2026-02-12 19:00:00","25.9","28.7","66","0.0","0.0","1","27","4.2","archive","-23.558","-46.635","2026-09-20T16:31:34.073018-03:00"
"2026-02-12 20:00:00","25.3","28.6","72","0.0","0.0","1","30","2.9","archive","-23.558","-46.635","2026-09-20T16:31:34.073018-03:00"
"2026-02-12 21:00:00","25.1","29.2","79","0.0","0.0","2","70","2.7","archive","-23.558","-46.635","2026-09-20T16:31:34.073018-03:00"
"2026-02-12 22:00:00","25.4","29.1","75","0.0","0.0","2","76","2.7","archive","-23.558","-46.635","2026-09-20T16:31:34.073018-03:00"
"2026-02-12 23:00:00","24.7","28.3","79","0.0","0.0","2","74","4.0","archive","-23.558","-46.635","2026-09-20T16:31:34.073018-03:00"
"2026-02-13 00:00:00","23.8","27.8","85","0.0","0.0","1","27","3.1","archive","-23.558","-46.635","2026-09-20T16:31:34.073018-03:00"
"2026-02-13 01:00:00","23.2","27.1","89","0.0","0.0","0","18","3.4","archive","-23.558","-46.635","2026-09-20T16:31:34.073018-03:00"
"2026-02-13 02:00:00","22.5","26.4","91","0.0","0.0","0","19","3.0","archive","-23.558","-46.635","2026-09-20T16:31:34.073018-03:00"
"2026-02-13 03:00:00","22.1","25.7","91","0.0","0.0","0","19","3.7","archive","-23.558","-46.635","2026-09-20T16:31:34.073018-03:00"
"2026-02-13 04:00:00","21.6","24.8","88","0.0","0.0","0","18","2.6","archive","-23.558","-46.635","2026-09-20T16:31:34.073018-03:00"
"2026-02-13 05:00:00","21.4","24.5","86","0.0","0.0","1","41","1.8","archive","-23.558","-46.635","2026-09-20T16:31:34.073018-03:00"
"2026-02-13 06:00:00","21.0","23.8","87","0.0","0.0","3","100","3.5","archive","-23.558","-46.635","2026-09-20T16:31:34.073018-03:00"
"2026-02-13 07:00:00","22.5","24.8","79","0.0","0.0","3","100","5.9","archive","-23.558","-46.635","2026-09-20T16:31:34.073018-03:00"
"2026-02-13 08:00:00","23.5","26.3","76","0.0","0.0","3","80","4.0","archive","-23.558","-46.635","2026-09-20T16:31:34.073018-03:00"
"2026-02-13 09:00:00","27.4","29.8","59","0.0","0.0","0","0","5.3","archive","-23.558","-46.635","2026-09-20T16:31:34.073018-03:00"
"2026-02-13 10:00:00","28.9","31.7","52","0.0","0.0","0","13","9.3","archive","-23.558","-46.635","2026-09-20T16:31:34.073018-03:00"
"2026-02-13 11:00:00","29.5","33.0","50","0.0","0.0","1","23","9.2","archive","-23.558","-46.635","2026-09-20T16:31:34.073018-03:00"
"2026-02-13 12:00:00","30.0","33.8","48","0.0","0.0","1","30","8.8","archive","-23.558","-46.635","2026-09-20T16:31:34.073018-03:00"
"2026-02-13 13:00:00","30.6","34.8","47","0.1","0.1","51","41","6.7","archive","-23.558","-46.635","2026-09-20T16:31:34.073018-03:00"
"2026-02-13 14:00:00","31.0","35.2","47","0.0","0.0","1","40","5.9","archive","-23.558","-46.635","2026-09-20T16:31:34.073018-03:00"
"2026-02-13 15:00:00","30.7","33.3","46","0.0","0.0","2","52","8.7","archive","-23.558","-46.635","2026-09-20T16:31:34.073018-03:00"
"2026-02-13 16:00:00","31.0","32.9","44","0.0","0.0","2","57","6.9","archive","-23.558","-46.635","2026-09-20T16:31:34.073018-03:00"
"2026-02-13 17:00:00","30.8","32.7","44","0.0","0.0","1","48","4.6","archive","-23.558","-46.635","2026-09-20T16:31:34.073018-03:00"
"2026-02-13 18:00:00","29.1","30.9","49","0.3","0.3","51","76","4.3","archive","-23.558","-46.635","2026-09-20T16:31:34.073018-03:00"
"2026-02-13 19:00:00","23.6","26.0","77","3.6","3.6","63","98","7.2","archive","-23.558","-46.635","2026-09-20T16:31:34.073018-03:00"
"2026-02-13 20:00:00","24.1","27.2","76","0.1","0.1","51","74","3.2","archive","-23.558","-46.635","2026-09-20T16:31:34.073018-03:00"
"2026-02-13 21:00:00","26.0","28.4","66","0.0","0.0","3","96","6.6","archive","-23.558","-46.635","2026-09-20T16:31:34.073018-03:00"
"2026-02-13 22:00:00","25.9","29.0","68","0.0","0.0","3","99","3.2","archive","-23.558","-46.635","2026-09-20T16:31:34.073018-03:00"
"2026-02-13 23:00:00","23.9","25.6","75","0.3","0.3","51","100","12.1","archive","-23.558","-46.635","2026-09-20T16:31:34.073018-03:00"
"2026-02-14 00:00:00","21.5","23.2","87","0.0","0.0","3","100","12.1","archive","-23.558","-46.635","2026-09-20T16:31:34.073018-03:00"
"2026-02-14 01:00:00","21.2","24.0","85","0.0","0.0","3","100","2.6","archive","-23.558","-46.635","2026-09-20T16:31:34.073018-03:00"
"2026-02-14 02:00:00","21.2","24.1","84","0.0","0.0","3","100","0.9","archive","-23.558","-46.635","2026-09-20T16:31:34.073018-03:00"
"2026-02-14 03:00:00","21.7","24.8","87","0.0","0.0","3","100","3.4","archive","-23.558","-46.635","2026-09-20T16:31:34.073018-03:00"
"2026-02-14 04:00:00","22.0","24.7","85","0.0","0.0","3","100","5.2","archive","-23.558","-46.635","2026-09-20T16:31:34.073018-03:00"
"2026-02-14 05:00:00","21.6","24.3","86","0.0","0.0","3","100","5.6","archive","-23.558","-46.635","2026-09-20T16:31:34.073018-03:00"
"2026-02-14 06:00:00","21.1","24.0","89","0.0","0.0","3","100","4.3","archive","-23.558","-46.635","2026-09-20T16:31:34.073018-03:00"
"2026-02-14 07:00:00","21.2","24.2","89","0.0","0.0","3","100","3.6","archive","-23.558","-46.635","2026-09-20T16:31:34.073018-03:00"
"2026-02-14 08:00:00","22.3","25.5","85","0.0","0.0","3","100","3.3","archive","-23.558","-46.635","2026-09-20T16:31:34.073018-03:00"
"2026-02-14 09:00:00","23.7","26.1","78","0.0","0.0","3","100","9.3","archive","-23.558","-46.635","2026-09-20T16:31:34.073018-03:00"
"2026-02-14 10:00:00","24.5","27.0","74","0.2","0.2","51","100","8.1","archive","-23.558","-46.635","2026-09-20T16:31:34.073018-03:00"
"2026-02-14 11:00:00","26.2","30.2","66","0.1","0.1","51","100","5.5","archive","-23.558","-46.635","2026-09-20T16:31:34.073018-03:00"
"2026-02-14 12:00:00","27.6","32.1","59","0.0","0.0","3","100","5.2","archive","-23.558","-46.635","2026-09-20T16:31:34.073018-03:00"
"2026-02-14 13:00:00","28.4","32.5","55","0.0","0.0","3","100","4.2","archive","-23.558","-46.635","2026-09-20T16:31:34.073018-03:00"
"2026-02-14 14:00:00","29.3","33.8","51","0.0","0.0","3","99","3.3","archive","-23.558","-46.635","2026-09-20T16:31:34.073018-03:00"
"2026-02-14 15:00:00","26.9","29.7","62","0.0","0.0","3","100","9.2","archive","-23.558","-46.635","2026-09-20T16:31:34.073018-03:00"
"2026-02-14 16:00:00","27.0","30.3","68","0.4","0.4","51","98","8.5","archive","-23.558","-46.635","2026-09-20T16:31:34.073018-03:00"
"2026-02-14 17:00:00","26.4","29.1","70","0.1","0.1","51","100","9.5","archive","-23.558","-46.635","2026-09-20T16:31:34.073018-03:00"
"2026-02-14 18:00:00","25.5","28.0","73","0.0","0.0","2","73","10.0","archive","-23.558","-46.635","2026-09-20T16:31:34.073018-03:00"
"2026-02-14 19:00:00","24.2","26.8","79","0.0","0.0","2","75","9.7","archive","-23.558","-46.635","2026-09-20T16:31:34.073018-03:00"
"2026-02-14 20:00:00","23.1","26.1","85","0.0","0.0","3","97","7.9","archive","-23.558","-46.635","2026-09-20T16:31:34.073018-03:00"
"2026-02-14 21:00:00","22.2","25.3","90","0.0","0.0","1","30","7.1","archive","-23.558","-46.635","2026-09-20T16:31:34.073018-03:00"
"2026-02-14 22:00:00","21.7","24.7","92","0.0","0.0","1","33","6.6","archive","-23.558","-46.635","2026-09-20T16:31:34.073018-03:00"
"2026-02-14 23:00:00","21.2","24.3","94","0.0","0.0","1","35","5.5","archive","-23.558","-46.635","2026-09-20T16:31:34.073018-03:00"
"2026-02-15 00:00:00","20.9","24.1","95","0.0","0.0","3","88","4.3","archive","-23.558","-46.635","2026-09-20T16:31:34.073018-03:00"
"2026-02-15 01:00:00","20.6","23.8","95","0.0","0.0","2","52","3.8","archive","-23.558","-46.635","2026-09-20T16:31:34.073018-03:00"
"2026-02-15 02:00:00","20.4","23.5","95","0.0","0.0","2","63","4.0","archive","-23.558","-46.635","2026-09-20T16:31:34.073018-03:00"
"2026-02-15 03:00:00","20.3","23.4","96","0.0","0.0","2","63","4.0","archive","-23.558","-46.635","2026-09-20T16:31:34.073018-03:00"
"2026-02-15 04:00:00","20.2","23.1","96","0.0","0.0","3","93","4.6","archive","-23.558","-46.635","2026-09-20T16:31:34.073018-03:00"
"2026-02-15 05:00:00","19.9","22.7","97","0.0","0.0","3","98","4.9","archive","-23.558","-46.635","2026-09-20T16:31:34.073018-03:00"
"2026-02-15 06:00:00","19.7","22.3","96","0.0","0.0","1","36","5.2","archive","-23.558","-46.635","2026-09-20T16:31:34.073018-03:00"
"2026-02-15 07:00:00","20.0","22.5","93","0.0","0.0","1","48","5.1","archive","-23.558","-46.635","2026-09-20T16:31:34.073018-03:00"
"2026-02-15 08:00:00","21.1","23.8","86","0.0","0.0","1","39","3.5","archive","-23.558","-46.635","2026-09-20T16:31:34.073018-03:00"
"2026-02-15 09:00:00","24.1","26.9","74","0.0","0.0","1","42","3.8","archive","-23.558","-46.635","2026-09-20T16:31:34.073018-03:00"
"2026-02-15 10:00:00","26.6","30.2","58","0.0","0.0","1","23","4.1","archive","-23.558","-46.635","2026-09-20T16:31:34.073018-03:00"
"2026-02-15 11:00:00","28.7","32.4","46","0.0","0.0","3","100","4.4","archive","-23.558","-46.635","2026-09-20T16:31:34.073018-03:00"
"2026-02-15 12:00:00","30.3","34.0","39","0.0","0.0","2","79","4.3","archive","-23.558","-46.635","2026-09-20T16:31:34.073018-03:00"
"2026-02-15 13:00:00","30.9","33.5","37","0.0","0.0","3","100","5.2","archive","-23.558","-46.635","2026-09-20T16:31:34.073018-03:00"
"2026-02-15 14:00:00","30.7","31.5","38","0.0","0.0","3","100","7.7","archive","-23.558","-46.635","2026-09-20T16:31:34.073018-03:00"
"2026-02-15 15:00:00","31.2","31.9","36","0.0","0.0","3","85","10.3","archive","-23.558","-46.635","2026-09-20T16:31:34.073018-03:00"
"2026-02-15 16:00:00","30.3","31.4","42","0.1","0.1","51","75","11.7","archive","-23.558","-46.635","2026-09-20T16:31:34.073018-03:00"
"2026-02-15 17:00:00","28.5","30.1","57","0.0","0.0","1","23","12.0","archive","-23.558","-46.635","2026-09-20T16:31:34.073018-03:00"
"2026-02-15 18:00:00","26.2","27.8","66","0.0","0.0","1","20","13.1","archive","-23.558","-46.635","2026-09-20T16:31:34.073018-03:00"
"2026-02-15 19:00:00","24.0","25.9","75","0.0","0.0","1","24","10.7","archive","-23.558","-46.635","2026-09-20T16:31:34.073018-03:00"
"2026-02-15 20:00:00","22.8","24.8","79","0.0","0.0","1","22","9.4","archive","-23.558","-46.635","2026-09-20T16:31:34.073018-03:00"
"2026-02-15 21:00:00","22.6","25.1","83","0.0","0.0","1","27","7.2","archive","-23.558","-46.635","2026-09-20T16:31:34.073018-03:00"
"2026-02-15 22:00:00","22.2","24.9","84","0.0","0.0","0","18","5.8","archive","-23.558","-46.635","2026-09-20T16:31:34.073018-03:00"
"2026-02-15 23:00:00","21.8","24.8","86","0.0","0.0","1","22","4.2","archive","-23.558","-46.635","2026-09-20T16:31:34.073018-03:00"
"2026-02-16 00:00:00","21.5","24.3","88","0.0","0.0","1","30","4.8","archive","-23.558","-46.635","2026-09-20T16:31:34.073018-03:00"
"2026-02-16 01:00:00","21.2","24.0","89","0.0","0.0","1","23","4.7","archive","-23.558","-46.635","2026-09-20T16:31:34.073018-03:00"
"2026-02-16 02:00:00","20.9","23.9","90","0.0","0.0","1","25","2.6","archive","-23.558","-46.635","2026-09-20T16:31:34.073018-03:00"
"2026-02-16 03:00:00","20.4","23.6","94","0.0","0.0","0","1","2.0","archive","-23.558","-46.635","2026-09-20T16:31:34.073018-03:00"
"2026-02-16 04:00:00","20.4","23.6","93","0.0","0.0","0","2","2.3","archive","-23.558","-46.635","2026-09-20T16:31:34.073018-03:00"
"2026-02-16 05:00:00","19.9","22.8","95","0.0","0.0","3","91","2.9","archive","-23.558","-46.635","2026-09-20T16:31:34.073018-03:00"
"2026-02-16 06:00:00","19.5","22.1","96","0.0","0.0","3","100","4.3","archive","-23.558","-46.635","2026-09-20T16:31:34.073018-03:00"
"2026-02-16 07:00:00","19.9","22.3","91","0.0","0.0","1","34","4.1","archive","-23.558","-46.635","2026-09-20T16:31:34.073018-03:00"
"2026-02-16 08:00:00","21.8","24.4","79","0.0","0.0","0","5","2.2","archive","-23.558","-46.635","2026-09-20T16:31:34.073018-03:00"
"2026-02-16 09:00:00","25.2","28.0","66","0.0","0.0","0","0","2.1","archive","-23.558","-46.635","2026-09-20T16:31:34.073018-03:00"
"2026-02-16 10:00:00","28.5","32.5","53","0.0","0.0","0","5","2.0","archive","-23.558","-46.635","2026-09-20T16:31:34.073018-03:00"
"2026-02-16 11:00:00","30.9","34.7","40","0.0","0.0","0","14","3.9","archive","-23.558","-46.635","2026-09-20T16:31:34.073018-03:00"
"2026-02-16 12:00:00","32.2","35.7","34","0.0","0.0","0","14","4.7","archive","-23.558","-46.635","2026-09-20T16:31:34.073018-03:00"
"2026-02-16 13:00:00","32.9","35.8","31","0.0","0.0","0","17","6.3","archive","-23.558","-46.635","2026-09-20T16:31:34.073018-03:00"
"2026-02-16 14:00:00","33.9","36.3","28","0.0","0.0","1","37","6.6","archive","-23.558","-46.635","2026-09-20T16:31:34.073018-03:00"
"2026-02-16 15:00:00","33.4","35.4","27","0.0","0.0","2","63","2.4","archive","-23.558","-46.635","2026-09-20T16:31:34.073018-03:00"
"2026-02-16 16:00:00","30.0","30.7","44","0.5","0.5","53","83","10.1","archive","-23.558","-46.635","2026-09-20T16:31:34.073018-03:00"
"2026-02-16 17:00:00","29.4","31.4","50","0.7","0.7","53","25","5.6","archive","-23.558","-46.635","2026-09-20T16:31:34.073018-03:00"
"2026-02-16 18:00:00","29.6","31.2","45","0.0","0.0","0","10","4.7","archive","-23.558","-46.635","2026-09-20T16:31:34.073018-03:00"
"2026-02-16 19:00:00","29.0","30.7","49","0.0","0.0","0","3","5.1","archive","-23.558","-46.635","2026-09-20T16:31:34.073018-03:00"
"2026-02-16 20:00:00","27.7","30.9","64","0.0","0.0","0","3","6.0","archive","-23.558","-46.635","2026-09-20T16:31:34.073018-03:00"
"2026-02-16 21:00:00","26.7","30.2","69","0.0","0.0","0","11","4.3","archive","-23.558","-46.635","2026-09-20T16:31:34.073018-03:00"
"2026-02-16 22:00:00","26.1","29.5","72","0.0","0.0","0","4","5.1","archive","-23.558","-46.635","2026-09-20T16:31:34.073018-03:00"
"2026-02-16 23:00:00","25.8","29.0","71","0.0","0.0","0","0","5.2","archive","-23.558","-46.635","2026-09-20T16:31:34.073018-03:00"
"2026-02-17 00:00:00","25.7","28.7","69","0.0","0.0","0","0","4.4","archive","-23.558","-46.635","2026-09-20T16:31:34.073018-03:00"
"2026-02-17 01:00:00","25.4","28.3","70","0.0","0.0","0","7","4.8","archive","-23.558","-46.635","2026-09-20T16:31:34.073018-03:00"
"2026-02-17 02:00:00","24.8","27.5","72","0.0","0.0","0","5","5.5","archive","-23.558","-46.635","2026-09-20T16:31:34.073018-03:00"
"2026-02-17 03:00:00","23.7","27.3","80","0.0","0.0","3","100","1.8","archive","-23.558","-46.635","2026-09-20T16:31:34.073018-03:00"
"2026-02-17 04:00:00","23.6","26.5","77","0.0","0.0","3","100","3.8","archive","-23.558","-46.635","2026-09-20T16:31:34.073018-03:00"
"2026-02-17 05:00:00","23.0","26.0","80","0.0","0.0","0","13","2.8","archive","-23.558","-46.635","2026-09-20T16:31:34.073018-03:00"
"2026-02-17 06:00:00","22.2","25.4","84","0.0","0.0","0","4","2.2","archive","-23.558","-46.635","2026-09-20T16:31:34.073018-03:00"
"2026-02-17 07:00:00","22.8","25.7","79","0.0","0.0","0","7","2.8","archive","-23.558","-46.635","2026-09-20T16:31:34.073018-03:00"
"2026-02-17 08:00:00","25.0","27.4","65","0.0","0.0","0","2","3.5","archive","-23.558","-46.635","2026-09-20T16:31:34.073018-03:00"
"2026-02-17 09:00:00","28.5","29.6","49","0.0","0.0","2","65","8.0","archive","-23.558","-46.635","2026-09-20T16:31:34.073018-03:00"
"2026-02-17 10:00:00","29.1","30.0","47","0.0","0.0","3","95","9.8","archive","-23.558","-46.635","2026-09-20T16:31:34.073018-03:00"
"2026-02-17 11:00:00","30.6","32.2","42","0.0","0.0","2","62","10.0","archive","-23.558","-46.635","2026-09-20T16:31:34.073018-03:00"
"2026-02-17 12:00:00","31.4","33.2","40","0.0","0.0","3","100","10.2","archive","-23.558","-46.635","2026-09-20T16:31:34.073018-03:00"
"2026-02-17 13:00:00","29.7","30.5","45","0.4","0.4","51","100","10.6","archive","-23.558","-46.635","2026-09-20T16:31:34.073018-03:00"
"2026-02-17 14:00:00","29.5","30.5","46","0.0","0.0","3","100","8.4","archive","-23.558","-46.635","2026-09-20T16:31:34.073018-03:00"
"2026-02-17 15:00:00","30.1","30.8","41","0.0","0.0","1","43","7.3","archive","-23.558","-46.635","2026-09-20T16:31:34.073018-03:00"
"2026-02-17 16:00:00","31.5","33.1","37","0.0","0.0","0","3","4.4","archive","-23.558","-46.635","2026-09-20T16:31:34.073018-03:00"
"2026-02-17 17:00:00","31.9","32.9","36","0.0","0.0","1","45","4.3","archive","-23.558","-46.635","2026-09-20T16:31:34.073018-03:00"
"2026-02-17 18:00:00","25.2","27.6","72","3.5","3.5","63","67","9.4","archive","-23.558","-46.635","2026-09-20T16:31:34.073018-03:00"
"2026-02-17 19:00:00","25.6","28.5","68","0.1","0.1","51","7","3.4","archive","-23.558","-46.635","2026-09-20T16:31:34.073018-03:00"
"2026-02-17 20:00:00","25.9","28.6","66","0.0","0.0","0","2","4.0","archive","-23.558","-46.635","2026-09-20T16:31:34.073018-03:00"
"2026-02-17 21:00:00","25.1","27.6","67","0.0","0.0","1","32","3.9","archive","-23.558","-46.635","2026-09-20T16:31:34.073018-03:00"
"2026-02-17 22:00:00","24.7","27.1","70","0.0","0.0","1","39","5.8","archive","-23.558","-46.635","2026-09-20T16:31:34.073018-03:00"
"2026-02-17 23:00:00","24.3","26.4","71","0.0","0.0","1","33","6.9","archive","-23.558","-46.635","2026-09-20T16:31:34.073018-03:00"
"2026-02-18 00:00:00","23.8","26.1","73","0.0","0.0","3","95","5.8","archive","-23.558","-46.635","2026-09-20T16:31:34.073018-03:00"
"2026-02-18 01:00:00","23.0","25.4","77","0.0","0.0","3","98","6.2","archive","-23.558","-46.635","2026-09-20T16:31:34.073018-03:00"
"2026-02-18 02:00:00","22.3","24.7","82","0.0","0.0","3","97","6.7","archive","-23.558","-46.635","2026-09-20T16:31:34.073018-03:00"
"2026-02-18 03:00:00","22.2","24.7","84","0.0","0.0","3","100","7.3","archive","-23.558","-46.635","2026-09-20T16:31:34.073018-03:00"
"2026-02-18 04:00:00","21.9","24.5","85","0.0","0.0","3","100","5.9","archive","-23.558","-46.635","2026-09-20T16:31:34.073018-03:00"
"2026-02-18 05:00:00","21.6","24.1","86","0.0","0.0","1","40","5.9","archive","-23.558","-46.635","2026-09-20T16:31:34.073018-03:00"
"2026-02-18 06:00:00","21.2","23.6","88","0.0","0.0","1","30","6.5","archive","-23.558","-46.635","2026-09-20T16:31:34.073018-03:00"
"2026-02-18 07:00:00","21.7","24.0","85","0.0","0.0","1","35","6.7","archive","-23.558","-46.635","2026-09-20T16:31:34.073018-03:00"
"2026-02-18 08:00:00","23.1","25.3","77","0.0","0.0","1","41","6.9","archive","-23.558","-46.635","2026-09-20T16:31:34.073018-03:00"
"2026-02-18 09:00:00","24.9","27.4","72","0.0","0.0","0","2","7.1","archive","-23.558","-46.635","2026-09-20T16:31:34.073018-03:00"
"2026-02-18 10:00:00","26.8","30.7","66","0.0","0.0","2","64","7.7","archive","-23.558","-46.635","2026-09-20T16:31:34.073018-03:00"
"2026-02-18 11:00:00","27.3","30.2","62","0.0","0.0","3","100","9.2","archive","-23.558","-46.635","2026-09-20T16:31:34.073018-03:00"
"2026-02-18 12:00:00","26.7","28.6","63","0.0","0.0","3","81","9.6","archive","-23.558","-46.635","2026-09-20T16:31:34.073018-03:00"
"2026-02-18 13:00:00","28.2","32.5","59","0.0","0.0","3","98","8.3","archive","-23.558","-46.635","2026-09-20T16:31:34.073018-03:00"
"2026-02-18 14:00:00","25.8","28.9","68","0.1","0.1","51","84","2.7","archive","-23.558","-46.635","2026-09-20T16:31:34.073018-03:00"
"2026-02-18 15:00:00","27.7","30.6","60","0.1","0.1","51","93","4.5","archive","-23.558","-46.635","2026-09-20T16:31:34.073018-03:00"
"2026-02-18 16:00:00","28.2","31.5","57","0.0","0.0","1","42","3.3","archive","-23.558","-46.635","2026-09-20T16:31:34.073018-03:00"
"2026-02-18 17:00:00","26.1","28.6","63","0.2","0.2","51","63","4.2","archive","-23.558","-46.635","2026-09-20T16:31:34.073018-03:00"
"2026-02-18 18:00:00","25.5","28.1","65","0.2","0.2","51","67","3.5","archive","-23.558","-46.635","2026-09-20T16:31:34.073018-03:00"
"2026-02-18 19:00:00","25.0","27.7","69","0.1","0.1","51","27","3.8","archive","-23.558","-46.635","2026-09-20T16:31:34.073018-03:00"
"2026-02-18 20:00:00","24.5","27.2","73","0.0","0.0","1","43","5.6","archive","-23.558","-46.635","2026-09-20T16:31:34.073018-03:00"
"2026-02-18 21:00:00","23.1","26.5","88","0.0","0.0","1","26","6.3","archive","-23.558","-46.635","2026-09-20T16:31:34.073018-03:00"
"2026-02-18 22:00:00","22.9","27.0","90","0.0","0.0","1","30","2.3","archive","-23.558","-46.635","2026-09-20T16:31:34.073018-03:00"
"2026-02-18 23:00:00","22.5","26.6","92","0.0","0.0","1","26","1.8","archive","-23.558","-46.635","2026-09-20T16:31:34.073018-03:00"
"2026-02-19 00:00:00","21.9","25.9","93","0.2","0.2","51","27","1.9","archive","-23.558","-46.635","2026-09-20T16:31:34.073018-03:00"
"2026-02-19 01:00:00","21.6","25.6","94","0.1","0.1","51","20","0.7","archive","-23.558","-46.635","2026-09-20T16:31:34.073018-03:00"
"2026-02-19 02:00:00","21.4","25.1","95","0.1","0.1","51","100","3.0","archive","-23.558","-46.635","2026-09-20T16:31:34.073018-03:00"
"2026-02-19 03:00:00","20.8","23.9","94","0.1","0.1","51","91","3.8","archive","-23.558","-46.635","2026-09-20T16:31:34.073018-03:00"
"2026-02-19 04:00:00","21.2","24.4","92","0.0","0.0","1","46","4.1","archive","-23.558","-46.635","2026-09-20T16:31:34.073018-03:00"
"2026-02-19 05:00:00","20.7","23.5","93","0.2","0.2","51","70","5.3","archive","-23.558","-46.635","2026-09-20T16:31:34.073018-03:00"
"2026-02-19 06:00:00","20.8","23.9","94","0.0","0.0","1","48","4.2","archive","-23.558","-46.635","2026-09-20T16:31:34.073018-03:00"
"2026-02-19 07:00:00","21.0","23.9","94","0.0","0.0","1","38","6.2","archive","-23.558","-46.635","2026-09-20T16:31:34.073018-03:00"
"2026-02-19 08:00:00","22.2","25.4","87","0.0","0.0","3","100","4.5","archive","-23.558","-46.635","2026-09-20T16:31:34.073018-03:00"
"2026-02-19 09:00:00","24.0","27.0","78","0.0","0.0","1","26","5.2","archive","-23.558","-46.635","2026-09-20T16:31:34.073018-03:00"
"2026-02-19 10:00:00","25.4","29.0","71","0.0","0.0","3","100","5.2","archive","-23.558","-46.635","2026-09-20T16:31:34.073018-03:00"
"2026-02-19 11:00:00","26.4","30.7","63","0.1","0.1","51","40","3.9","archive","-23.558","-46.635","2026-09-20T16:31:34.073018-03:00"
"2026-02-19 12:00:00","27.7","32.3","57","0.3","0.3","51","63","3.0","archive","-23.558","-46.635","2026-09-20T16:31:34.073018-03:00"
"2026-02-19 13:00:00","25.4","27.0","63","0.6","0.6","53","68","12.1","archive","-23.558","-46.635","2026-09-20T16:31:34.073018-03:00"
"2026-02-19 14:00:00","25.7","28.8","67","0.4","0.4","51","48","8.0","archive","-23.558","-46.635","2026-09-20T16:31:34.073018-03:00"
"2026-02-19 15:00:00","24.9","27.0","73","0.4","0.4","51","69","10.5","archive","-23.558","-46.635","2026-09-20T16:31:34.073018-03:00"
"2026-02-19 16:00:00","25.4","28.1","71","0.0","0.0","1","48","7.1","archive","-23.558","-46.635","2026-09-20T16:31:34.073018-03:00"
"2026-02-19 17:00:00","25.4","27.5","69","0.1","0.1","51","20","9.3","archive","-23.558","-46.635","2026-09-20T16:31:34.073018-03:00"
"2026-02-19 18:00:00","24.0","25.8","76","0.0","0.0","1","28","11.8","archive","-23.558","-46.635","2026-09-20T16:31:34.073018-03:00"
"2026-02-19 19:00:00","22.7","24.9","82","0.0","0.0","1","28","9.8","archive","-23.558","-46.635","2026-09-20T16:31:34.073018-03:00"
"2026-02-19 20:00:00","22.1","24.6","85","0.0","0.0","1","27","7.4","archive","-23.558","-46.635","2026-09-20T16:31:34.073018-03:00"
"2026-02-19 21:00:00","21.8","24.5","87","0.0","0.0","1","30","5.9","archive","-23.558","-46.635","2026-09-20T16:31:34.073018-03:00"
"2026-02-19 22:00:00","21.6","24.5","88","0.0","0.0","1","36","5.2","archive","-23.558","-46.635","2026-09-20T16:31:34.073018-03:00"
"2026-02-19 23:00:00","21.3","24.3","89","0.0","0.0","1","28","4.2","archive","-23.558","-46.635","2026-09-20T16:31:34.073018-03:00"
"2026-02-20 00:00:00","21.1","24.0","90","0.0","0.0","3","100","4.0","archive","-23.558","-46.635","2026-09-20T16:31:34.073018-03:00"
"2026-02-20 01:00:00","20.8","23.7","91","0.0","0.0","2","72","3.8","archive","-23.558","-46.635","2026-09-20T16:31:34.073018-03:00"
"2026-02-20 02:00:00","20.5","23.5","93","0.0","0.0","3","100","3.4","archive","-23.558","-46.635","2026-09-20T16:31:34.073018-03:00"
"2026-02-20 03:00:00","20.3","23.1","95","0.0","0.0","3","100","5.2","archive","-23.558","-46.635","2026-09-20T16:31:34.073018-03:00"
"2026-02-20 04:00:00","20.2","23.0","95","0.0","0.0","3","100","4.9","archive","-23.558","-46.635","2026-09-20T16:31:34.073018-03:00"
"2026-02-20 05:00:00","19.9","23.2","98","0.0","0.0","3","99","2.0","archive","-23.558","-46.635","2026-09-20T16:31:34.073018-03:00"
"2026-02-20 06:00:00","19.6","22.8","98","0.0","0.0","3","98","2.7","archive","-23.558","-46.635","2026-09-20T16:31:34.073018-03:00"
"2026-02-20 07:00:00","19.7","22.5","97","0.0","0.0","3","100","4.6","archive","-23.558","-46.635","2026-09-20T16:31:34.073018-03:00"
"2026-02-20 08:00:00","20.9","23.4","89","0.0","0.0","3","100","5.9","archive","-23.558","-46.635","2026-09-20T16:31:34.073018-03:00"
"2026-02-20 09:00:00","23.4","26.2","78","0.0","0.0","3","100","4.7","archive","-23.558","-46.635","2026-09-20T16:31:34.073018-03:00"
"2026-02-20 10:00:00","25.5","29.4","69","0.0","0.0","2","62","2.7","archive","-23.558","-46.635","2026-09-20T16:31:34.073018-03:00"
"2026-02-20 11:00:00","27.9","32.6","54","0.0","0.0","3","92","2.8","archive","-23.558","-46.635","2026-09-20T16:31:34.073018-03:00"
"2026-02-20 12:00:00","29.5","33.6","45","0.0","0.0","3","97","4.4","archive","-23.558","-46.635","2026-09-20T16:31:34.073018-03:00"
"2026-02-20 13:00:00","30.1","32.9","40","0.0","0.0","3","94","5.8","archive","-23.558","-46.635","2026-09-20T16:31:34.073018-03:00"
"2026-02-20 14:00:00","30.9","33.8","36","0.0","0.0","3","98","5.5","archive","-23.558","-46.635","2026-09-20T16:31:34.073018-03:00"
"2026-02-20 15:00:00","31.9","33.6","31","0.0","0.0","3","90","6.8","archive","-23.558","-46.635","2026-09-20T16:31:34.073018-03:00"
"2026-02-20 16:00:00","28.6","29.2","49","0.3","0.3","51","71","12.8","archive","-23.558","-46.635","2026-09-20T16:31:34.073018-03:00"
"2026-02-20 17:00:00","26.7","28.9","68","0.1","0.1","51","68","11.2","archive","-23.558","-46.635","2026-09-20T16:31:34.073018-03:00"
"2026-02-20 18:00:00","25.7","27.9","72","0.0","0.0","3","97","12.5","archive","-23.558","-46.635","2026-09-20T16:31:34.073018-03:00"
"2026-02-20 19:00:00","24.2","26.4","77","0.0","0.0","3","100","10.6","archive","-23.558","-46.635","2026-09-20T16:31:34.073018-03:00"
"2026-02-20 20:00:00","23.3","25.9","82","0.0","0.0","3","95","8.8","archive","-23.558","-46.635","2026-09-20T16:31:34.073018-03:00"
"2026-02-20 21:00:00","23.4","26.4","83","0.0","0.0","3","100","6.8","archive","-23.558","-46.635","2026-09-20T16:31:34.073018-03:00"
"2026-02-20 22:00:00","23.4","26.3","82","0.0","0.0","3","100","6.4","archive","-23.558","-46.635","2026-09-20T16:31:34.073018-03:00"
"2026-02-20 23:00:00","23.2","26.4","83","0.0","0.0","2","53","4.5","archive","-23.558","-46.635","2026-09-20T16:31:34.073018-03:00"
"2026-02-21 00:00:00","22.9","26.0","84","0.0","0.0","3","96","5.0","archive","-23.558","-46.635","2026-09-20T16:31:34.073018-03:00"
"2026-02-21 01:00:00","22.8","25.8","84","0.0","0.0","3","82","5.0","archive","-23.558","-46.635","2026-09-20T16:31:34.073018-03:00"
"2026-02-21 02:00:00","22.6","25.7","84","0.0","0.0","3","99","4.0","archive","-23.558","-46.635","2026-09-20T16:31:34.073018-03:00"
"2026-02-21 03:00:00","22.5","25.4","86","0.0","0.0","3","100","6.6","archive","-23.558","-46.635","2026-09-20T16:31:34.073018-03:00"
"2026-02-21 04:00:00","22.1","24.8","88","0.0","0.0","3","100","8.2","archive","-23.558","-46.635","2026-09-20T16:31:34.073018-03:00"
"2026-02-21 05:00:00","21.8","24.7","90","0.0","0.0","3","100","6.2","archive","-23.558","-46.635","2026-09-20T16:31:34.073018-03:00"
"2026-02-21 06:00:00","21.7","24.5","90","0.0","0.0","3","100","6.5","archive","-23.558","-46.635","2026-09-20T16:31:34.073018-03:00"
"2026-02-21 07:00:00","21.8","24.7","88","0.0","0.0","3","100","5.5","archive","-23.558","-46.635","2026-09-20T16:31:34.073018-03:00"
"2026-02-21 08:00:00","23.0","25.7","80","0.0","0.0","3","100","6.0","archive","-23.558","-46.635","2026-09-20T16:31:34.073018-03:00"
"2026-02-21 09:00:00","25.3","27.8","69","0.0","0.0","3","100","6.1","archive","-23.558","-46.635","2026-09-20T16:31:34.073018-03:00"
"2026-02-21 10:00:00","26.9","29.4","59","0.0","0.0","3","100","5.4","archive","-23.558","-46.635","2026-09-20T16:31:34.073018-03:00"
"2026-02-21 11:00:00","28.0","30.3","53","0.0","0.0","2","60","6.2","archive","-23.558","-46.635","2026-09-20T16:31:34.073018-03:00"
"2026-02-21 12:00:00","29.2","32.4","49","0.0","0.0","3","84","6.9","archive","-23.558","-46.635","2026-09-20T16:31:34.073018-03:00"
"2026-02-21 13:00:00","28.6","31.1","50","0.0","0.0","3","86","8.1","archive","-23.558","-46.635","2026-09-20T16:31:34.073018-03:00"
"2026-02-21 14:00:00","25.3","27.5","68","0.7","0.7","53","81","13.2","archive","-23.558","-46.635","2026-09-20T16:31:34.073018-03:00"
"2026-02-21 15:00:00","25.8","27.1","64","0.8","0.8","53","100","12.2","archive","-23.558","-46.635","2026-09-20T16:31:34.073018-03:00"
"2026-02-21 16:00:00","25.1","27.5","73","1.3","1.3","61","97","9.3","archive","-23.558","-46.635","2026-09-20T16:31:34.073018-03:00"
"2026-02-21 17:00:00","23.4","25.3","79","3.8","3.8","63","77","12.0","archive","-23.558","-46.635","2026-09-20T16:31:34.073018-03:00"
"2026-02-21 18:00:00","22.2","24.0","84","0.7","0.7","53","80","11.3","archive","-23.558","-46.635","2026-09-20T16:31:34.073018-03:00"
"2026-02-21 19:00:00","21.9","23.7","87","0.2","0.2","51","100","12.8","archive","-23.558","-46.635","2026-09-20T16:31:34.073018-03:00"
"2026-02-21 20:00:00","21.4","23.3","89","0.1","0.1","51","100","11.9","archive","-23.558","-46.635","2026-09-20T16:31:34.073018-03:00"
"2026-02-21 21:00:00","21.7","23.5","87","0.0","0.0","3","96","11.8","archive","-23.558","-46.635","2026-09-20T16:31:34.073018-03:00"
"2026-02-21 22:00:00","21.0","22.9","88","1.0","1.0","55","99","9.3","archive","-23.558","-46.635","2026-09-20T16:31:34.073018-03:00"
"2026-02-21 23:00:00","20.6","22.2","93","2.0","2.0","61","100","13.6","archive","-23.558","-46.635","2026-09-20T16:31:34.073018-03:00"
"2026-02-22 00:00:00","20.6","22.4","93","0.3","0.3","51","100","11.8","archive","-23.558","-46.635","2026-09-20T16:31:34.073018-03:00"
"2026-02-22 01:00:00","20.4","22.3","93","0.1","0.1","51","52","9.9","archive","-23.558","-46.635","2026-09-20T16:31:34.073018-03:00"
"2026-02-22 02:00:00","20.2","22.6","93","0.0","0.0","3","96","6.8","archive","-23.558","-46.635","2026-09-20T16:31:34.073018-03:00"
"2026-02-22 03:00:00","20.1","22.6","93","0.0","0.0","3","100","5.5","archive","-23.558","-46.635","2026-09-20T16:31:34.073018-03:00"
"2026-02-22 04:00:00","20.0","22.5","93","0.0","0.0","3","86","5.5","archive","-23.558","-46.635","2026-09-20T16:31:34.073018-03:00"
"2026-02-22 05:00:00","19.9","22.3","94","0.0","0.0","3","97","5.9","archive","-23.558","-46.635","2026-09-20T16:31:34.073018-03:00"
"2026-02-22 06:00:00","19.9","22.2","93","0.0","0.0","2","52","6.3","archive","-23.558","-46.635","2026-09-20T16:31:34.073018-03:00"
"2026-02-22 07:00:00","20.4","22.3","91","0.0","0.0","1","38","8.8","archive","-23.558","-46.635","2026-09-20T16:31:34.073018-03:00"
"2026-02-22 08:00:00","21.8","23.4","80","0.1","0.1","51","88","9.5","archive","-23.558","-46.635","2026-09-20T16:31:34.073018-03:00"
"2026-02-22 09:00:00","22.6","24.6","79","0.1","0.1","51","99","8.4","archive","-23.558","-46.635","2026-09-20T16:31:34.073018-03:00"
"2026-02-22 10:00:00","23.7","25.5","73","0.1","0.1","51","100","8.9","archive","-23.558","-46.635","2026-09-20T16:31:34.073018-03:00"
"2026-02-22 11:00:00","25.0","28.2","69","0.2","0.2","51","100","8.5","archive","-23.558","-46.635","2026-09-20T16:31:34.073018-03:00"
"2026-02-22 12:00:00","25.1","27.7","68","1.3","1.3","61","89","10.2","archive","-23.558","-46.635","2026-09-20T16:31:34.073018-03:00"
"2026-02-22 13:00:00","25.2","28.2","72","1.9","1.9","61","98","9.8","archive","-23.558","-46.635","2026-09-20T16:31:34.073018-03:00"
"2026-02-22 14:00:00","24.8","26.7","68","0.6","0.6","53","95","13.2","archive","-23.558","-46.635","2026-09-20T16:31:34.073018-03:00"
"2026-02-22 15:00:00","24.7","26.6","72","1.6","1.6","61","76","12.0","archive","-23.558","-46.635","2026-09-20T16:31:34.073018-03:00"
"2026-02-22 16:00:00","23.6","24.7","75","0.4","0.4","51","70","14.7","archive","-23.558","-46.635","2026-09-20T16:31:34.073018-03:00"
"2026-02-22 17:00:00","22.7","23.7","81","0.4","0.4","51","59","17.1","archive","-23.558","-46.635","2026-09-20T16:31:34.073018-03:00"
"2026-02-22 18:00:00","21.5","23.1","87","0.3","0.3","51","90","13.2","archive","-23.558","-46.635","2026-09-20T16:31:34.073018-03:00"
"2026-02-22 19:00:00","21.1","23.0","88","0.1","0.1","51","94","9.7","archive","-23.558","-46.635","2026-09-20T16:31:34.073018-03:00"
"2026-02-22 20:00:00","20.8","22.4","89","0.1","0.1","51","53","11.5","archive","-23.558","-46.635","2026-09-20T16:31:34.073018-03:00"
"2026-02-22 21:00:00","20.9","23.2","93","0.0","0.0","3","99","9.7","archive","-23.558","-46.635","2026-09-20T16:31:34.073018-03:00"
"2026-02-22 22:00:00","20.8","23.1","93","0.0","0.0","3","100","9.4","archive","-23.558","-46.635","2026-09-20T16:31:34.073018-03:00"
"2026-02-22 23:00:00","20.8","22.8","92","0.1","0.1","51","100","11.3","archive","-23.558","-46.635","2026-09-20T16:31:34.073018-03:00"
"2026-02-23 00:00:00","20.9","23.4","92","0.3","0.3","51","98","7.6","archive","-23.558","-46.635","2026-09-20T16:31:34.073018-03:00"
"2026-02-23 01:00:00","20.5","22.9","93","0.1","0.1","51","98","8.1","archive","-23.558","-46.635","2026-09-20T16:31:34.073018-03:00"
"2026-02-23 02:00:00","20.4","22.6","93","0.1","0.1","51","100","8.9","archive","-23.558","-46.635","2026-09-20T16:31:34.073018-03:00"
"2026-02-23 03:00:00","20.1","22.5","95","0.0","0.0","3","99","7.3","archive","-23.558","-46.635","2026-09-20T16:31:34.073018-03:00"
"2026-02-23 04:00:00","20.2","22.8","94","0.0","0.0","3","100","6.0","archive","-23.558","-46.635","2026-09-20T16:31:34.073018-03:00"
"2026-02-23 05:00:00","19.9","22.5","95","0.0","0.0","3","100","5.9","archive","-23.558","-46.635","2026-09-20T16:31:34.073018-03:00"
"2026-02-23 06:00:00","19.8","22.5","95","0.0","0.0","3","100","4.9","archive","-23.558","-46.635","2026-09-20T16:31:34.073018-03:00"
"2026-02-23 07:00:00","20.1","22.6","94","0.0","0.0","3","100","5.9","archive","-23.558","-46.635","2026-09-20T16:31:34.073018-03:00"
"2026-02-23 08:00:00","21.6","23.7","84","0.0","0.0","3","99","7.6","archive","-23.558","-46.635","2026-09-20T16:31:34.073018-03:00"
"2026-02-23 09:00:00","21.0","24.6","94","0.0","0.0","3","100","1.8","archive","-23.558","-46.635","2026-09-20T16:31:34.073018-03:00"
"2026-02-23 10:00:00","22.1","26.0","89","2.6","2.6","63","100","0.7","archive","-23.558","-46.635","2026-09-20T16:31:34.073018-03:00"
"2026-02-23 11:00:00","22.8","26.2","87","2.6","2.6","63","100","4.9","archive","-23.558","-46.635","2026-09-20T16:31:34.073018-03:00"
"2026-02-23 12:00:00","23.3","26.0","83","4.7","4.7","63","100","8.0","archive","-23.558","-46.635","2026-09-20T16:31:34.073018-03:00"
"2026-02-23 13:00:00","23.0","25.9","84","0.8","0.8","53","100","7.0","archive","-23.558","-46.635","2026-09-20T16:31:34.073018-03:00"
"2026-02-23 14:00:00","23.2","25.4","81","0.3","0.3","51","100","10.3","archive","-23.558","-46.635","2026-09-20T16:31:34.073018-03:00"
"2026-02-23 15:00:00","23.6","26.2","84","0.2","0.2","51","100","10.5","archive","-23.558","-46.635","2026-09-20T16:31:34.073018-03:00"
"2026-02-23 16:00:00","24.0","26.2","78","0.0","0.0","1","23","10.3","archive","-23.558","-46.635","2026-09-20T16:31:34.073018-03:00"
"2026-02-23 17:00:00","23.7","25.4","78","0.0","0.0","1","48","13.3","archive","-23.558","-46.635","2026-09-20T16:31:34.073018-03:00"
"2026-02-23 18:00:00","22.6","24.7","82","0.0","0.0","3","84","10.3","archive","-23.558","-46.635","2026-09-20T16:31:34.073018-03:00"
"2026-02-23 19:00:00","21.7","24.0","88","0.0","0.0","3","100","8.8","archive","-23.558","-46.635","2026-09-20T16:31:34.073018-03:00"
"2026-02-23 20:00:00","21.3","23.7","91","0.0","0.0","3","100","8.4","archive","-23.558","-46.635","2026-09-20T16:31:34.073018-03:00"
"2026-02-23 21:00:00","20.9","23.6","93","0.0","0.0","3","100","7.4","archive","-23.558","-46.635","2026-09-20T16:31:34.073018-03:00"
"2026-02-23 22:00:00","20.9","23.6","94","0.2","0.2","51","100","7.7","archive","-23.558","-46.635","2026-09-20T16:31:34.073018-03:00"
"2026-02-23 23:00:00","20.8","23.6","95","0.1","0.1","51","100","6.5","archive","-23.558","-46.635","2026-09-20T16:31:34.073018-03:00"
"2026-02-24 00:00:00","20.7","23.8","95","0.1","0.1","51","100","4.4","archive","-23.558","-46.635","2026-09-20T16:31:34.073018-03:00"
"2026-02-24 01:00:00","20.6","23.6","95","0.0","0.0","3","100","5.0","archive","-23.558","-46.635","2026-09-20T16:31:34.073018-03:00"
"2026-02-24 02:00:00","20.5","23.5","95","0.0","0.0","3","100","4.5","archive","-23.558","-46.635","2026-09-20T16:31:34.073018-03:00"
"2026-02-24 03:00:00","20.9","23.9","93","0.1","0.1","51","99","4.9","archive","-23.558","-46.635","2026-09-20T16:31:34.073018-03:00"
"2026-02-24 04:00:00","20.7","23.5","93","0.3","0.3","51","100","5.1","archive","-23.558","-46.635","2026-09-20T16:31:34.073018-03:00"
"2026-02-24 05:00:00","20.1","23.1","95","0.2","0.2","51","99","3.8","archive","-23.558","-46.635","2026-09-20T16:31:34.073018-03:00"
"2026-02-24 06:00:00","19.8","22.8","96","0.0","0.0","3","100","2.2","archive","-23.558","-46.635","2026-09-20T16:31:34.073018-03:00"
"2026-02-24 07:00:00","20.9","23.7","91","0.0","0.0","3","96","5.2","archive","-23.558","-46.635","2026-09-20T16:31:34.073018-03:00"
"2026-02-24 08:00:00","21.6","24.5","88","0.0","0.0","1","39","5.0","archive","-23.558","-46.635","2026-09-20T16:31:34.073018-03:00"
"2026-02-24 09:00:00","23.4","25.6","76","0.0","0.0","3","100","7.1","archive","-23.558","-46.635","2026-09-20T16:31:34.073018-03:00"
"2026-02-24 10:00:00","24.7","27.8","71","0.1","0.1","51","36","4.9","archive","-23.558","-46.635","2026-09-20T16:31:34.073018-03:00"
"2026-02-24 11:00:00","25.9","30.5","68","0.2","0.2","51","100","4.1","archive","-23.558","-46.635","2026-09-20T16:31:34.073018-03:00"
"2026-02-24 12:00:00","26.9","31.1","63","0.1","0.1","51","100","2.9","archive","-23.558","-46.635","2026-09-20T16:31:34.073018-03:00"
"2026-02-24 13:00:00","25.4","28.7","70","0.4","0.4","51","100","2.2","archive","-23.558","-46.635","2026-09-20T16:31:34.073018-03:00"
"2026-02-24 14:00:00","23.8","25.8","77","14.4","14.4","65","100","11.1","archive","-23.558","-46.635","2026-09-20T16:31:34.073018-03:00"
"2026-02-24 15:00:00","23.3","26.7","79","2.2","2.2","61","100","1.5","archive","-23.558","-46.635","2026-09-20T16:31:34.073018-03:00"
"2026-02-24 16:00:00","24.6","27.6","76","0.0","0.0","3","98","6.0","archive","-23.558","-46.635","2026-09-20T16:31:34.073018-03:00"
"2026-02-24 17:00:00","24.5","27.4","77","0.0","0.0","3","90","7.6","archive","-23.558","-46.635","2026-09-20T16:31:34.073018-03:00"
"2026-02-24 18:00:00","23.2","25.9","82","0.1","0.1","51","93","7.3","archive","-23.558","-46.635","2026-09-20T16:31:34.073018-03:00"
"2026-02-24 19:00:00","22.6","25.5","86","0.1","0.1","51","89","6.2","archive","-23.558","-46.635","2026-09-20T16:31:34.073018-03:00"
"2026-02-24 20:00:00","22.3","25.4","88","0.0","0.0","2","75","5.6","archive","-23.558","-46.635","2026-09-20T16:31:34.073018-03:00"
"2026-02-24 21:00:00","21.4","25.0","95","0.0","0.0","3","98","3.2","archive","-23.558","-46.635","2026-09-20T16:31:34.073018-03:00"
"2026-02-24 22:00:00","21.2","24.9","96","0.0","0.0","3","95","2.6","archive","-23.558","-46.635","2026-09-20T16:31:34.073018-03:00"
"2026-02-24 23:00:00","20.7","24.1","96","0.0","0.0","2","78","2.7","archive","-23.558","-46.635","2026-09-20T16:31:34.073018-03:00"
"2026-02-25 00:00:00","20.5","23.8","96","0.0","0.0","3","93","2.8","archive","-23.558","-46.635","2026-09-20T16:31:34.073018-03:00"
"2026-02-25 01:00:00","20.4","23.7","97","0.0","0.0","3","94","3.1","archive","-23.558","-46.635","2026-09-20T16:31:34.073018-03:00"
"2026-02-25 02:00:00","20.1","23.6","97","0.0","0.0","3","100","1.1","archive","-23.558","-46.635","2026-09-20T16:31:34.073018-03:00"
"2026-02-25 03:00:00","21.2","24.9","96","0.0","0.0","3","100","3.2","archive","-23.558","-46.635","2026-09-20T16:31:34.073018-03:00"
"2026-02-25 04:00:00","20.9","24.7","97","0.0","0.0","3","100","1.7","archive","-23.558","-46.635","2026-09-20T16:31:34.073018-03:00"
"2026-02-25 05:00:00","21.0","24.5","97","0.0","0.0","3","100","3.6","archive","-23.558","-46.635","2026-09-20T16:31:34.073018-03:00"
"2026-02-25 06:00:00","20.7","24.3","98","0.0","0.0","3","100","3.0","archive","-23.558","-46.635","2026-09-20T16:31:34.073018-03:00"
"2026-02-25 07:00:00","21.4","24.8","95","0.0","0.0","3","100","5.0","archive","-23.558","-46.635","2026-09-20T16:31:34.073018-03:00"
"2026-02-25 08:00:00","22.5","25.3","88","0.1","0.1","51","100","8.3","archive","-23.558","-46.635","2026-09-20T16:31:34.073018-03:00"
"2026-02-25 09:00:00","24.1","26.7","79","0.1","0.1","51","100","9.4","archive","-23.558","-46.635","2026-09-20T16:31:34.073018-03:00"
"2026-02-25 10:00:00","25.2","27.9","73","0.3","0.3","51","46","8.0","archive","-23.558","-46.635","2026-09-20T16:31:34.073018-03:00"
"2026-02-25 11:00:00","26.3","30.6","71","0.2","0.2","51","42","8.2","archive","-23.558","-46.635","2026-09-20T16:31:34.073018-03:00"
"2026-02-25 12:00:00","26.9","32.3","71","0.5","0.5","53","98","6.1","archive","-23.558","-46.635","2026-09-20T16:31:34.073018-03:00"
"2026-02-25 13:00:00","27.9","32.1","65","0.3","0.3","51","100","7.5","archive","-23.558","-46.635","2026-09-20T16:31:34.073018-03:00"
"2026-02-25 14:00:00","23.6","27.0","85","4.8","4.8","63","99","6.1","archive","-23.558","-46.635","2026-09-20T16:31:34.073018-03:00"
"2026-02-25 15:00:00","26.7","30.2","68","0.3","0.3","51","100","3.2","archive","-23.558","-46.635","2026-09-20T16:31:34.073018-03:00"
"2026-02-25 16:00:00","26.7","30.3","70","0.1","0.1","51","100","3.9","archive","-23.558","-46.635","2026-09-20T16:31:34.073018-03:00"
"2026-02-25 17:00:00","24.4","27.5","79","1.0","1.0","55","100","7.1","archive","-23.558","-46.635","2026-09-20T16:31:34.073018-03:00"
"2026-02-25 18:00:00","23.8","27.2","83","0.3","0.3","51","100","5.6","archive","-23.558","-46.635","2026-09-20T16:31:34.073018-03:00"
"2026-02-25 19:00:00","22.1","26.0","90","2.9","2.9","63","100","0.6","archive","-23.558","-46.635","2026-09-20T16:31:34.073018-03:00"
"2026-02-25 20:00:00","21.7","25.2","91","4.6","4.6","63","100","2.7","archive","-23.558","-46.635","2026-09-20T16:31:34.073018-03:00"
"2026-02-25 21:00:00","21.6","24.4","93","1.3","1.3","61","100","8.2","archive","-23.558","-46.635","2026-09-20T16:31:34.073018-03:00"
"2026-02-25 22:00:00","21.5","24.6","95","5.0","5.0","63","100","7.4","archive","-23.558","-46.635","2026-09-20T16:31:34.073018-03:00"
"2026-02-25 23:00:00","21.5","25.0","93","3.0","3.0","63","100","3.5","archive","-23.558","-46.635","2026-09-20T16:31:34.073018-03:00"
"2026-02-26 00:00:00","21.2","24.6","96","0.2","0.2","51","100","5.4","archive","-23.558","-46.635","2026-09-20T16:31:34.073018-03:00"
"2026-02-26 01:00:00","21.0","24.5","97","0.1","0.1","51","100","3.8","archive","-23.558","-46.635","2026-09-20T16:31:34.073018-03:00"
"2026-02-26 02:00:00","20.8","24.6","98","0.1","0.1","51","87","2.0","archive","-23.558","-46.635","2026-09-20T16:31:34.073018-03:00"
"2026-02-26 03:00:00","20.7","23.9","93","0.1","0.1","51","100","2.6","archive","-23.558","-46.635","2026-09-20T16:31:34.073018-03:00"
"2026-02-26 04:00:00","20.8","24.0","95","1.0","1.0","55","100","5.0","archive","-23.558","-46.635","2026-09-20T16:31:34.073018-03:00"
"2026-02-26 05:00:00","20.8","23.5","96","0.2","0.2","51","100","7.7","archive","-23.558","-46.635","2026-09-20T16:31:34.073018-03:00"
"2026-02-26 06:00:00","20.7","23.5","95","0.1","0.1","51","100","7.0","archive","-23.558","-46.635","2026-09-20T16:31:34.073018-03:00"
"2026-02-26 07:00:00","20.8","23.4","93","0.0","0.0","3","100","7.4","archive","-23.558","-46.635","2026-09-20T16:31:34.073018-03:00"
"2026-02-26 08:00:00","21.0","23.5","93","0.0","0.0","3","100","8.8","archive","-23.558","-46.635","2026-09-20T16:31:34.073018-03:00"
"2026-02-26 09:00:00","21.8","24.4","90","0.1","0.1","51","100","8.6","archive","-23.558","-46.635","2026-09-20T16:31:34.073018-03:00"
"2026-02-26 10:00:00","22.3","25.2","87","0.3","0.3","51","100","6.9","archive","-23.558","-46.635","2026-09-20T16:31:34.073018-03:00"
"2026-02-26 11:00:00","23.3","25.4","82","0.2","0.2","51","100","12.3","archive","-23.558","-46.635","2026-09-20T16:31:34.073018-03:00"
"2026-02-26 12:00:00","22.8","25.1","86","5.7","5.7","63","96","12.4","archive","-23.558","-46.635","2026-09-20T16:31:34.073018-03:00"
"2026-02-26 13:00:00","24.0","25.5","78","0.1","0.1","51","100","16.1","archive","-23.558","-46.635","2026-09-20T16:31:34.073018-03:00"
"2026-02-26 14:00:00","23.2","24.3","79","0.2","0.2","51","87","17.2","archive","-23.558","-46.635","2026-09-20T16:31:34.073018-03:00"
"2026-02-26 15:00:00","22.1","22.9","86","0.0","0.0","3","100","21.0","archive","-23.558","-46.635","2026-09-20T16:31:34.073018-03:00"
"2026-02-26 16:00:00","22.2","23.6","85","0.2","0.2","51","99","16.0","archive","-23.558","-46.635","2026-09-20T16:31:34.073018-03:00"
"2026-02-26 17:00:00","21.7","22.7","84","0.0","0.0","3","83","15.5","archive","-23.558","-46.635","2026-09-20T16:31:34.073018-03:00"
"2026-02-26 18:00:00","21.1","21.8","86","0.1","0.1","51","100","17.0","archive","-23.558","-46.635","2026-09-20T16:31:34.073018-03:00"
"2026-02-26 19:00:00","20.7","22.5","91","0.1","0.1","51","98","11.2","archive","-23.558","-46.635","2026-09-20T16:31:34.073018-03:00"
"2026-02-26 20:00:00","20.4","22.2","93","0.2","0.2","51","99","11.2","archive","-23.558","-46.635","2026-09-20T16:31:34.073018-03:00"
"2026-02-26 21:00:00","20.3","22.1","93","0.3","0.3","51","92","10.9","archive","-23.558","-46.635","2026-09-20T16:31:34.073018-03:00"
"2026-02-26 22:00:00","20.3","22.3","93","0.1","0.1","51","73","10.1","archive","-23.558","-46.635","2026-09-20T16:31:34.073018-03:00"
"2026-02-26 23:00:00","20.1","21.7","93","0.2","0.2","51","96","11.9","archive","-23.558","-46.635","2026-09-20T16:31:34.073018-03:00"
"2026-02-27 00:00:00","19.8","21.3","94","0.2","0.2","51","94","12.1","archive","-23.558","-46.635","2026-09-20T16:31:34.073018-03:00"
"2026-02-27 01:00:00","19.7","21.0","95","0.2","0.2","51","94","13.4","archive","-23.558","-46.635","2026-09-20T16:31:34.073018-03:00"
"2026-02-27 02:00:00","19.5","20.9","94","0.2","0.2","51","91","11.9","archive","-23.558","-46.635","2026-09-20T16:31:34.073018-03:00"
"2026-02-27 03:00:00","19.3","20.9","95","0.1","0.1","51","86","9.9","archive","-23.558","-46.635","2026-09-20T16:31:34.073018-03:00"
"2026-02-27 04:00:00","19.2","20.8","95","0.1","0.1","51","82","9.3","archive","-23.558","-46.635","2026-09-20T16:31:34.073018-03:00"
"2026-02-27 05:00:00","19.4","21.1","94","0.1","0.1","51","54","9.4","archive","-23.558","-46.635","2026-09-20T16:31:34.073018-03:00"
"2026-02-27 06:00:00","19.2","20.9","93","0.2","0.2","51","52","8.9","archive","-23.558","-46.635","2026-09-20T16:31:34.073018-03:00"
"2026-02-27 07:00:00","19.4","20.8","92","0.1","0.1","51","69","10.0","archive","-23.558","-46.635","2026-09-20T16:31:34.073018-03:00"
"2026-02-27 08:00:00","20.1","21.0","86","0.1","0.1","51","46","12.7","archive","-23.558","-46.635","2026-09-20T16:31:34.073018-03:00"
"2026-02-27 09:00:00","20.8","21.5","80","0.0","0.0","3","98","12.7","archive","-23.558","-46.635","2026-09-20T16:31:34.073018-03:00"
"2026-02-27 10:00:00","21.5","21.8","75","0.2","0.2","51","100","14.4","archive","-23.558","-46.635","2026-09-20T16:31:34.073018-03:00"
"2026-02-27 11:00:00","22.0","22.6","74","0.2","0.2","51","100","14.1","archive","-23.558","-46.635","2026-09-20T16:31:34.073018-03:00"
"2026-02-27 12:00:00","22.0","22.6","74","0.1","0.1","51","100","14.0","archive","-23.558","-46.635","2026-09-20T16:31:34.073018-03:00"
"2026-02-27 13:00:00","21.9","22.6","75","0.0","0.0","3","100","12.9","archive","-23.558","-46.635","2026-09-20T16:31:34.073018-03:00"
"2026-02-27 14:00:00","22.7","23.3","71","0.0","0.0","3","100","12.8","archive","-23.558","-46.635","2026-09-20T16:31:34.073018-03:00"
"2026-02-27 15:00:00","21.3","22.2","79","0.3","0.3","51","93","15.4","archive","-23.558","-46.635","2026-09-20T16:31:34.073018-03:00"
"2026-02-27 16:00:00","21.1","21.3","77","0.1","0.1","51","98","14.8","archive","-23.558","-46.635","2026-09-20T16:31:34.073018-03:00"
"2026-02-27 17:00:00","20.4","20.6","80","0.1","0.1","51","97","14.7","archive","-23.558","-46.635","2026-09-20T16:31:34.073018-03:00"
"2026-02-27 18:00:00","19.8","20.2","83","0.0","0.0","3","100","12.7","archive","-23.558","-46.635","2026-09-20T16:31:34.073018-03:00"
"2026-02-27 19:00:00","19.0","20.1","87","0.0","0.0","3","82","8.8","archive","-23.558","-46.635","2026-09-20T16:31:34.073018-03:00"
"2026-02-27 20:00:00","18.7","19.8","88","0.0","0.0","2","59","8.9","archive","-23.558","-46.635","2026-09-20T16:31:34.073018-03:00"
"2026-02-27 21:00:00","18.7","19.9","88","0.0","0.0","2","66","7.3","archive","-23.558","-46.635","2026-09-20T16:31:34.073018-03:00"
"2026-02-27 22:00:00","18.7","19.7","86","0.0","0.0","1","26","7.5","archive","-23.558","-46.635","2026-09-20T16:31:34.073018-03:00"
"2026-02-27 23:00:00","18.3","19.4","88","0.0","0.0","1","34","7.2","archive","-23.558","-46.635","2026-09-20T16:31:34.073018-03:00"
"2026-02-28 00:00:00","18.1","19.2","89","0.0","0.0","0","14","7.0","archive","-23.558","-46.635","2026-09-20T16:31:34.073018-03:00"
"2026-02-28 01:00:00","17.7","18.7","90","0.0","0.0","1","20","7.3","archive","-23.558","-46.635","2026-09-20T16:31:34.073018-03:00"
"2026-02-28 02:00:00","17.5","18.5","90","0.0","0.0","1","38","6.7","archive","-23.558","-46.635","2026-09-20T16:31:34.073018-03:00"
"2026-02-28 03:00:00","17.3","18.2","90","0.0","0.0","1","27","6.1","archive","-23.558","-46.635","2026-09-20T16:31:34.073018-03:00"
"2026-02-28 04:00:00","17.2","18.2","89","0.0","0.0","0","2","5.7","archive","-23.558","-46.635","2026-09-20T16:31:34.073018-03:00"
"2026-02-28 05:00:00","17.0","18.0","88","0.0","0.0","0","8","4.4","archive","-23.558","-46.635","2026-09-20T16:31:34.073018-03:00"
"2026-02-28 06:00:00","16.9","17.8","87","0.0","0.0","1","27","5.1","archive","-23.558","-46.635","2026-09-20T16:31:34.073018-03:00"
"2026-02-28 07:00:00","17.5","18.1","86","0.0","0.0","0","17","7.2","archive","-23.558","-46.635","2026-09-20T16:31:34.073018-03:00"
"2026-02-28 08:00:00","18.5","18.8","80","0.0","0.0","1","22","9.1","archive","-23.558","-46.635","2026-09-20T16:31:34.073018-03:00"
"2026-02-28 09:00:00","20.0","20.2","73","0.0","0.0","2","60","10.1","archive","-23.558","-46.635","2026-09-20T16:31:34.073018-03:00"
"2026-02-28 10:00:00","20.8","21.4","71","0.2","0.2","51","91","10.5","archive","-23.558","-46.635","2026-09-20T16:31:34.073018-03:00"
"2026-02-28 11:00:00","21.1","22.0","71","0.1","0.1","51","59","10.6","archive","-23.558","-46.635","2026-09-20T16:31:34.073018-03:00"
"2026-02-28 12:00:00","22.1","24.0","67","0.1","0.1","51","29","10.3","archive","-23.558","-46.635","2026-09-20T16:31:34.073018-03:00"
"2026-02-28 13:00:00","23.0","25.1","60","0.0","0.0","1","41","9.8","archive","-23.558","-46.635","2026-09-20T16:31:34.073018-03:00"
"2026-02-28 14:00:00","23.0","23.5","56","0.0","0.0","2","57","9.8","archive","-23.558","-46.635","2026-09-20T16:31:34.073018-03:00"
"2026-02-28 15:00:00","22.9","22.2","55","0.0","0.0","3","100","12.6","archive","-23.558","-46.635","2026-09-20T16:31:34.073018-03:00"
"2026-02-28 16:00:00","22.7","22.6","57","0.0","0.0","0","2","13.0","archive","-23.558","-46.635","2026-09-20T16:31:34.073018-03:00"
"2026-02-28 17:00:00","21.5","20.9","62","0.0","0.0","1","48","12.8","archive","-23.558","-46.635","2026-09-20T16:31:34.073018-03:00"
"2026-02-28 18:00:00","19.9","20.1","77","0.0","0.0","1","39","11.8","archive","-23.558","-46.635","2026-09-20T16:31:34.073018-03:00"
"2026-02-28 19:00:00","18.9","19.4","82","0.0","0.0","1","45","9.6","archive","-23.558","-46.635","2026-09-20T16:31:34.073018-03:00"
"2026-02-28 20:00:00","18.3","19.0","84","0.0","0.0","1","43","7.9","archive","-23.558","-46.635","2026-09-20T16:31:34.073018-03:00"
"2026-02-28 21:00:00","18.0","19.0","90","0.0","0.0","2","60","7.7","archive","-23.558","-46.635","2026-09-20T16:31:34.073018-03:00"
"2026-02-28 22:00:00","17.9","18.8","90","0.0","0.0","3","100","7.8","archive","-23.558","-46.635","2026-09-20T16:31:34.073018-03:00"
"2026-02-28 23:00:00","17.8","18.8","90","0.0","0.0","3","80","6.8","archive","-23.558","-46.635","2026-09-20T16:31:34.073018-03:00"
"2026-03-01 00:00:00","17.5","18.6","91","0.0","0.0","3","98","6.5","archive","-23.558","-46.635","2026-09-20T16:31:34.073018-03:00"
"2026-03-01 01:00:00","17.3","18.3","91","0.1","0.1","51","97","6.6","archive","-23.558","-46.635","2026-09-20T16:31:34.073018-03:00"
"2026-03-01 02:00:00","17.1","18.2","92","0.1","0.1","51","98","5.6","archive","-23.558","-46.635","2026-09-20T16:31:34.073018-03:00"
"2026-03-01 03:00:00","17.0","18.1","92","0.1","0.1","51","98","5.9","archive","-23.558","-46.635","2026-09-20T16:31:34.073018-03:00"
"2026-03-01 04:00:00","16.9","17.7","90","0.0","0.0","3","93","6.7","archive","-23.558","-46.635","2026-09-20T16:31:34.073018-03:00"
"2026-03-01 05:00:00","16.6","17.2","89","0.0","0.0","1","29","6.5","archive","-23.558","-46.635","2026-09-20T16:31:34.073018-03:00"
"2026-03-01 06:00:00","16.3","17.0","90","0.0","0.0","0","13","5.5","archive","-23.558","-46.635","2026-09-20T16:31:34.073018-03:00"
"2026-03-01 07:00:00","16.6","17.4","89","0.0","0.0","1","20","5.3","archive","-23.558","-46.635","2026-09-20T16:31:34.073018-03:00"
"2026-03-01 08:00:00","18.0","18.0","80","0.0","0.0","1","48","9.6","archive","-23.558","-46.635","2026-09-20T16:31:34.073018-03:00"
"2026-03-01 09:00:00","19.6","19.1","70","0.0","0.0","0","14","11.8","archive","-23.558","-46.635","2026-09-20T16:31:34.073018-03:00"
"2026-03-01 10:00:00","20.7","20.8","63","0.0","0.0","0","18","12.4","archive","-23.558","-46.635","2026-09-20T16:31:34.073018-03:00"
"2026-03-01 11:00:00","21.6","21.7","57","0.0","0.0","2","59","11.5","archive","-23.558","-46.635","2026-09-20T16:31:34.073018-03:00"
"2026-03-01 12:00:00","22.0","22.2","57","0.0","0.0","3","100","12.6","archive","-23.558","-46.635","2026-09-20T16:31:34.073018-03:00"
"2026-03-01 13:00:00","22.1","22.9","60","0.0","0.0","3","84","13.0","archive","-23.558","-46.635","2026-09-20T16:31:34.073018-03:00"
"2026-03-01 14:00:00","22.3","22.9","58","0.0","0.0","3","93","12.9","archive","-23.558","-46.635","2026-09-20T16:31:34.073018-03:00"
"2026-03-01 15:00:00","22.3","22.3","57","0.0","0.0","2","52","12.6","archive","-23.558","-46.635","2026-09-20T16:31:34.073018-03:00"
"2026-03-01 16:00:00","21.7","20.8","57","0.0","0.0","2","57","12.0","archive","-23.558","-46.635","2026-09-20T16:31:34.073018-03:00"
"2026-03-01 17:00:00","20.8","19.7","60","0.0","0.0","3","84","13.0","archive","-23.558","-46.635","2026-09-20T16:31:34.073018-03:00"
"2026-03-01 18:00:00","19.5","18.8","70","0.0","0.0","1","22","13.0","archive","-23.558","-46.635","2026-09-20T16:31:34.073018-03:00"
"2026-03-01 19:00:00","18.6","18.4","75","0.0","0.0","0","2","10.2","archive","-23.558","-46.635","2026-09-20T16:31:34.073018-03:00"
"2026-03-01 20:00:00","17.9","18.0","78","0.0","0.0","0","0","7.9","archive","-23.558","-46.635","2026-09-20T16:31:34.073018-03:00"
"2026-03-01 21:00:00","17.7","18.4","83","0.0","0.0","0","0","5.6","archive","-23.558","-46.635","2026-09-20T16:31:34.073018-03:00"
"2026-03-01 22:00:00","17.4","18.0","84","0.0","0.0","0","0","6.5","archive","-23.558","-46.635","2026-09-20T16:31:34.073018-03:00"
"2026-03-01 23:00:00","17.1","17.6","84","0.0","0.0","0","1","5.9","archive","-23.558","-46.635","2026-09-20T16:31:34.073018-03:00"
"2026-03-02 00:00:00","16.7","17.2","85","0.0","0.0","0","5","5.3","archive","-23.558","-46.635","2026-09-20T16:31:34.073018-03:00"
"2026-03-02 01:00:00","16.3","16.8","87","0.0","0.0","0","9","5.4","archive","-23.558","-46.635","2026-09-20T16:31:34.073018-03:00"
"2026-03-02 02:00:00","15.9","16.6","89","0.0","0.0","1","23","4.3","archive","-23.558","-46.635","2026-09-20T16:31:34.073018-03:00"
"2026-03-02 03:00:00","15.4","16.4","94","0.0","0.0","1","28","2.5","archive","-23.558","-46.635","2026-09-20T16:31:34.073018-03:00"
"2026-03-02 04:00:00","15.7","16.9","95","0.0","0.0","1","29","2.6","archive","-23.558","-46.635","2026-09-20T16:31:34.073018-03:00"
"2026-03-02 05:00:00","15.7","16.9","95","0.0","0.0","1","35","2.5","archive","-23.558","-46.635","2026-09-20T16:31:34.073018-03:00"
"2026-03-02 06:00:00","15.8","17.0","95","0.0","0.0","2","71","2.9","archive","-23.558","-46.635","2026-09-20T16:31:34.073018-03:00"
"2026-03-02 07:00:00","16.3","17.3","93","0.0","0.0","3","86","4.3","archive","-23.558","-46.635","2026-09-20T16:31:34.073018-03:00"
"2026-03-02 08:00:00","17.5","18.1","86","0.0","0.0","1","40","7.1","archive","-23.558","-46.635","2026-09-20T16:31:34.073018-03:00"
"2026-03-02 09:00:00","19.4","20.0","78","0.0","0.0","3","94","8.8","archive","-23.558","-46.635","2026-09-20T16:31:34.073018-03:00"
"2026-03-02 10:00:00","21.2","21.8","68","0.1","0.1","51","55","7.3","archive","-23.558","-46.635","2026-09-20T16:31:34.073018-03:00"
"2026-03-02 11:00:00","22.3","23.8","61","0.0","0.0","3","95","5.8","archive","-23.558","-46.635","2026-09-20T16:31:34.073018-03:00"
"2026-03-02 12:00:00","23.2","25.0","57","0.0","0.0","3","88","4.6","archive","-23.558","-46.635","2026-09-20T16:31:34.073018-03:00"
"2026-03-02 13:00:00","24.0","26.1","54","0.0","0.0","3","100","6.2","archive","-23.558","-46.635","2026-09-20T16:31:34.073018-03:00"
"2026-03-02 14:00:00","23.3","24.2","59","0.1","0.1","51","98","9.3","archive","-23.558","-46.635","2026-09-20T16:31:34.073018-03:00"
"2026-03-02 15:00:00","22.4","22.5","64","0.0","0.0","1","26","11.9","archive","-23.558","-46.635","2026-09-20T16:31:34.073018-03:00"
"2026-03-02 16:00:00","22.4","22.3","64","0.0","0.0","1","48","12.5","archive","-23.558","-46.635","2026-09-20T16:31:34.073018-03:00"
"2026-03-02 17:00:00","21.4","21.4","67","0.0","0.0","1","40","11.1","archive","-23.558","-46.635","2026-09-20T16:31:34.073018-03:00"
"2026-03-02 18:00:00","20.5","20.5","70","0.0","0.0","0","3","10.7","archive","-23.558","-46.635","2026-09-20T16:31:34.073018-03:00"
"2026-03-02 19:00:00","19.2","19.1","75","0.0","0.0","0","1","10.8","archive","-23.558","-46.635","2026-09-20T16:31:34.073018-03:00"
"2026-03-02 20:00:00","18.3","18.5","78","0.0","0.0","0","0","8.0","archive","-23.558","-46.635","2026-09-20T16:31:34.073018-03:00"
"2026-03-02 21:00:00","17.9","18.7","86","0.0","0.0","0","0","6.7","archive","-23.558","-46.635","2026-09-20T16:31:34.073018-03:00"
"2026-03-02 22:00:00","17.6","18.5","87","0.0","0.0","0","2","5.9","archive","-23.558","-46.635","2026-09-20T16:31:34.073018-03:00"
"2026-03-02 23:00:00","17.3","18.4","89","0.0","0.0","0","8","5.4","archive","-23.558","-46.635","2026-09-20T16:31:34.073018-03:00"
"2026-03-03 00:00:00","17.0","18.1","92","0.0","0.0","0","14","5.2","archive","-23.558","-46.635","2026-09-20T16:31:34.073018-03:00"
"2026-03-03 01:00:00","16.7","17.9","95","0.0","0.0","1","38","4.9","archive","-23.558","-46.635","2026-09-20T16:31:34.073018-03:00"
"2026-03-03 02:00:00","16.4","17.7","97","0.0","0.0","1","42","4.6","archive","-23.558","-46.635","2026-09-20T16:31:34.073018-03:00"
"2026-03-03 03:00:00","16.4","17.9","98","0.0","0.0","3","80","3.9","archive","-23.558","-46.635","2026-09-20T16:31:34.073018-03:00"
"2026-03-03 04:00:00","16.4","17.9","97","0.0","0.0","2","77","3.7","archive","-23.558","-46.635","2026-09-20T16:31:34.073018-03:00"
"2026-03-03 05:00:00","16.5","18.0","95","0.0","0.0","3","99","3.2","archive","-23.558","-46.635","2026-09-20T16:31:34.073018-03:00"
"2026-03-03 06:00:00","16.5","17.9","95","0.0","0.0","3","99","3.6","archive","-23.558","-46.635","2026-09-20T16:31:34.073018-03:00"
"2026-03-03 07:00:00","16.6","18.0","94","0.0","0.0","3","96","3.5","archive","-23.558","-46.635","2026-09-20T16:31:34.073018-03:00"
"2026-03-03 08:00:00","18.2","19.1","83","0.0","0.0","2","69","6.0","archive","-23.558","-46.635","2026-09-20T16:31:34.073018-03:00"
"2026-03-03 09:00:00","20.3","21.0","74","0.1","0.1","51","100","8.0","archive","-23.558","-46.635","2026-09-20T16:31:34.073018-03:00"
"2026-03-03 10:00:00","21.7","22.7","68","0.0","0.0","3","99","5.9","archive","-23.558","-46.635","2026-09-20T16:31:34.073018-03:00"
"2026-03-03 11:00:00","22.8","24.4","64","0.0","0.0","3","100","2.9","archive","-23.558","-46.635","2026-09-20T16:31:34.073018-03:00"
"2026-03-03 12:00:00","23.8","26.0","60","0.1","0.1","51","60","2.2","archive","-23.558","-46.635","2026-09-20T16:31:34.073018-03:00"
"2026-03-03 13:00:00","25.5","28.8","53","0.0","0.0","1","30","4.5","archive","-23.558","-46.635","2026-09-20T16:31:34.073018-03:00"
"2026-03-03 14:00:00","26.3","28.9","48","0.0","0.0","0","18","7.1","archive","-23.558","-46.635","2026-09-20T16:31:34.073018-03:00"
"2026-03-03 15:00:00","25.6","27.1","51","0.0","0.0","1","30","9.7","archive","-23.558","-46.635","2026-09-20T16:31:34.073018-03:00"
"2026-03-03 16:00:00","24.0","24.6","61","0.0","0.0","0","5","12.4","archive","-23.558","-46.635","2026-09-20T16:31:34.073018-03:00"
"2026-03-03 17:00:00","22.4","22.8","68","0.0","0.0","0","2","12.2","archive","-23.558","-46.635","2026-09-20T16:31:34.073018-03:00"
"2026-03-03 18:00:00","21.6","22.2","72","0.0","0.0","0","2","11.1","archive","-23.558","-46.635","2026-09-20T16:31:34.073018-03:00"
"2026-03-03 19:00:00","20.3","21.0","80","0.0","0.0","0","6","10.5","archive","-23.558","-46.635","2026-09-20T16:31:34.073018-03:00"
"2026-03-03 20:00:00","19.2","20.2","85","0.0","0.0","0","2","8.7","archive","-23.558","-46.635","2026-09-20T16:31:34.073018-03:00"
"2026-03-03 21:00:00","18.7","19.9","88","0.0","0.0","0","10","7.3","archive","-23.558","-46.635","2026-09-20T16:31:34.073018-03:00"
"2026-03-03 22:00:00","18.5","19.9","89","0.0","0.0","1","38","6.8","archive","-23.558","-46.635","2026-09-20T16:31:34.073018-03:00"
"2026-03-03 23:00:00","18.4","19.8","90","0.0","0.0","1","24","6.6","archive","-23.558","-46.635","2026-09-20T16:31:34.073018-03:00"
"2026-03-04 00:00:00","18.2","19.5","90","0.0","0.0","1","28","6.4","archive","-23.558","-46.635","2026-09-20T16:31:34.073018-03:00"
"2026-03-04 01:00:00","17.7","19.2","92","0.0","0.0","3","88","4.5","archive","-23.558","-46.635","2026-09-20T16:31:34.073018-03:00"
"2026-03-04 02:00:00","17.4","19.0","93","0.0","0.0","1","40","3.7","archive","-23.558","-46.635","2026-09-20T16:31:34.073018-03:00"
"2026-03-04 03:00:00","16.9","18.8","96","0.0","0.0","3","96","1.4","archive","-23.558","-46.635","2026-09-20T16:31:34.073018-03:00"
"2026-03-04 04:00:00","17.1","18.7","94","0.0","0.0","3","83","3.6","archive","-23.558","-46.635","2026-09-20T16:31:34.073018-03:00"
"2026-03-04 05:00:00","17.1","18.5","91","0.0","0.0","0","16","3.9","archive","-23.558","-46.635","2026-09-20T16:31:34.073018-03:00"
"2026-03-04 06:00:00","17.0","18.3","90","0.0","0.0","1","34","3.6","archive","-23.558","-46.635","2026-09-20T16:31:34.073018-03:00"
"2026-03-04 07:00:00","17.0","18.1","89","0.0","0.0","0","13","3.9","archive","-23.558","-46.635","2026-09-20T16:31:34.073018-03:00"
"2026-03-04 08:00:00","18.2","19.1","79","0.0","0.0","0","16","3.7","archive","-23.558","-46.635","2026-09-20T16:31:34.073018-03:00"
"2026-03-04 09:00:00","21.0","21.7","71","0.0","0.0","2","52","8.0","archive","-23.558","-46.635","2026-09-20T16:31:34.073018-03:00"
"2026-03-04 10:00:00","23.2","24.2","57","0.0","0.0","1","33","5.1","archive","-23.558","-46.635","2026-09-20T16:31:34.073018-03:00"
"2026-03-04 11:00:00","24.9","27.7","50","0.0","0.0","1","45","2.7","archive","-23.558","-46.635","2026-09-20T16:31:34.073018-03:00"
"2026-03-04 12:00:00","26.5","29.8","42","0.0","0.0","2","79","3.2","archive","-23.558","-46.635","2026-09-20T16:31:34.073018-03:00"
"2026-03-04 13:00:00","27.5","30.2","37","0.0","0.0","2","60","4.8","archive","-23.558","-46.635","2026-09-20T16:31:34.073018-03:00"
"2026-03-04 14:00:00","28.4","30.1","34","0.0","0.0","2","73","7.5","archive","-23.558","-46.635","2026-09-20T16:31:34.073018-03:00"
"2026-03-04 15:00:00","25.4","27.0","57","0.0","0.0","3","95","14.8","archive","-23.558","-46.635","2026-09-20T16:31:34.073018-03:00"
"2026-03-04 16:00:00","24.1","24.4","62","0.0","0.0","3","99","12.9","archive","-23.558","-46.635","2026-09-20T16:31:34.073018-03:00"
"2026-03-04 17:00:00","23.6","24.1","66","0.0","0.0","3","100","12.7","archive","-23.558","-46.635","2026-09-20T16:31:34.073018-03:00"
"2026-03-04 18:00:00","22.4","23.2","70","0.0","0.0","3","100","10.5","archive","-23.558","-46.635","2026-09-20T16:31:34.073018-03:00"
"2026-03-04 19:00:00","21.1","22.1","75","0.0","0.0","3","95","8.7","archive","-23.558","-46.635","2026-09-20T16:31:34.073018-03:00"
"2026-03-04 20:00:00","20.2","21.4","80","0.0","0.0","1","44","7.6","archive","-23.558","-46.635","2026-09-20T16:31:34.073018-03:00"
"2026-03-04 21:00:00","19.8","21.2","83","0.0","0.0","0","10","7.0","archive","-23.558","-46.635","2026-09-20T16:31:34.073018-03:00"
"2026-03-04 22:00:00","19.4","20.8","85","0.0","0.0","1","25","6.6","archive","-23.558","-46.635","2026-09-20T16:31:34.073018-03:00"
"2026-03-04 23:00:00","19.1","20.6","86","0.0","0.0","1","35","6.0","archive","-23.558","-46.635","2026-09-20T16:31:34.073018-03:00"
"2026-03-05 00:00:00","18.8","20.4","88","0.0","0.0","1","31","4.9","archive","-23.558","-46.635","2026-09-20T16:31:34.073018-03:00"
"2026-03-05 01:00:00","18.5","20.0","90","0.0","0.0","3","88","5.2","archive","-23.558","-46.635","2026-09-20T16:31:34.073018-03:00"
"2026-03-05 02:00:00","18.5","19.9","88","0.0","0.0","2","79","5.4","archive","-23.558","-46.635","2026-09-20T16:31:34.073018-03:00"
"2026-03-05 03:00:00","18.7","20.4","89","0.0","0.0","3","100","5.2","archive","-23.558","-46.635","2026-09-20T16:31:34.073018-03:00"
"2026-03-05 04:00:00","18.8","20.5","90","0.0","0.0","3","100","5.6","archive","-23.558","-46.635","2026-09-20T16:31:34.073018-03:00"
"2026-03-05 05:00:00","18.6","20.4","92","0.0","0.0","3","100","4.8","archive","-23.558","-46.635","2026-09-20T16:31:34.073018-03:00"
"2026-03-05 06:00:00","18.2","19.9","93","0.0","0.0","3","86","5.4","archive","-23.558","-46.635","2026-09-20T16:31:34.073018-03:00"
"2026-03-05 07:00:00","18.8","20.2","87","0.0","0.0","3","100","5.8","archive","-23.558","-46.635","2026-09-20T16:31:34.073018-03:00"
"2026-03-05 08:00:00","20.1","21.4","79","0.0","0.0","3","99","5.6","archive","-23.558","-46.635","2026-09-20T16:31:34.073018-03:00"
"2026-03-05 09:00:00","21.6","23.5","75","0.0","0.0","3","100","3.9","archive","-23.558","-46.635","2026-09-20T16:31:34.073018-03:00"
"2026-03-05 10:00:00","23.6","25.5","65","0.0","0.0","3","100","3.1","archive","-23.558","-46.635","2026-09-20T16:31:34.073018-03:00"
"2026-03-05 11:00:00","25.6","27.9","57","0.0","0.0","1","49","1.9","archive","-23.558","-46.635","2026-09-20T16:31:34.073018-03:00"
"2026-03-05 12:00:00","27.4","29.8","49","0.0","0.0","1","34","0.6","archive","-23.558","-46.635","2026-09-20T16:31:34.073018-03:00"
"2026-03-05 13:00:00","29.2","33.0","41","0.0","0.0","1","42","2.4","archive","-23.558","-46.635","2026-09-20T16:31:34.073018-03:00"
"2026-03-05 14:00:00","30.0","32.8","38","0.1","0.1","51","35","4.2","archive","-23.558","-46.635","2026-09-20T16:31:34.073018-03:00"
"2026-03-05 15:00:00","27.6","29.6","49","0.3","0.3","51","45","9.0","archive","-23.558","-46.635","2026-09-20T16:31:34.073018-03:00"
"2026-03-05 16:00:00","26.5","27.5","55","0.5","0.5","53","55","9.2","archive","-23.558","-46.635","2026-09-20T16:31:34.073018-03:00"
"2026-03-05 17:00:00","24.2","25.6","71","0.8","0.8","53","62","11.9","archive","-23.558","-46.635","2026-09-20T16:31:34.073018-03:00"
"2026-03-05 18:00:00","23.5","24.9","74","0.1","0.1","51","38","12.5","archive","-23.558","-46.635","2026-09-20T16:31:34.073018-03:00"
"2026-03-05 19:00:00","22.3","23.7","80","0.0","0.0","2","54","12.0","archive","-23.558","-46.635","2026-09-20T16:31:34.073018-03:00"
"2026-03-05 20:00:00","21.6","23.1","84","0.0","0.0","3","84","11.6","archive","-23.558","-46.635","2026-09-20T16:31:34.073018-03:00"
"2026-03-05 21:00:00","21.8","23.6","83","0.0","0.0","3","85","10.2","archive","-23.558","-46.635","2026-09-20T16:31:34.073018-03:00"
"2026-03-05 22:00:00","22.0","23.7","81","0.0","0.0","1","38","9.7","archive","-23.558","-46.635","2026-09-20T16:31:34.073018-03:00"
"2026-03-05 23:00:00","21.7","23.8","82","0.0","0.0","1","22","7.2","archive","-23.558","-46.635","2026-09-20T16:31:34.073018-03:00"
"2026-03-06 00:00:00","21.5","23.6","83","0.0","0.0","1","42","6.4","archive","-23.558","-46.635","2026-09-20T16:31:34.073018-03:00"
"2026-03-06 01:00:00","21.1","23.3","85","0.0","0.0","1","48","6.1","archive","-23.558","-46.635","2026-09-20T16:31:34.073018-03:00"
"2026-03-06 02:00:00","20.7","23.0","87","0.0","0.0","3","95","5.6","archive","-23.558","-46.635","2026-09-20T16:31:34.073018-03:00"
"2026-03-06 03:00:00","20.5","23.0","92","0.0","0.0","3","100","5.9","archive","-23.558","-46.635","2026-09-20T16:31:34.073018-03:00"
"2026-03-06 04:00:00","20.9","23.3","88","0.0","0.0","3","100","6.5","archive","-23.558","-46.635","2026-09-20T16:31:34.073018-03:00"
"2026-03-06 05:00:00","21.1","23.5","87","0.0","0.0","2","65","5.8","archive","-23.558","-46.635","2026-09-20T16:31:34.073018-03:00"
"2026-03-06 06:00:00","20.9","23.1","88","0.0","0.0","3","100","7.0","archive","-23.558","-46.635","2026-09-20T16:31:34.073018-03:00"
"2026-03-06 07:00:00","21.2","23.5","86","0.0","0.0","2","63","6.4","archive","-23.558","-46.635","2026-09-20T16:31:34.073018-03:00"
"2026-03-06 08:00:00","22.6","24.8","78","0.0","0.0","1","38","6.4","archive","-23.558","-46.635","2026-09-20T16:31:34.073018-03:00"
"2026-03-06 09:00:00","23.8","26.2","74","0.0","0.0","3","100","5.8","archive","-23.558","-46.635","2026-09-20T16:31:34.073018-03:00"
"2026-03-06 10:00:00","25.0","27.3","67","0.0","0.0","3","100","6.1","archive","-23.558","-46.635","2026-09-20T16:31:34.073018-03:00"
"2026-03-06 11:00:00","26.3","27.8","60","0.1","0.1","51","100","9.3","archive","-23.558","-46.635","2026-09-20T16:31:34.073018-03:00"
"2026-03-06 12:00:00","27.0","29.1","59","0.1","0.1","51","98","7.9","archive","-23.558","-46.635","2026-09-20T16:31:34.073018-03:00"
"2026-03-06 13:00:00","27.8","30.6","56","0.0","0.0","2","63","7.3","archive","-23.558","-46.635","2026-09-20T16:31:34.073018-03:00"
"2026-03-06 14:00:00","29.5","31.5","48","0.0","0.0","3","100","6.3","archive","-23.558","-46.635","2026-09-20T16:31:34.073018-03:00"
"2026-03-06 15:00:00","24.5","27.1","73","1.8","1.8","61","70","6.9","archive","-23.558","-46.635","2026-09-20T16:31:34.073018-03:00"
"2026-03-06 16:00:00","25.3","28.4","70","0.1","0.1","51","100","3.6","archive","-23.558","-46.635","2026-09-20T16:31:34.073018-03:00"
"2026-03-06 17:00:00","25.1","27.9","70","0.2","0.2","51","70","4.8","archive","-23.558","-46.635","2026-09-20T16:31:34.073018-03:00"
"2026-03-06 18:00:00","24.7","27.4","72","0.1","0.1","51","98","5.4","archive","-23.558","-46.635","2026-09-20T16:31:34.073018-03:00"
"2026-03-06 19:00:00","23.8","26.3","77","0.0","0.0","3","99","7.7","archive","-23.558","-46.635","2026-09-20T16:31:34.073018-03:00"
"2026-03-06 20:00:00","23.1","25.8","82","0.0","0.0","3","100","6.9","archive","-23.558","-46.635","2026-09-20T16:31:34.073018-03:00"
"2026-03-06 21:00:00","21.8","25.2","93","0.0","0.0","2","70","5.3","archive","-23.558","-46.635","2026-09-20T16:31:34.073018-03:00"
"2026-03-06 22:00:00","21.7","25.2","94","0.0","0.0","3","99","4.3","archive","-23.558","-46.635","2026-09-20T16:31:34.073018-03:00"
"2026-03-06 23:00:00","21.8","25.1","93","0.0","0.0","3","100","5.2","archive","-23.558","-46.635","2026-09-20T16:31:34.073018-03:00"
"2026-03-07 00:00:00","21.8","25.1","93","0.0","0.0","3","100","5.4","archive","-23.558","-46.635","2026-09-20T16:31:34.073018-03:00"
"2026-03-07 01:00:00","21.7","24.9","92","0.0","0.0","3","84","5.2","archive","-23.558","-46.635","2026-09-20T16:31:34.073018-03:00"
"2026-03-07 02:00:00","21.3","24.3","93","0.0","0.0","2","65","6.1","archive","-23.558","-46.635","2026-09-20T16:31:34.073018-03:00"
"2026-03-07 03:00:00","21.4","25.1","96","0.0","0.0","2","70","4.0","archive","-23.558","-46.635","2026-09-20T16:31:34.073018-03:00"
"2026-03-07 04:00:00","21.2","24.6","97","0.0","0.0","1","41","5.6","archive","-23.558","-46.635","2026-09-20T16:31:34.073018-03:00"
"2026-03-07 05:00:00","21.2","24.6","96","0.0","0.0","1","31","4.9","archive","-23.558","-46.635","2026-09-20T16:31:34.073018-03:00"
"2026-03-07 06:00:00","20.6","24.0","97","0.0","0.0","3","99","2.7","archive","-23.558","-46.635","2026-09-20T16:31:34.073018-03:00"
"2026-03-07 07:00:00","21.4","24.9","94","0.0","0.0","2","52","3.5","archive","-23.558","-46.635","2026-09-20T16:31:34.073018-03:00"
"2026-03-07 08:00:00","22.7","26.2","87","0.0","0.0","1","20","3.4","archive","-23.558","-46.635","2026-09-20T16:31:34.073018-03:00"
"2026-03-07 09:00:00","21.7","24.4","88","0.0","0.0","2","70","6.4","archive","-23.558","-46.635","2026-09-20T16:31:34.073018-03:00"
"2026-03-07 10:00:00","23.5","26.0","80","3.1","3.1","63","99","9.3","archive","-23.558","-46.635","2026-09-20T16:31:34.073018-03:00"
"2026-03-07 11:00:00","24.6","27.3","78","1.2","1.2","55","45","9.9","archive","-23.558","-46.635","2026-09-20T16:31:34.073018-03:00"
"2026-03-07 12:00:00","27.3","31.4","66","0.3","0.3","51","100","12.0","archive","-23.558","-46.635","2026-09-20T16:31:34.073018-03:00"
"2026-03-07 13:00:00","24.9","27.5","76","4.8","4.8","63","43","9.4","archive","-23.558","-46.635","2026-09-20T16:31:34.073018-03:00"
"2026-03-07 14:00:00","27.2","31.9","70","0.1","0.1","51","80","11.4","archive","-23.558","-46.635","2026-09-20T16:31:34.073018-03:00"
"2026-03-07 15:00:00","24.8","27.7","77","3.6","3.6","63","82","10.0","archive","-23.558","-46.635","2026-09-20T16:31:34.073018-03:00"
"2026-03-07 16:00:00","26.5","29.5","71","0.2","0.2","51","100","9.3","archive","-23.558","-46.635","2026-09-20T16:31:34.073018-03:00"
"2026-03-07 17:00:00","22.1","23.9","85","4.6","4.6","63","100","11.8","archive","-23.558","-46.635","2026-09-20T16:31:34.073018-03:00"
"2026-03-07 18:00:00","20.9","23.1","93","12.0","12.0","65","96","10.7","archive","-23.558","-46.635","2026-09-20T16:31:34.073018-03:00"
"2026-03-07 19:00:00","21.3","23.3","91","1.9","1.9","61","27","11.5","archive","-23.558","-46.635","2026-09-20T16:31:34.073018-03:00"
"2026-03-07 20:00:00","21.2","23.7","91","0.0","0.0","0","19","7.5","archive","-23.558","-46.635","2026-09-20T16:31:34.073018-03:00"
"2026-03-07 21:00:00","20.0","22.1","90","0.0","0.0","3","100","6.3","archive","-23.558","-46.635","2026-09-20T16:31:34.073018-03:00"
"2026-03-07 22:00:00","20.2","22.6","91","0.3","0.3","51","100","5.9","archive","-23.558","-46.635","2026-09-20T16:31:34.073018-03:00"
"2026-03-07 23:00:00","20.4","22.7","90","0.1","0.1","51","100","6.4","archive","-23.558","-46.635","2026-09-20T16:31:34.073018-03:00"
"2026-03-08 00:00:00","20.5","22.6","89","0.0","0.0","3","100","6.7","archive","-23.558","-46.635","2026-09-20T16:31:34.073018-03:00"
"2026-03-08 01:00:00","20.2","22.1","89","0.0","0.0","3","97","7.2","archive","-23.558","-46.635","2026-09-20T16:31:34.073018-03:00"
"2026-03-08 02:00:00","19.9","21.4","89","0.0","0.0","3","100","9.7","archive","-23.558","-46.635","2026-09-20T16:31:34.073018-03:00"
"2026-03-08 03:00:00","19.8","21.2","90","0.0","0.0","3","98","10.1","archive","-23.558","-46.635","2026-09-20T16:31:34.073018-03:00"
"2026-03-08 04:00:00","19.6","21.0","89","0.0","0.0","3","100","9.8","archive","-23.558","-46.635","2026-09-20T16:31:34.073018-03:00"
"2026-03-08 05:00:00","19.5","20.7","87","0.0","0.0","3","97","9.5","archive","-23.558","-46.635","2026-09-20T16:31:34.073018-03:00"
"2026-03-08 06:00:00","19.2","20.2","87","0.0","0.0","3","97","9.8","archive","-23.558","-46.635","2026-09-20T16:31:34.073018-03:00"
"2026-03-08 07:00:00","19.6","20.7","85","0.0","0.0","0","10","9.1","archive","-23.558","-46.635","2026-09-20T16:31:34.073018-03:00"
"2026-03-08 08:00:00","21.0","22.8","82","0.0","0.0","0","0","6.2","archive","-23.558","-46.635","2026-09-20T16:31:34.073018-03:00"
"2026-03-08 09:00:00","23.2","25.3","74","0.0","0.0","1","34","6.6","archive","-23.558","-46.635","2026-09-20T16:31:34.073018-03:00"
"2026-03-08 10:00:00","24.7","27.3","70","0.0","0.0","2","78","7.9","archive","-23.558","-46.635","2026-09-20T16:31:34.073018-03:00"
"2026-03-08 11:00:00","26.0","29.9","69","0.2","0.2","51","41","8.2","archive","-23.558","-46.635","2026-09-20T16:31:34.073018-03:00"
"2026-03-08 12:00:00","27.1","30.1","64","0.1","0.1","51","63","9.0","archive","-23.558","-46.635","2026-09-20T16:31:34.073018-03:00"
"2026-03-08 13:00:00","22.6","25.7","87","3.3","3.3","63","98","13.0","archive","-23.558","-46.635","2026-09-20T16:31:34.073018-03:00"
"2026-03-08 14:00:00","23.3","25.9","81","0.4","0.4","51","98","8.1","archive","-23.558","-46.635","2026-09-20T16:31:34.073018-03:00"
"2026-03-08 15:00:00","25.0","28.1","73","0.1","0.1","51","76","5.0","archive","-23.558","-46.635","2026-09-20T16:31:34.073018-03:00"
"2026-03-08 16:00:00","24.1","26.3","75","2.4","2.4","61","95","8.9","archive","-23.558","-46.635","2026-09-20T16:31:34.073018-03:00"
"2026-03-08 17:00:00","23.0","25.2","81","0.1","0.1","51","95","9.8","archive","-23.558","-46.635","2026-09-20T16:31:34.073018-03:00"
"2026-03-08 18:00:00","22.2","24.1","85","0.1","0.1","51","93","11.0","archive","-23.558","-46.635","2026-09-20T16:31:34.073018-03:00"
"2026-03-08 19:00:00","21.5","23.7","88","0.0","0.0","3","100","9.7","archive","-23.558","-46.635","2026-09-20T16:31:34.073018-03:00"
"2026-03-08 20:00:00","21.1","23.3","89","0.0","0.0","3","100","8.8","archive","-23.558","-46.635","2026-09-20T16:31:34.073018-03:00"
"2026-03-08 21:00:00","20.9","23.1","93","0.0","0.0","3","99","10.3","archive","-23.558","-46.635","2026-09-20T16:31:34.073018-03:00"
"2026-03-08 22:00:00","20.9","23.6","93","0.0","0.0","3","100","6.7","archive","-23.558","-46.635","2026-09-20T16:31:34.073018-03:00"
"2026-03-08 23:00:00","20.7","22.9","92","0.0","0.0","3","100","8.6","archive","-23.558","-46.635","2026-09-20T16:31:34.073018-03:00"
"2026-03-09 00:00:00","20.6","22.7","92","0.0","0.0","3","100","8.7","archive","-23.558","-46.635","2026-09-20T16:31:34.073018-03:00"
"2026-03-09 01:00:00","20.3","22.4","92","0.0","0.0","3","97","8.4","archive","-23.558","-46.635","2026-09-20T16:31:34.073018-03:00"
"2026-03-09 02:00:00","20.1","22.2","92","0.0","0.0","3","100","8.3","archive","-23.558","-46.635","2026-09-20T16:31:34.073018-03:00"
"2026-03-09 03:00:00","19.8","22.0","93","0.0","0.0","3","100","6.7","archive","-23.558","-46.635","2026-09-20T16:31:34.073018-03:00"
"2026-03-09 04:00:00","19.6","21.8","93","0.0","0.0","3","100","6.6","archive","-23.558","-46.635","2026-09-20T16:31:34.073018-03:00"
"2026-03-09 05:00:00","19.3","21.6","95","0.0","0.0","3","100","5.5","archive","-23.558","-46.635","2026-09-20T16:31:34.073018-03:00"
"2026-03-09 06:00:00","19.3","21.6","95","0.0","0.0","3","100","5.4","archive","-23.558","-46.635","2026-09-20T16:31:34.073018-03:00"
"2026-03-09 07:00:00","19.6","21.7","93","0.0","0.0","3","100","7.0","archive","-23.558","-46.635","2026-09-20T16:31:34.073018-03:00"
"2026-03-09 08:00:00","20.2","22.1","90","0.0","0.0","3","100","8.6","archive","-23.558","-46.635","2026-09-20T16:31:34.073018-03:00"
"2026-03-09 09:00:00","20.0","23.3","94","0.1","0.1","51","100","0.4","archive","-23.558","-46.635","2026-09-20T16:31:34.073018-03:00"
"2026-03-09 10:00:00","20.6","23.9","93","2.2","2.2","61","100","1.3","archive","-23.558","-46.635","2026-09-20T16:31:34.073018-03:00"
"2026-03-09 11:00:00","21.5","24.6","85","1.0","1.0","55","100","1.5","archive","-23.558","-46.635","2026-09-20T16:31:34.073018-03:00"
"2026-03-09 12:00:00","22.2","24.8","83","0.7","0.7","53","100","5.7","archive","-23.558","-46.635","2026-09-20T16:31:34.073018-03:00"
"2026-03-09 13:00:00","22.5","24.6","81","1.0","1.0","55","100","8.4","archive","-23.558","-46.635","2026-09-20T16:31:34.073018-03:00"
"2026-03-09 14:00:00","22.2","24.0","83","0.8","0.8","53","100","10.5","archive","-23.558","-46.635","2026-09-20T16:31:34.073018-03:00"
"2026-03-09 15:00:00","21.3","23.1","84","0.4","0.4","51","100","9.2","archive","-23.558","-46.635","2026-09-20T16:31:34.073018-03:00"
"2026-03-09 16:00:00","21.3","23.0","85","0.5","0.5","53","70","10.5","archive","-23.558","-46.635","2026-09-20T16:31:34.073018-03:00"
"2026-03-09 17:00:00","21.3","22.3","83","0.2","0.2","51","100","13.5","archive","-23.558","-46.635","2026-09-20T16:31:34.073018-03:00"
"2026-03-09 18:00:00","19.9","21.1","87","0.0","0.0","3","100","11.2","archive","-23.558","-46.635","2026-09-20T16:31:34.073018-03:00"
"2026-03-09 19:00:00","19.2","20.7","90","0.0","0.0","3","100","7.8","archive","-23.558","-46.635","2026-09-20T16:31:34.073018-03:00"
"2026-03-09 20:00:00","18.8","20.2","88","0.1","0.1","51","100","6.6","archive","-23.558","-46.635","2026-09-20T16:31:34.073018-03:00"
"2026-03-09 21:00:00","18.7","20.3","94","0.2","0.2","51","100","7.9","archive","-23.558","-46.635","2026-09-20T16:31:34.073018-03:00"
"2026-03-09 22:00:00","18.8","20.5","94","0.3","0.3","51","100","6.8","archive","-23.558","-46.635","2026-09-20T16:31:34.073018-03:00"
"2026-03-09 23:00:00","18.7","20.4","94","0.2","0.2","51","100","7.3","archive","-23.558","-46.635","2026-09-20T16:31:34.073018-03:00"
"2026-03-10 00:00:00","18.7","20.4","94","0.2","0.2","51","100","6.8","archive","-23.558","-46.635","2026-09-20T16:31:34.073018-03:00"
"2026-03-10 01:00:00","18.6","20.2","94","0.2","0.2","51","100","7.4","archive","-23.558","-46.635","2026-09-20T16:31:34.073018-03:00"
"2026-03-10 02:00:00","18.4","20.1","94","0.5","0.5","53","100","6.5","archive","-23.558","-46.635","2026-09-20T16:31:34.073018-03:00"
"2026-03-10 03:00:00","18.5","20.5","95","0.4","0.4","51","100","5.0","archive","-23.558","-46.635","2026-09-20T16:31:34.073018-03:00"
"2026-03-10 04:00:00","18.4","20.8","97","1.5","1.5","61","100","3.3","archive","-23.558","-46.635","2026-09-20T16:31:34.073018-03:00"
"2026-03-10 05:00:00","18.4","20.6","97","0.5","0.5","53","100","4.6","archive","-23.558","-46.635","2026-09-20T16:31:34.073018-03:00"
"2026-03-10 06:00:00","18.5","20.6","96","0.2","0.2","51","100","4.5","archive","-23.558","-46.635","2026-09-20T16:31:34.073018-03:00"
"2026-03-10 07:00:00","18.8","20.8","95","0.2","0.2","51","100","5.4","archive","-23.558","-46.635","2026-09-20T16:31:34.073018-03:00"
"2026-03-10 08:00:00","19.2","20.9","93","0.5","0.5","53","100","8.2","archive","-23.558","-46.635","2026-09-20T16:31:34.073018-03:00"
"2026-03-10 09:00:00","19.7","22.1","92","1.1","1.1","55","100","4.6","archive","-23.558","-46.635","2026-09-20T16:31:34.073018-03:00"
"2026-03-10 10:00:00","20.5","22.6","90","0.8","0.8","53","100","7.5","archive","-23.558","-46.635","2026-09-20T16:31:34.073018-03:00"
"2026-03-10 11:00:00","20.7","23.0","89","1.6","1.6","61","100","6.5","archive","-23.558","-46.635","2026-09-20T16:31:34.073018-03:00"
"2026-03-10 12:00:00","20.3","23.2","93","1.8","1.8","61","100","4.1","archive","-23.558","-46.635","2026-09-20T16:31:34.073018-03:00"
"2026-03-10 13:00:00","20.7","23.2","86","2.1","2.1","61","100","3.3","archive","-23.558","-46.635","2026-09-20T16:31:34.073018-03:00"
"2026-03-10 14:00:00","20.8","23.1","86","1.0","1.0","55","100","4.6","archive","-23.558","-46.635","2026-09-20T16:31:34.073018-03:00"
"2026-03-10 15:00:00","20.0","22.5","92","0.8","0.8","53","100","4.3","archive","-23.558","-46.635","2026-09-20T16:31:34.073018-03:00"
"2026-03-10 16:00:00","20.8","23.7","88","1.5","1.5","61","100","2.6","archive","-23.558","-46.635","2026-09-20T16:31:34.073018-03:00"
"2026-03-10 17:00:00","21.1","23.3","84","0.3","0.3","51","100","5.1","archive","-23.558","-46.635","2026-09-20T16:31:34.073018-03:00"
"2026-03-10 18:00:00","20.4","22.6","90","0.3","0.3","51","100","6.5","archive","-23.558","-46.635","2026-09-20T16:31:34.073018-03:00"
"2026-03-10 19:00:00","19.8","22.3","94","0.1","0.1","51","100","5.2","archive","-23.558","-46.635","2026-09-20T16:31:34.073018-03:00"
"2026-03-10 20:00:00","19.5","22.0","95","0.2","0.2","51","100","5.0","archive","-23.558","-46.635","2026-09-20T16:31:34.073018-03:00"
"2026-03-10 21:00:00","19.3","21.7","96","0.1","0.1","51","100","5.4","archive","-23.558","-46.635","2026-09-20T16:31:34.073018-03:00"
"2026-03-10 22:00:00","19.2","21.6","96","0.6","0.6","53","100","5.4","archive","-23.558","-46.635","2026-09-20T16:31:34.073018-03:00"
"2026-03-10 23:00:00","19.2","21.6","98","0.7","0.7","53","100","5.2","archive","-23.558","-46.635","2026-09-20T16:31:34.073018-03:00"
"2026-03-11 00:00:00","19.1","21.6","98","1.1","1.1","55","100","5.0","archive","-23.558","-46.635","2026-09-20T16:31:34.073018-03:00"
"2026-03-11 01:00:00","19.0","21.5","98","1.3","1.3","61","100","4.7","archive","-23.558","-46.635","2026-09-20T16:31:34.073018-03:00"
"2026-03-11 02:00:00","18.9","21.3","98","0.6","0.6","53","100","5.1","archive","-23.558","-46.635","2026-09-20T16:31:34.073018-03:00"
"2026-03-11 03:00:00","19.0","21.5","97","1.4","1.4","61","100","4.6","archive","-23.558","-46.635","2026-09-20T16:31:34.073018-03:00"
"2026-03-11 04:00:00","19.0","21.5","98","0.7","0.7","53","100","4.5","archive","-23.558","-46.635","2026-09-20T16:31:34.073018-03:00"
"2026-03-11 05:00:00","18.9","21.3","98","0.3","0.3","51","100","5.2","archive","-23.558","-46.635","2026-09-20T16:31:34.073018-03:00"
"2026-03-11 06:00:00","18.9","21.2","96","0.1","0.1","51","100","5.5","archive","-23.558","-46.635","2026-09-20T16:31:34.073018-03:00"
"2026-03-11 07:00:00","19.0","21.4","96","0.3","0.3","51","100","5.0","archive","-23.558","-46.635","2026-09-20T16:31:34.073018-03:00"
"2026-03-11 08:00:00","19.4","21.7","96","0.6","0.6","53","100","6.2","archive","-23.558","-46.635","2026-09-20T16:31:34.073018-03:00"
"2026-03-11 09:00:00","19.5","22.2","96","1.1","1.1","55","100","4.0","archive","-23.558","-46.635","2026-09-20T16:31:34.073018-03:00"
"2026-03-11 10:00:00","20.1","22.6","92","1.1","1.1","55","100","5.6","archive","-23.558","-46.635","2026-09-20T16:31:34.073018-03:00"
"2026-03-11 11:00:00","21.1","23.8","87","0.3","0.3","51","100","4.5","archive","-23.558","-46.635","2026-09-20T16:31:34.073018-03:00"
"2026-03-11 12:00:00","21.0","23.6","87","1.4","1.4","61","100","4.9","archive","-23.558","-46.635","2026-09-20T16:31:34.073018-03:00"
"2026-03-11 13:00:00","20.8","23.3","89","1.5","1.5","61","100","5.7","archive","-23.558","-46.635","2026-09-20T16:31:34.073018-03:00"
"2026-03-11 14:00:00","21.6","24.1","88","0.7","0.7","53","100","7.5","archive","-23.558","-46.635","2026-09-20T16:31:34.073018-03:00"
"2026-03-11 15:00:00","22.4","24.7","82","0.1","0.1","51","100","7.8","archive","-23.558","-46.635","2026-09-20T16:31:34.073018-03:00"
"2026-03-11 16:00:00","22.0","23.5","78","0.2","0.2","51","100","8.8","archive","-23.558","-46.635","2026-09-20T16:31:34.073018-03:00"
"2026-03-11 17:00:00","21.2","23.5","85","0.8","0.8","53","100","6.2","archive","-23.558","-46.635","2026-09-20T16:31:34.073018-03:00"
"2026-03-11 18:00:00","20.6","23.0","91","0.8","0.8","53","100","6.5","archive","-23.558","-46.635","2026-09-20T16:31:34.073018-03:00"
"2026-03-11 19:00:00","20.0","22.5","95","0.2","0.2","51","100","6.2","archive","-23.558","-46.635","2026-09-20T16:31:34.073018-03:00"
"2026-03-11 20:00:00","19.8","22.1","95","0.1","0.1","51","100","7.0","archive","-23.558","-46.635","2026-09-20T16:31:34.073018-03:00"
"2026-03-11 21:00:00","19.9","22.1","94","0.1","0.1","51","100","7.8","archive","-23.558","-46.635","2026-09-20T16:31:34.073018-03:00"
"2026-03-11 22:00:00","19.9","22.2","94","0.3","0.3","51","100","6.5","archive","-23.558","-46.635","2026-09-20T16:31:34.073018-03:00"
"2026-03-11 23:00:00","19.6","21.8","95","0.7","0.7","53","100","7.3","archive","-23.558","-46.635","2026-09-20T16:31:34.073018-03:00"
"2026-03-12 00:00:00","19.5","22.0","97","1.5","1.5","61","100","5.3","archive","-23.558","-46.635","2026-09-20T16:31:34.073018-03:00"
"2026-03-12 01:00:00","19.5","22.1","97","1.1","1.1","55","100","4.8","archive","-23.558","-46.635","2026-09-20T16:31:34.073018-03:00"
"2026-03-12 02:00:00","19.4","21.6","96","2.1","2.1","61","100","7.0","archive","-23.558","-46.635","2026-09-20T16:31:34.073018-03:00"
"2026-03-12 03:00:00","19.4","21.4","95","3.0","3.0","63","100","7.9","archive","-23.558","-46.635","2026-09-20T16:31:34.073018-03:00"
"2026-03-12 04:00:00","19.2","21.1","97","2.8","2.8","63","100","8.7","archive","-23.558","-46.635","2026-09-20T16:31:34.073018-03:00"
"2026-03-12 05:00:00","19.1","21.2","97","2.2","2.2","61","100","7.7","archive","-23.558","-46.635","2026-09-20T16:31:34.073018-03:00"
"2026-03-12 06:00:00","19.1","21.0","96","1.9","1.9","61","100","8.1","archive","-23.558","-46.635","2026-09-20T16:31:34.073018-03:00"
"2026-03-12 07:00:00","19.1","21.1","97","1.0","1.0","55","100","7.7","archive","-23.558","-46.635","2026-09-20T16:31:34.073018-03:00"
"2026-03-12 08:00:00","19.4","21.8","95","2.6","2.6","63","100","5.8","archive","-23.558","-46.635","2026-09-20T16:31:34.073018-03:00"
"2026-03-12 09:00:00","19.7","21.6","93","2.0","2.0","61","100","9.0","archive","-23.558","-46.635","2026-09-20T16:31:34.073018-03:00"
"2026-03-12 10:00:00","19.9","21.9","95","1.6","1.6","61","100","9.6","archive","-23.558","-46.635","2026-09-20T16:31:34.073018-03:00"
"2026-03-12 11:00:00","21.2","23.0","87","0.8","0.8","53","100","10.2","archive","-23.558","-46.635","2026-09-20T16:31:34.073018-03:00"
"2026-03-12 12:00:00","21.2","22.8","86","1.1","1.1","55","100","11.2","archive","-23.558","-46.635","2026-09-20T16:31:34.073018-03:00"
"2026-03-12 13:00:00","21.2","22.6","87","1.4","1.4","61","100","13.1","archive","-23.558","-46.635","2026-09-20T16:31:34.073018-03:00"
"2026-03-12 14:00:00","21.6","22.1","80","0.7","0.7","53","100","16.0","archive","-23.558","-46.635","2026-09-20T16:31:34.073018-03:00"
"2026-03-12 15:00:00","21.9","23.1","82","0.3","0.3","51","100","13.0","archive","-23.558","-46.635","2026-09-20T16:31:34.073018-03:00"
"2026-03-12 16:00:00","22.0","23.4","81","0.3","0.3","51","100","12.4","archive","-23.558","-46.635","2026-09-20T16:31:34.073018-03:00"
"2026-03-12 17:00:00","21.5","22.9","83","0.3","0.3","51","100","12.0","archive","-23.558","-46.635","2026-09-20T16:31:34.073018-03:00"
"2026-03-12 18:00:00","21.1","22.9","86","0.1","0.1","51","99","9.8","archive","-23.558","-46.635","2026-09-20T16:31:34.073018-03:00"
"2026-03-12 19:00:00","20.6","22.3","88","0.1","0.1","51","100","9.9","archive","-23.558","-46.635","2026-09-20T16:31:34.073018-03:00"
"2026-03-12 20:00:00","20.4","22.0","89","0.0","0.0","3","100","10.1","archive","-23.558","-46.635","2026-09-20T16:31:34.073018-03:00"
"2026-03-12 21:00:00","19.4","21.1","97","0.0","0.0","3","100","10.7","archive","-23.558","-46.635","2026-09-20T16:31:34.073018-03:00"
"2026-03-12 22:00:00","19.3","21.1","96","0.5","0.5","53","100","8.8","archive","-23.558","-46.635","2026-09-20T16:31:34.073018-03:00"
"2026-03-12 23:00:00","18.7","20.7","96","0.4","0.4","51","100","6.5","archive","-23.558","-46.635","2026-09-20T16:31:34.073018-03:00"
"2026-03-13 00:00:00","18.3","20.2","96","2.5","2.5","63","100","5.9","archive","-23.558","-46.635","2026-09-20T16:31:34.073018-03:00"
"2026-03-13 01:00:00","18.0","19.4","96","0.8","0.8","53","99","8.3","archive","-23.558","-46.635","2026-09-20T16:31:34.073018-03:00"
"2026-03-13 02:00:00","17.8","20.0","97","0.0","0.0","3","98","2.3","archive","-23.558","-46.635","2026-09-20T16:31:34.073018-03:00"
"2026-03-13 03:00:00","18.0","20.0","97","0.1","0.1","51","100","4.2","archive","-23.558","-46.635","2026-09-20T16:31:34.073018-03:00"
"2026-03-13 04:00:00","18.4","20.6","96","0.0","0.0","3","100","4.5","archive","-23.558","-46.635","2026-09-20T16:31:34.073018-03:00"
"2026-03-13 05:00:00","18.4","20.7","97","0.0","0.0","3","100","4.0","archive","-23.558","-46.635","2026-09-20T16:31:34.073018-03:00"
"2026-03-13 06:00:00","18.4","20.6","97","0.0","0.0","3","88","4.3","archive","-23.558","-46.635","2026-09-20T16:31:34.073018-03:00"
"2026-03-13 07:00:00","18.7","20.8","95","0.0","0.0","2","74","5.7","archive","-23.558","-46.635","2026-09-20T16:31:34.073018-03:00"
"2026-03-13 08:00:00","19.9","22.3","89","0.0","0.0","3","100","3.3","archive","-23.558","-46.635","2026-09-20T16:31:34.073018-03:00"
"2026-03-13 09:00:00","21.2","23.4","81","0.1","0.1","51","98","4.2","archive","-23.558","-46.635","2026-09-20T16:31:34.073018-03:00"
"2026-03-13 10:00:00","22.3","24.5","76","0.1","0.1","51","100","4.3","archive","-23.558","-46.635","2026-09-20T16:31:34.073018-03:00"
"2026-03-13 11:00:00","22.6","24.7","76","0.2","0.2","51","100","5.4","archive","-23.558","-46.635","2026-09-20T16:31:34.073018-03:00"
"2026-03-13 12:00:00","22.8","25.0","76","0.2","0.2","51","39","5.4","archive","-23.558","-46.635","2026-09-20T16:31:34.073018-03:00"
"2026-03-13 13:00:00","23.9","27.4","74","0.2","0.2","51","40","3.7","archive","-23.558","-46.635","2026-09-20T16:31:34.073018-03:00"
"2026-03-13 14:00:00","24.8","28.3","68","0.1","0.1","51","100","6.6","archive","-23.558","-46.635","2026-09-20T16:31:34.073018-03:00"
"2026-03-13 15:00:00","22.9","24.4","74","0.1","0.1","51","38","9.9","archive","-23.558","-46.635","2026-09-20T16:31:34.073018-03:00"
"2026-03-13 16:00:00","23.6","25.1","70","0.0","0.0","1","42","9.4","archive","-23.558","-46.635","2026-09-20T16:31:34.073018-03:00"
"2026-03-13 17:00:00","22.8","24.1","73","0.0","0.0","1","39","10.2","archive","-23.558","-46.635","2026-09-20T16:31:34.073018-03:00"
"2026-03-13 18:00:00","21.8","23.6","79","0.1","0.1","51","42","8.0","archive","-23.558","-46.635","2026-09-20T16:31:34.073018-03:00"
"2026-03-13 19:00:00","20.8","22.6","85","0.0","0.0","0","13","7.6","archive","-23.558","-46.635","2026-09-20T16:31:34.073018-03:00"
"2026-03-13 20:00:00","20.1","22.3","89","0.0","0.0","0","10","5.5","archive","-23.558","-46.635","2026-09-20T16:31:34.073018-03:00"
"2026-03-13 21:00:00","19.5","21.5","90","0.0","0.0","0","9","5.4","archive","-23.558","-46.635","2026-09-20T16:31:34.073018-03:00"
"2026-03-13 22:00:00","19.2","21.3","92","0.0","0.0","0","9","4.7","archive","-23.558","-46.635","2026-09-20T16:31:34.073018-03:00"
"2026-03-13 23:00:00","18.8","21.1","94","0.0","0.0","0","5","3.3","archive","-23.558","-46.635","2026-09-20T16:31:34.073018-03:00"
"2026-03-14 00:00:00","18.3","20.8","97","0.0","0.0","0","6","2.0","archive","-23.558","-46.635","2026-09-20T16:31:34.073018-03:00"
"2026-03-14 01:00:00","17.8","20.2","99","0.0","0.0","1","23","1.9","archive","-23.558","-46.635","2026-09-20T16:31:34.073018-03:00"
"2026-03-14 02:00:00","17.5","19.8","100","0.0","0.0","3","100","1.9","archive","-23.558","-46.635","2026-09-20T16:31:34.073018-03:00"
"2026-03-14 03:00:00","17.3","19.3","99","0.0","0.0","3","100","2.9","archive","-23.558","-46.635","2026-09-20T16:31:34.073018-03:00"
"2026-03-14 04:00:00","17.0","19.1","99","0.0","0.0","3","100","2.1","archive","-23.558","-46.635","2026-09-20T16:31:34.073018-03:00"
"2026-03-14 05:00:00","16.8","18.7","98","0.0","0.0","3","100","2.2","archive","-23.558","-46.635","2026-09-20T16:31:34.073018-03:00"
"2026-03-14 06:00:00","16.5","18.6","99","0.0","0.0","3","100","1.2","archive","-23.558","-46.635","2026-09-20T16:31:34.073018-03:00"
"2026-03-14 07:00:00","16.4","18.4","99","0.0","0.0","3","100","0.7","archive","-23.558","-46.635","2026-09-20T16:31:34.073018-03:00"
"2026-03-14 08:00:00","16.5","18.6","100","0.0","0.0","3","100","1.3","archive","-23.558","-46.635","2026-09-20T16:31:34.073018-03:00"
"2026-03-14 09:00:00","18.4","20.7","92","0.0","0.0","3","98","1.4","archive","-23.558","-46.635","2026-09-20T16:31:34.073018-03:00"
"2026-03-14 10:00:00","21.5","25.2","82","0.0","0.0","1","44","1.1","archive","-23.558","-46.635","2026-09-20T16:31:34.073018-03:00"
"2026-03-14 11:00:00","23.7","28.2","66","0.0","0.0","0","0","1.5","archive","-23.558","-46.635","2026-09-20T16:31:34.073018-03:00"
"2026-03-14 12:00:00","25.3","30.0","56","0.0","0.0","0","4","1.3","archive","-23.558","-46.635","2026-09-20T16:31:34.073018-03:00"
"2026-03-14 13:00:00","26.2","30.0","48","0.0","0.0","0","16","3.1","archive","-23.558","-46.635","2026-09-20T16:31:34.073018-03:00"
"2026-03-14 14:00:00","26.7","29.6","47","0.0","0.0","1","24","5.1","archive","-23.558","-46.635","2026-09-20T16:31:34.073018-03:00"
"2026-03-14 15:00:00","27.2","28.8","46","0.0","0.0","0","16","5.0","archive","-23.558","-46.635","2026-09-20T16:31:34.073018-03:00"
"2026-03-14 16:00:00","26.4","27.2","51","0.0","0.0","0","16","7.5","archive","-23.558","-46.635","2026-09-20T16:31:34.073018-03:00"
"2026-03-14 17:00:00","24.8","26.6","68","0.0","0.0","0","16","8.5","archive","-23.558","-46.635","2026-09-20T16:31:34.073018-03:00"
"2026-03-14 18:00:00","23.5","25.6","75","0.0","0.0","0","15","8.0","archive","-23.558","-46.635","2026-09-20T16:31:34.073018-03:00"
"2026-03-14 19:00:00","22.4","24.8","82","0.0","0.0","0","6","7.1","archive","-23.558","-46.635","2026-09-20T16:31:34.073018-03:00"
"2026-03-14 20:00:00","21.7","24.5","87","0.0","0.0","0","2","5.1","archive","-23.558","-46.635","2026-09-20T16:31:34.073018-03:00"
"2026-03-14 21:00:00","21.0","24.4","91","0.0","0.0","1","23","1.3","archive","-23.558","-46.635","2026-09-20T16:31:34.073018-03:00"
"2026-03-14 22:00:00","21.2","23.9","90","0.0","0.0","1","21","6.0","archive","-23.558","-46.635","2026-09-20T16:31:34.073018-03:00"
"2026-03-14 23:00:00","21.2","23.3","86","0.0","0.0","0","16","7.1","archive","-23.558","-46.635","2026-09-20T16:31:34.073018-03:00"
"2026-03-15 00:00:00","21.0","22.7","81","0.0","0.0","0","8","6.8","archive","-23.558","-46.635","2026-09-20T16:31:34.073018-03:00"
"2026-03-15 01:00:00","20.4","22.5","84","0.0","0.0","0","13","3.8","archive","-23.558","-46.635","2026-09-20T16:31:34.073018-03:00"
"2026-03-15 02:00:00","19.7","22.3","89","0.0","0.0","0","16","2.0","archive","-23.558","-46.635","2026-09-20T16:31:34.073018-03:00"
"2026-03-15 03:00:00","19.5","22.1","90","0.0","0.0","1","38","1.4","archive","-23.558","-46.635","2026-09-20T16:31:34.073018-03:00"
"2026-03-15 04:00:00","19.7","22.2","90","0.0","0.0","1","30","3.3","archive","-23.558","-46.635","2026-09-20T16:31:34.073018-03:00"
"2026-03-15 05:00:00","19.2","21.6","92","0.0","0.0","0","9","3.3","archive","-23.558","-46.635","2026-09-20T16:31:34.073018-03:00"
"2026-03-15 06:00:00","18.6","20.7","95","0.0","0.0","0","8","4.8","archive","-23.558","-46.635","2026-09-20T16:31:34.073018-03:00"
"2026-03-15 07:00:00","18.6","20.9","96","0.0","0.0","0","17","3.5","archive","-23.558","-46.635","2026-09-20T16:31:34.073018-03:00"
"2026-03-15 08:00:00","20.2","23.0","90","0.0","0.0","0","2","2.2","archive","-23.558","-46.635","2026-09-20T16:31:34.073018-03:00"
"2026-03-15 09:00:00","22.9","25.6","77","0.0","0.0","0","3","2.6","archive","-23.558","-46.635","2026-09-20T16:31:34.073018-03:00"
"2026-03-15 10:00:00","25.5","29.3","65","0.0","0.0","0","4","2.1","archive","-23.558","-46.635","2026-09-20T16:31:34.073018-03:00"
"2026-03-15 11:00:00","27.1","31.3","57","0.0","0.0","0","12","4.5","archive","-23.558","-46.635","2026-09-20T16:31:34.073018-03:00"
"2026-03-15 12:00:00","27.7","31.7","55","0.0","0.0","1","20","6.5","archive","-23.558","-46.635","2026-09-20T16:31:34.073018-03:00"
"2026-03-15 13:00:00","27.9","31.5","54","0.0","0.0","1","40","6.7","archive","-23.558","-46.635","2026-09-20T16:31:34.073018-03:00"
"2026-03-15 14:00:00","27.7","30.4","54","0.1","0.1","51","100","9.6","archive","-23.558","-46.635","2026-09-20T16:31:34.073018-03:00"
"2026-03-15 15:00:00","25.5","26.7","60","0.3","0.3","51","84","9.2","archive","-23.558","-46.635","2026-09-20T16:31:34.073018-03:00"
"2026-03-15 16:00:00","26.3","28.2","57","0.0","0.0","1","36","3.8","archive","-23.558","-46.635","2026-09-20T16:31:34.073018-03:00"
"2026-03-15 17:00:00","26.3","28.1","57","0.0","0.0","0","16","4.6","archive","-23.558","-46.635","2026-09-20T16:31:34.073018-03:00"
"2026-03-15 18:00:00","26.0","28.1","59","0.0","0.0","1","20","2.9","archive","-23.558","-46.635","2026-09-20T16:31:34.073018-03:00"
"2026-03-15 19:00:00","25.3","27.5","63","0.0","0.0","0","0","3.5","archive","-23.558","-46.635","2026-09-20T16:31:34.073018-03:00"
"2026-03-15 20:00:00","24.6","26.8","66","0.0","0.0","0","1","4.6","archive","-23.558","-46.635","2026-09-20T16:31:34.073018-03:00"
"2026-03-15 21:00:00","24.2","26.9","73","0.0","0.0","0","0","5.0","archive","-23.558","-46.635","2026-09-20T16:31:34.073018-03:00"
"2026-03-15 22:00:00","23.6","26.1","77","0.0","0.0","0","0","6.9","archive","-23.558","-46.635","2026-09-20T16:31:34.073018-03:00"
"2026-03-15 23:00:00","23.0","25.4","79","0.0","0.0","0","0","6.7","archive","-23.558","-46.635","2026-09-20T16:31:34.073018-03:00"
"2026-03-16 00:00:00","22.5","24.8","81","0.0","0.0","0","0","6.6","archive","-23.558","-46.635","2026-09-20T16:31:34.073018-03:00"
"2026-03-16 01:00:00","21.9","24.3","83","0.0","0.0","0","0","6.0","archive","-23.558","-46.635","2026-09-20T16:31:34.073018-03:00"
"2026-03-16 02:00:00","21.0","23.7","87","0.0","0.0","0","0","3.8","archive","-23.558","-46.635","2026-09-20T16:31:34.073018-03:00"
"2026-03-16 03:00:00","20.0","22.9","90","0.0","0.0","0","0","1.5","archive","-23.558","-46.635","2026-09-20T16:31:34.073018-03:00"
"2026-03-16 04:00:00","19.5","22.4","93","0.0","0.0","0","0","1.0","archive","-23.558","-46.635","2026-09-20T16:31:34.073018-03:00"
"2026-03-16 05:00:00","18.8","21.6","96","0.0","0.0","1","38","1.6","archive","-23.558","-46.635","2026-09-20T16:31:34.073018-03:00"
"2026-03-16 06:00:00","18.2","20.6","99","0.0","0.0","1","40","3.4","archive","-23.558","-46.635","2026-09-20T16:31:34.073018-03:00"
"2026-03-16 07:00:00","18.3","20.7","99","0.0","0.0","3","100","4.2","archive","-23.558","-46.635","2026-09-20T16:31:34.073018-03:00"
"2026-03-16 08:00:00","20.2","23.2","93","0.0","0.0","1","30","2.2","archive","-23.558","-46.635","2026-09-20T16:31:34.073018-03:00"
"2026-03-16 09:00:00","23.8","27.1","76","0.0","0.0","0","12","1.8","archive","-23.558","-46.635","2026-09-20T16:31:34.073018-03:00"
"2026-03-16 10:00:00","26.7","30.8","62","0.0","0.0","0","15","1.9","archive","-23.558","-46.635","2026-09-20T16:31:34.073018-03:00"
"2026-03-16 11:00:00","28.7","31.7","40","0.0","0.0","2","58","2.4","archive","-23.558","-46.635","2026-09-20T16:31:34.073018-03:00"
"2026-03-16 12:00:00","29.6","32.4","36","0.0","0.0","1","23","4.4","archive","-23.558","-46.635","2026-09-20T16:31:34.073018-03:00"
"2026-03-16 13:00:00","30.3","32.8","33","0.0","0.0","0","2","5.3","archive","-23.558","-46.635","2026-09-20T16:31:34.073018-03:00"
"2026-03-16 14:00:00","31.0","33.3","31","0.0","0.0","3","89","4.5","archive","-23.558","-46.635","2026-09-20T16:31:34.073018-03:00"
"2026-03-16 15:00:00","30.7","31.6","34","0.0","0.0","1","31","9.3","archive","-23.558","-46.635","2026-09-20T16:31:34.073018-03:00"
"2026-03-16 16:00:00","28.9","29.1","45","0.0","0.0","3","87","13.8","archive","-23.558","-46.635","2026-09-20T16:31:34.073018-03:00"
"2026-03-16 17:00:00","27.4","27.7","50","0.0","0.0","3","96","12.5","archive","-23.558","-46.635","2026-09-20T16:31:34.073018-03:00"
"2026-03-16 18:00:00","25.9","26.8","58","0.0","0.0","0","6","10.9","archive","-23.558","-46.635","2026-09-20T16:31:34.073018-03:00"
"2026-03-16 19:00:00","24.2","25.7","67","0.0","0.0","0","2","8.4","archive","-23.558","-46.635","2026-09-20T16:31:34.073018-03:00"
"2026-03-16 20:00:00","23.3","25.4","73","0.0","0.0","0","2","5.6","archive","-23.558","-46.635","2026-09-20T16:31:34.073018-03:00"
"2026-03-16 21:00:00","22.0","24.7","84","0.0","0.0","0","15","5.4","archive","-23.558","-46.635","2026-09-20T16:31:34.073018-03:00"
"2026-03-16 22:00:00","21.7","24.5","87","0.0","0.0","1","29","5.2","archive","-23.558","-46.635","2026-09-20T16:31:34.073018-03:00"
"2026-03-16 23:00:00","21.2","23.9","89","0.0","0.0","1","49","5.1","archive","-23.558","-46.635","2026-09-20T16:31:34.073018-03:00"
"2026-03-17 00:00:00","20.6","23.2","91","0.0","0.0","1","23","4.5","archive","-23.558","-46.635","2026-09-20T16:31:34.073018-03:00"
"2026-03-17 01:00:00","20.0","22.6","91","0.0","0.0","0","12","3.9","archive","-23.558","-46.635","2026-09-20T16:31:34.073018-03:00"
"2026-03-17 02:00:00","19.6","21.9","91","0.0","0.0","0","1","4.8","archive","-23.558","-46.635","2026-09-20T16:31:34.073018-03:00"
"2026-03-17 03:00:00","19.1","21.5","94","0.0","0.0","0","9","3.8","archive","-23.558","-46.635","2026-09-20T16:31:34.073018-03:00"
"2026-03-17 04:00:00","19.1","21.0","91","0.0","0.0","1","27","6.0","archive","-23.558","-46.635","2026-09-20T16:31:34.073018-03:00"
"2026-03-17 05:00:00","18.7","20.3","90","0.0","0.0","2","69","6.1","archive","-23.558","-46.635","2026-09-20T16:31:34.073018-03:00"
"2026-03-17 06:00:00","18.2","19.5","90","0.0","0.0","0","5","6.1","archive","-23.558","-46.635","2026-09-20T16:31:34.073018-03:00"
"2026-03-17 07:00:00","18.2","19.7","89","0.0","0.0","2","73","5.1","archive","-23.558","-46.635","2026-09-20T16:31:34.073018-03:00"
"2026-03-17 08:00:00","20.3","21.7","78","0.0","0.0","3","90","4.8","archive","-23.558","-46.635","2026-09-20T16:31:34.073018-03:00"
"2026-03-17 09:00:00","23.4","24.9","63","0.0","0.0","3","80","4.2","archive","-23.558","-46.635","2026-09-20T16:31:34.073018-03:00"
"2026-03-17 10:00:00","26.4","28.9","52","0.0","0.0","3","100","3.7","archive","-23.558","-46.635","2026-09-20T16:31:34.073018-03:00"
"2026-03-17 11:00:00","28.6","32.3","44","0.0","0.0","3","99","0.9","archive","-23.558","-46.635","2026-09-20T16:31:34.073018-03:00"
"2026-03-17 12:00:00","30.1","33.2","36","0.0","0.0","3","100","3.0","archive","-23.558","-46.635","2026-09-20T16:31:34.073018-03:00"
"2026-03-17 13:00:00","31.2","33.0","32","0.0","0.0","3","100","6.7","archive","-23.558","-46.635","2026-09-20T16:31:34.073018-03:00"
"2026-03-17 14:00:00","31.3","32.1","31","0.0","0.0","3","100","7.6","archive","-23.558","-46.635","2026-09-20T16:31:34.073018-03:00"
"2026-03-17 15:00:00","31.2","31.7","33","0.0","0.0","3","88","7.8","archive","-23.558","-46.635","2026-09-20T16:31:34.073018-03:00"
"2026-03-17 16:00:00","26.7","28.0","66","0.2","0.2","51","76","16.1","archive","-23.558","-46.635","2026-09-20T16:31:34.073018-03:00"
"2026-03-17 17:00:00","26.5","28.3","61","0.0","0.0","3","88","8.1","archive","-23.558","-46.635","2026-09-20T16:31:34.073018-03:00"
"2026-03-17 18:00:00","25.3","27.7","72","0.0","0.0","3","100","10.3","archive","-23.558","-46.635","2026-09-20T16:31:34.073018-03:00"
"2026-03-17 19:00:00","23.5","26.1","80","0.0","0.0","3","100","7.6","archive","-23.558","-46.635","2026-09-20T16:31:34.073018-03:00"
"2026-03-17 20:00:00","22.8","25.7","83","0.0","0.0","2","67","5.5","archive","-23.558","-46.635","2026-09-20T16:31:34.073018-03:00"
"2026-03-17 21:00:00","22.3","25.1","82","0.0","0.0","3","100","3.9","archive","-23.558","-46.635","2026-09-20T16:31:34.073018-03:00"
"2026-03-17 22:00:00","22.1","24.9","82","0.0","0.0","3","94","3.8","archive","-23.558","-46.635","2026-09-20T16:31:34.073018-03:00"
"2026-03-17 23:00:00","21.9","24.8","82","0.0","0.0","1","24","2.3","archive","-23.558","-46.635","2026-09-20T16:31:34.073018-03:00"
"2026-03-18 00:00:00","21.7","24.3","82","0.0","0.0","0","3","3.0","archive","-23.558","-46.635","2026-09-20T16:31:34.073018-03:00"
"2026-03-18 01:00:00","21.4","23.8","82","0.0","0.0","0","4","3.7","archive","-23.558","-46.635","2026-09-20T16:31:34.073018-03:00"
"2026-03-18 02:00:00","21.1","23.6","84","0.0","0.0","0","0","2.8","archive","-23.558","-46.635","2026-09-20T16:31:34.073018-03:00"
"2026-03-18 03:00:00","20.4","23.3","89","0.0","0.0","2","67","2.0","archive","-23.558","-46.635","2026-09-20T16:31:34.073018-03:00"
"2026-03-18 04:00:00","20.4","23.1","89","0.0","0.0","3","99","2.7","archive","-23.558","-46.635","2026-09-20T16:31:34.073018-03:00"
"2026-03-18 05:00:00","20.0","22.6","91","0.0","0.0","3","99","3.2","archive","-23.558","-46.635","2026-09-20T16:31:34.073018-03:00"
"2026-03-18 06:00:00","19.8","22.4","92","0.0","0.0","3","100","2.8","archive","-23.558","-46.635","2026-09-20T16:31:34.073018-03:00"
"2026-03-18 07:00:00","19.8","22.6","91","0.0","0.0","3","92","1.7","archive","-23.558","-46.635","2026-09-20T16:31:34.073018-03:00"
"2026-03-18 08:00:00","21.3","24.1","82","0.0","0.0","3","95","1.0","archive","-23.558","-46.635","2026-09-20T16:31:34.073018-03:00"
"2026-03-18 09:00:00","24.7","27.5","68","0.0","0.0","2","55","1.9","archive","-23.558","-46.635","2026-09-20T16:31:34.073018-03:00"
"2026-03-18 10:00:00","27.6","31.2","56","0.0","0.0","3","100","1.4","archive","-23.558","-46.635","2026-09-20T16:31:34.073018-03:00"
"2026-03-18 11:00:00","28.8","31.9","48","0.2","0.2","51","100","2.7","archive","-23.558","-46.635","2026-09-20T16:31:34.073018-03:00"
"2026-03-18 12:00:00","29.1","31.0","46","0.1","0.1","51","86","4.7","archive","-23.558","-46.635","2026-09-20T16:31:34.073018-03:00"
"2026-03-18 13:00:00","29.5","32.2","45","0.3","0.3","51","77","5.4","archive","-23.558","-46.635","2026-09-20T16:31:34.073018-03:00"
"2026-03-18 14:00:00","27.2","28.9","57","1.3","1.3","61","100","12.2","archive","-23.558","-46.635","2026-09-20T16:31:34.073018-03:00"
"2026-03-18 15:00:00","25.4","26.5","67","0.3","0.3","51","97","14.7","archive","-23.558","-46.635","2026-09-20T16:31:34.073018-03:00"
"2026-03-18 16:00:00","25.1","27.5","67","1.0","1.0","55","87","4.8","archive","-23.558","-46.635","2026-09-20T16:31:34.073018-03:00"
"2026-03-18 17:00:00","25.5","28.1","66","0.2","0.2","51","100","4.5","archive","-23.558","-46.635","2026-09-20T16:31:34.073018-03:00"
"2026-03-18 18:00:00","24.5","26.8","72","0.0","0.0","3","100","7.1","archive","-23.558","-46.635","2026-09-20T16:31:34.073018-03:00"
"2026-03-18 19:00:00","23.7","26.3","77","0.0","0.0","3","100","6.4","archive","-23.558","-46.635","2026-09-20T16:31:34.073018-03:00"
"2026-03-18 20:00:00","23.3","26.2","82","0.0","0.0","3","100","6.4","archive","-23.558","-46.635","2026-09-20T16:31:34.073018-03:00"
"2026-03-18 21:00:00","22.8","25.7","85","0.0","0.0","3","98","6.9","archive","-23.558","-46.635","2026-09-20T16:31:34.073018-03:00"
"2026-03-18 22:00:00","22.4","25.3","85","0.0","0.0","3","100","5.3","archive","-23.558","-46.635","2026-09-20T16:31:34.073018-03:00"
"2026-03-18 23:00:00","22.2","25.3","85","0.0","0.0","3","100","3.7","archive","-23.558","-46.635","2026-09-20T16:31:34.073018-03:00"
"2026-03-19 00:00:00","22.1","25.1","85","0.0","0.0","3","80","3.5","archive","-23.558","-46.635","2026-09-20T16:31:34.073018-03:00"
"2026-03-19 01:00:00","22.0","25.1","86","0.0","0.0","3","96","2.8","archive","-23.558","-46.635","2026-09-20T16:31:34.073018-03:00"
"2026-03-19 02:00:00","21.8","25.0","87","0.0","0.0","3","100","2.9","archive","-23.558","-46.635","2026-09-20T16:31:34.073018-03:00"
"2026-03-19 03:00:00","21.9","25.2","88","0.0","0.0","3","100","3.0","archive","-23.558","-46.635","2026-09-20T16:31:34.073018-03:00"
"2026-03-19 04:00:00","21.8","24.8","87","0.0","0.0","3","100","4.2","archive","-23.558","-46.635","2026-09-20T16:31:34.073018-03:00"
"2026-03-19 05:00:00","21.7","24.7","87","0.0","0.0","3","100","4.2","archive","-23.558","-46.635","2026-09-20T16:31:34.073018-03:00"
"2026-03-19 06:00:00","21.6","24.6","88","0.0","0.0","3","100","3.7","archive","-23.558","-46.635","2026-09-20T16:31:34.073018-03:00"
"2026-03-19 07:00:00","21.7","24.8","88","0.0","0.0","3","95","2.9","archive","-23.558","-46.635","2026-09-20T16:31:34.073018-03:00"
"2026-03-19 08:00:00","23.0","26.3","80","0.0","0.0","2","76","2.1","archive","-23.558","-46.635","2026-09-20T16:31:34.073018-03:00"
"2026-03-19 09:00:00","22.7","26.1","82","0.0","0.0","3","100","1.2","archive","-23.558","-46.635","2026-09-20T16:31:34.073018-03:00"
"2026-03-19 10:00:00","23.2","25.9","79","0.5","0.5","53","100","5.4","archive","-23.558","-46.635","2026-09-20T16:31:34.073018-03:00"
"2026-03-19 11:00:00","24.6","27.6","74","0.4","0.4","51","96","4.8","archive","-23.558","-46.635","2026-09-20T16:31:34.073018-03:00"
"2026-03-19 12:00:00","25.0","27.3","69","0.2","0.2","51","87","6.9","archive","-23.558","-46.635","2026-09-20T16:31:34.073018-03:00"
"2026-03-19 13:00:00","24.8","26.5","66","1.3","1.3","61","95","8.3","archive","-23.558","-46.635","2026-09-20T16:31:34.073018-03:00"
"2026-03-19 14:00:00","24.3","26.1","68","0.4","0.4","51","100","7.5","archive","-23.558","-46.635","2026-09-20T16:31:34.073018-03:00"
"2026-03-19 15:00:00","26.1","28.1","58","1.4","1.4","61","51","3.8","archive","-23.558","-46.635","2026-09-20T16:31:34.073018-03:00"
"2026-03-19 16:00:00","25.1","26.7","63","0.1","0.1","51","68","7.5","archive","-23.558","-46.635","2026-09-20T16:31:34.073018-03:00"
"2026-03-19 17:00:00","22.9","24.5","75","0.3","0.3","51","94","9.6","archive","-23.558","-46.635","2026-09-20T16:31:34.073018-03:00"
"2026-03-19 18:00:00","22.1","24.3","82","0.4","0.4","51","80","7.5","archive","-23.558","-46.635","2026-09-20T16:31:34.073018-03:00"
"2026-03-19 19:00:00","21.6","24.0","86","0.1","0.1","51","50","6.7","archive","-23.558","-46.635","2026-09-20T16:31:34.073018-03:00"
"2026-03-19 20:00:00","21.4","24.0","88","0.0","0.0","1","24","6.3","archive","-23.558","-46.635","2026-09-20T16:31:34.073018-03:00"
"2026-03-19 21:00:00","20.9","23.4","90","0.0","0.0","1","26","6.4","archive","-23.558","-46.635","2026-09-20T16:31:34.073018-03:00"
"2026-03-19 22:00:00","20.4","22.8","91","0.0","0.0","1","30","6.0","archive","-23.558","-46.635","2026-09-20T16:31:34.073018-03:00"
"2026-03-19 23:00:00","20.1","22.5","91","0.0","0.0","0","16","5.0","archive","-23.558","-46.635","2026-09-20T16:31:34.073018-03:00"
"2026-03-20 00:00:00","19.7","22.1","92","0.0","0.0","0","11","4.6","archive","-23.558","-46.635","2026-09-20T16:31:34.073018-03:00"
"2026-03-20 01:00:00","19.4","21.6","92","0.0","0.0","0","13","4.8","archive","-23.558","-46.635","2026-09-20T16:31:34.073018-03:00"
"2026-03-20 02:00:00","19.1","21.3","92","0.0","0.0","0","13","3.5","archive","-23.558","-46.635","2026-09-20T16:31:34.073018-03:00"
"2026-03-20 03:00:00","18.8","21.3","95","0.0","0.0","0","2","2.0","archive","-23.558","-46.635","2026-09-20T16:31:34.073018-03:00"
"2026-03-20 04:00:00","18.9","21.2","93","0.0","0.0","0","9","3.2","archive","-23.558","-46.635","2026-09-20T16:31:34.073018-03:00"
"2026-03-20 05:00:00","18.8","21.1","93","0.0","0.0","0","2","2.8","archive","-23.558","-46.635","2026-09-20T16:31:34.073018-03:00"
"2026-03-20 06:00:00","18.7","20.9","92","0.0","0.0","0","7","2.4","archive","-23.558","-46.635","2026-09-20T16:31:34.073018-03:00"
"2026-03-20 07:00:00","18.8","20.9","92","0.0","0.0","3","84","3.8","archive","-23.558","-46.635","2026-09-20T16:31:34.073018-03:00"
"2026-03-20 08:00:00","19.6","21.8","90","0.0","0.0","3","100","4.4","archive","-23.558","-46.635","2026-09-20T16:31:34.073018-03:00"
"2026-03-20 09:00:00","22.2","24.4","78","0.0","0.0","1","30","5.6","archive","-23.558","-46.635","2026-09-20T16:31:34.073018-03:00"
"2026-03-20 10:00:00","23.6","26.3","73","0.1","0.1","51","100","6.5","archive","-23.558","-46.635","2026-09-20T16:31:34.073018-03:00"
"2026-03-20 11:00:00","24.0","25.8","70","0.1","0.1","51","20","8.6","archive","-23.558","-46.635","2026-09-20T16:31:34.073018-03:00"
"2026-03-20 12:00:00","25.1","28.4","67","0.1","0.1","51","10","9.1","archive","-23.558","-46.635","2026-09-20T16:31:34.073018-03:00"
"2026-03-20 13:00:00","25.8","29.1","61","0.0","0.0","0","9","9.7","archive","-23.558","-46.635","2026-09-20T16:31:34.073018-03:00"
"2026-03-20 14:00:00","25.8","28.1","59","0.0","0.0","0","8","10.6","archive","-23.558","-46.635","2026-09-20T16:31:34.073018-03:00"
"2026-03-20 15:00:00","25.1","26.7","60","0.0","0.0","0","4","12.2","archive","-23.558","-46.635","2026-09-20T16:31:34.073018-03:00"
"2026-03-20 16:00:00","24.6","25.7","63","0.0","0.0","0","3","11.4","archive","-23.558","-46.635","2026-09-20T16:31:34.073018-03:00"
"2026-03-20 17:00:00","23.6","24.5","68","0.0","0.0","0","6","11.1","archive","-23.558","-46.635","2026-09-20T16:31:34.073018-03:00"
"2026-03-20 18:00:00","22.2","23.4","76","0.0","0.0","0","10","10.5","archive","-23.558","-46.635","2026-09-20T16:31:34.073018-03:00"
"2026-03-20 19:00:00","21.3","22.8","81","0.0","0.0","0","2","8.7","archive","-23.558","-46.635","2026-09-20T16:31:34.073018-03:00"
"2026-03-20 20:00:00","20.8","22.6","84","0.0","0.0","0","7","7.0","archive","-23.558","-46.635","2026-09-20T16:31:34.073018-03:00"
"2026-03-20 21:00:00","20.4","22.6","90","0.0","0.0","1","35","7.3","archive","-23.558","-46.635","2026-09-20T16:31:34.073018-03:00"
"2026-03-20 22:00:00","20.2","22.7","92","0.0","0.0","1","28","5.8","archive","-23.558","-46.635","2026-09-20T16:31:34.073018-03:00"
"2026-03-20 23:00:00","20.0","22.6","93","0.0","0.0","1","34","4.8","archive","-23.558","-46.635","2026-09-20T16:31:34.073018-03:00"
"2026-03-21 00:00:00","19.7","22.1","93","0.0","0.0","1","26","5.2","archive","-23.558","-46.635","2026-09-20T16:31:34.073018-03:00"
"2026-03-21 01:00:00","19.3","21.6","94","0.0","0.0","0","13","4.7","archive","-23.558","-46.635","2026-09-20T16:31:34.073018-03:00"
"2026-03-21 02:00:00","18.9","21.2","96","0.0","0.0","2","56","4.6","archive","-23.558","-46.635","2026-09-20T16:31:34.073018-03:00"
"2026-03-21 03:00:00","19.2","21.8","96","0.0","0.0","3","100","3.4","archive","-23.558","-46.635","2026-09-20T16:31:34.073018-03:00"
"2026-03-21 04:00:00","19.1","21.4","96","0.0","0.0","3","100","4.9","archive","-23.558","-46.635","2026-09-20T16:31:34.073018-03:00"
"2026-03-21 05:00:00","19.1","21.3","94","0.0","0.0","3","91","5.0","archive","-23.558","-46.635","2026-09-20T16:31:34.073018-03:00"
"2026-03-21 06:00:00","18.9","21.1","94","0.0","0.0","3","95","3.9","archive","-23.558","-46.635","2026-09-20T16:31:34.073018-03:00"
"2026-03-21 07:00:00","19.1","21.2","92","0.0","0.0","1","31","4.7","archive","-23.558","-46.635","2026-09-20T16:31:34.073018-03:00"
"2026-03-21 08:00:00","20.2","22.1","85","0.0","0.0","1","38","5.6","archive","-23.558","-46.635","2026-09-20T16:31:34.073018-03:00"
"2026-03-21 09:00:00","21.9","24.5","80","0.0","0.0","0","17","2.6","archive","-23.558","-46.635","2026-09-20T16:31:34.073018-03:00"
"2026-03-21 10:00:00","23.9","28.0","74","0.0","0.0","0","11","0.7","archive","-23.558","-46.635","2026-09-20T16:31:34.073018-03:00"
"2026-03-21 11:00:00","26.0","30.8","64","0.0","0.0","1","23","1.9","archive","-23.558","-46.635","2026-09-20T16:31:34.073018-03:00"
"2026-03-21 12:00:00","27.2","31.7","58","0.1","0.1","51","25","5.0","archive","-23.558","-46.635","2026-09-20T16:31:34.073018-03:00"
"2026-03-21 13:00:00","27.6","31.2","54","0.0","0.0","0","17","7.3","archive","-23.558","-46.635","2026-09-20T16:31:34.073018-03:00"
"2026-03-21 14:00:00","28.4","31.4","48","0.0","0.0","0","18","6.3","archive","-23.558","-46.635","2026-09-20T16:31:34.073018-03:00"
"2026-03-21 15:00:00","29.1","30.7","42","0.0","0.0","2","60","5.2","archive","-23.558","-46.635","2026-09-20T16:31:34.073018-03:00"
"2026-03-21 16:00:00","26.7","28.5","63","0.0","0.0","1","29","11.3","archive","-23.558","-46.635","2026-09-20T16:31:34.073018-03:00"
"2026-03-21 17:00:00","25.1","27.0","71","0.0","0.0","0","16","11.4","archive","-23.558","-46.635","2026-09-20T16:31:34.073018-03:00"
"2026-03-21 18:00:00","24.0","26.2","77","0.0","0.0","1","30","10.4","archive","-23.558","-46.635","2026-09-20T16:31:34.073018-03:00"
"2026-03-21 19:00:00","22.2","24.5","84","0.0","0.0","0","13","8.4","archive","-23.558","-46.635","2026-09-20T16:31:34.073018-03:00"
"2026-03-21 20:00:00","21.7","24.4","87","0.0","0.0","0","13","5.7","archive","-23.558","-46.635","2026-09-20T16:31:34.073018-03:00"
"2026-03-21 21:00:00","21.3","24.2","88","0.0","0.0","0","5","4.0","archive","-23.558","-46.635","2026-09-20T16:31:34.073018-03:00"
"2026-03-21 22:00:00","21.1","23.6","88","0.0","0.0","0","7","5.8","archive","-23.558","-46.635","2026-09-20T16:31:34.073018-03:00"
"2026-03-21 23:00:00","20.8","23.1","88","0.0","0.0","3","91","6.6","archive","-23.558","-46.635","2026-09-20T16:31:34.073018-03:00"
"2026-03-22 00:00:00","20.6","22.6","89","0.0","0.0","3","85","7.6","archive","-23.558","-46.635","2026-09-20T16:31:34.073018-03:00"
"2026-03-22 01:00:00","20.1","22.1","90","0.0","0.0","2","69","7.5","archive","-23.558","-46.635","2026-09-20T16:31:34.073018-03:00"
"2026-03-22 02:00:00","19.8","22.2","91","0.0","0.0","3","84","4.5","archive","-23.558","-46.635","2026-09-20T16:31:34.073018-03:00"
"2026-03-22 03:00:00","19.3","21.8","95","0.0","0.0","3","100","3.5","archive","-23.558","-46.635","2026-09-20T16:31:34.073018-03:00"
"2026-03-22 04:00:00","18.9","21.5","96","0.0","0.0","3","100","2.4","archive","-23.558","-46.635","2026-09-20T16:31:34.073018-03:00"
"2026-03-22 05:00:00","18.3","20.6","98","0.0","0.0","3","100","3.5","archive","-23.558","-46.635","2026-09-20T16:31:34.073018-03:00"
"2026-03-22 06:00:00","17.8","20.2","99","0.0","0.0","3","100","1.8","archive","-23.558","-46.635","2026-09-20T16:31:34.073018-03:00"
"2026-03-22 07:00:00","17.6","19.8","98","0.0","0.0","3","100","2.3","archive","-23.558","-46.635","2026-09-20T16:31:34.073018-03:00"
"2026-03-22 08:00:00","18.2","20.6","95","0.0","0.0","3","100","1.8","archive","-23.558","-46.635","2026-09-20T16:31:34.073018-03:00"
"2026-03-22 09:00:00","20.3","23.1","88","0.0","0.0","3","100","1.0","archive","-23.558","-46.635","2026-09-20T16:31:34.073018-03:00"
"2026-03-22 10:00:00","23.0","25.9","75","0.0","0.0","3","100","1.2","archive","-23.558","-46.635","2026-09-20T16:31:34.073018-03:00"
"2026-03-22 11:00:00","25.8","28.9","58","0.0","0.0","3","99","1.8","archive","-23.558","-46.635","2026-09-20T16:31:34.073018-03:00"
"2026-03-22 12:00:00","27.6","29.6","41","0.0","0.0","3","100","4.1","archive","-23.558","-46.635","2026-09-20T16:31:34.073018-03:00"
"2026-03-22 13:00:00","28.0","28.6","37","0.0","0.0","3","100","6.0","archive","-23.558","-46.635","2026-09-20T16:31:34.073018-03:00"
"2026-03-22 14:00:00","28.8","30.6","40","0.0","0.0","1","27","5.3","archive","-23.558","-46.635","2026-09-20T16:31:34.073018-03:00"
"2026-03-22 15:00:00","29.6","31.3","40","0.0","0.0","0","8","7.5","archive","-23.558","-46.635","2026-09-20T16:31:34.073018-03:00"
"2026-03-22 16:00:00","29.2","29.7","44","0.0","0.0","0","2","10.5","archive","-23.558","-46.635","2026-09-20T16:31:34.073018-03:00"
"2026-03-22 17:00:00","27.5","27.6","49","0.0","0.0","0","2","12.5","archive","-23.558","-46.635","2026-09-20T16:31:34.073018-03:00"
"2026-03-22 18:00:00","25.8","25.8","51","0.0","0.0","0","9","10.7","archive","-23.558","-46.635","2026-09-20T16:31:34.073018-03:00"
"2026-03-22 19:00:00","24.4","25.0","58","0.0","0.0","0","13","8.4","archive","-23.558","-46.635","2026-09-20T16:31:34.073018-03:00"
"2026-03-22 20:00:00","23.9","24.9","60","0.0","0.0","0","0","6.3","archive","-23.558","-46.635","2026-09-20T16:31:34.073018-03:00"
"2026-03-22 21:00:00","23.4","25.9","71","0.0","0.0","1","20","1.7","archive","-23.558","-46.635","2026-09-20T16:31:34.073018-03:00"
"2026-03-22 22:00:00","23.6","25.1","64","0.0","0.0","2","55","4.4","archive","-23.558","-46.635","2026-09-20T16:31:34.073018-03:00"
"2026-03-22 23:00:00","22.7","23.8","67","0.1","0.1","51","80","6.5","archive","-23.558","-46.635","2026-09-20T16:31:34.073018-03:00"
"2026-03-23 00:00:00","22.2","23.8","68","0.0","0.0","0","14","3.2","archive","-23.558","-46.635","2026-09-20T16:31:34.073018-03:00"
"2026-03-23 01:00:00","21.8","23.6","71","0.0","0.0","0","0","2.2","archive","-23.558","-46.635","2026-09-20T16:31:34.073018-03:00"
"2026-03-23 02:00:00","21.4","23.1","72","0.0","0.0","0","2","3.1","archive","-23.558","-46.635","2026-09-20T16:31:34.073018-03:00"
"2026-03-23 03:00:00","20.9","22.1","73","0.0","0.0","0","0","5.0","archive","-23.558","-46.635","2026-09-20T16:31:34.073018-03:00"
"2026-03-23 04:00:00","20.5","21.5","73","0.0","0.0","0","0","5.6","archive","-23.558","-46.635","2026-09-20T16:31:34.073018-03:00"
"2026-03-23 05:00:00","19.9","21.2","76","0.0","0.0","0","1","3.9","archive","-23.558","-46.635","2026-09-20T16:31:34.073018-03:00"
"2026-03-23 06:00:00","19.5","20.8","78","0.0","0.0","0","0","3.9","archive","-23.558","-46.635","2026-09-20T16:31:34.073018-03:00"
"2026-03-23 07:00:00","19.8","20.9","78","0.0","0.0","0","1","5.4","archive","-23.558","-46.635","2026-09-20T16:31:34.073018-03:00"
"2026-03-23 08:00:00","21.3","22.4","70","0.0","0.0","0","1","5.4","archive","-23.558","-46.635","2026-09-20T16:31:34.073018-03:00"
"2026-03-23 09:00:00","22.8","24.1","66","0.0","0.0","0","14","5.8","archive","-23.558","-46.635","2026-09-20T16:31:34.073018-03:00"
"2026-03-23 10:00:00","24.5","26.2","55","0.0","0.0","0","5","5.6","archive","-23.558","-46.635","2026-09-20T16:31:34.073018-03:00"
"2026-03-23 11:00:00","25.9","28.1","47","0.0","0.0","0","2","5.6","archive","-23.558","-46.635","2026-09-20T16:31:34.073018-03:00"
"2026-03-23 12:00:00","27.1","29.2","41","0.0","0.0","0","13","5.5","archive","-23.558","-46.635","2026-09-20T16:31:34.073018-03:00"
"2026-03-23 13:00:00","28.0","30.9","38","0.0","0.0","0","16","3.4","archive","-23.558","-46.635","2026-09-20T16:31:34.073018-03:00"
"2026-03-23 14:00:00","29.0","32.0","37","0.0","0.0","0","16","0.7","archive","-23.558","-46.635","2026-09-20T16:31:34.073018-03:00"
"2026-03-23 15:00:00","29.1","29.3","37","0.0","0.0","2","54","11.2","archive","-23.558","-46.635","2026-09-20T16:31:34.073018-03:00"
"2026-03-23 16:00:00","26.3","26.7","57","0.0","0.0","0","19","14.2","archive","-23.558","-46.635","2026-09-20T16:31:34.073018-03:00"
"2026-03-23 17:00:00","24.7","25.8","65","0.0","0.0","0","11","11.8","archive","-23.558","-46.635","2026-09-20T16:31:34.073018-03:00"
"2026-03-23 18:00:00","23.3","24.0","69","0.0","0.0","0","7","12.4","archive","-23.558","-46.635","2026-09-20T16:31:34.073018-03:00"
"2026-03-23 19:00:00","21.9","23.3","77","0.0","0.0","0","13","9.2","archive","-23.558","-46.635","2026-09-20T16:31:34.073018-03:00"
"2026-03-23 20:00:00","21.4","23.3","81","0.0","0.0","0","15","6.4","archive","-23.558","-46.635","2026-09-20T16:31:34.073018-03:00"
"2026-03-23 21:00:00","21.1","22.9","83","0.0","0.0","1","24","7.3","archive","-23.558","-46.635","2026-09-20T16:31:34.073018-03:00"
"2026-03-23 22:00:00","21.1","23.2","82","0.0","0.0","3","87","5.7","archive","-23.558","-46.635","2026-09-20T16:31:34.073018-03:00"
"2026-03-23 23:00:00","20.8","22.7","83","0.0","0.0","1","38","6.1","archive","-23.558","-46.635","2026-09-20T16:31:34.073018-03:00"
"2026-03-24 00:00:00","20.3","22.1","85","0.0","0.0","0","13","5.8","archive","-23.558","-46.635","2026-09-20T16:31:34.073018-03:00"
"2026-03-24 01:00:00","19.8","21.7","86","0.0","0.0","0","4","4.7","archive","-23.558","-46.635","2026-09-20T16:31:34.073018-03:00"
"2026-03-24 02:00:00","19.3","21.1","88","0.0","0.0","0","17","5.2","archive","-23.558","-46.635","2026-09-20T16:31:34.073018-03:00"
"2026-03-24 03:00:00","18.9","20.7","90","0.0","0.0","0","8","5.4","archive","-23.558","-46.635","2026-09-20T16:31:34.073018-03:00"
"2026-03-24 04:00:00","18.7","20.3","91","0.0","0.0","0","16","6.0","archive","-23.558","-46.635","2026-09-20T16:31:34.073018-03:00"
"2026-03-24 05:00:00","18.2","19.8","93","0.0","0.0","3","83","5.4","archive","-23.558","-46.635","2026-09-20T16:31:34.073018-03:00"
"2026-03-24 06:00:00","17.8","19.3","94","0.0","0.0","3","89","5.4","archive","-23.558","-46.635","2026-09-20T16:31:34.073018-03:00"
"2026-03-24 07:00:00","17.9","19.6","92","0.0","0.0","1","43","3.1","archive","-23.558","-46.635","2026-09-20T16:31:34.073018-03:00"
"2026-03-24 08:00:00","19.3","20.8","81","0.0","0.0","0","17","3.7","archive","-23.558","-46.635","2026-09-20T16:31:34.073018-03:00"
"2026-03-24 09:00:00","22.1","23.5","69","0.0","0.0","0","7","5.1","archive","-23.558","-46.635","2026-09-20T16:31:34.073018-03:00"
"2026-03-24 10:00:00","24.7","26.1","55","0.0","0.0","0","3","7.7","archive","-23.558","-46.635","2026-09-20T16:31:34.073018-03:00"
"2026-03-24 11:00:00","26.9","29.0","46","0.0","0.0","0","2","7.1","archive","-23.558","-46.635","2026-09-20T16:31:34.073018-03:00"
"2026-03-24 12:00:00","28.6","31.3","40","0.0","0.0","0","5","5.2","archive","-23.558","-46.635","2026-09-20T16:31:34.073018-03:00"
"2026-03-24 13:00:00","30.2","33.0","34","0.0","0.0","1","27","3.1","archive","-23.558","-46.635","2026-09-20T16:31:34.073018-03:00"
"2026-03-24 14:00:00","31.3","33.2","29","0.0","0.0","1","37","2.1","archive","-23.558","-46.635","2026-09-20T16:31:34.073018-03:00"
"2026-03-24 15:00:00","31.4","31.1","27","0.0","0.0","3","100","3.8","archive","-23.558","-46.635","2026-09-20T16:31:34.073018-03:00"
"2026-03-24 16:00:00","29.8","29.4","33","0.0","0.0","3","96","6.7","archive","-23.558","-46.635","2026-09-20T16:31:34.073018-03:00"
"2026-03-24 17:00:00","25.9","26.6","62","0.1","0.1","51","70","14.9","archive","-23.558","-46.635","2026-09-20T16:31:34.073018-03:00"
"2026-03-24 18:00:00","24.0","25.3","71","0.0","0.0","1","24","11.9","archive","-23.558","-46.635","2026-09-20T16:31:34.073018-03:00"
"2026-03-24 19:00:00","23.4","25.2","73","0.0","0.0","0","17","8.4","archive","-23.558","-46.635","2026-09-20T16:31:34.073018-03:00"
"2026-03-24 20:00:00","23.0","25.3","75","0.0","0.0","0","5","5.3","archive","-23.558","-46.635","2026-09-20T16:31:34.073018-03:00"
"2026-03-24 21:00:00","22.2","24.0","74","0.0","0.0","1","20","5.9","archive","-23.558","-46.635","2026-09-20T16:31:34.073018-03:00"
"2026-03-24 22:00:00","22.0","24.0","74","0.0","0.0","0","12","3.6","archive","-23.558","-46.635","2026-09-20T16:31:34.073018-03:00"
"2026-03-24 23:00:00","21.7","23.7","76","0.0","0.0","0","2","3.3","archive","-23.558","-46.635","2026-09-20T16:31:34.073018-03:00"
"2026-03-25 00:00:00","21.6","23.7","76","0.0","0.0","0","3","2.8","archive","-23.558","-46.635","2026-09-20T16:31:34.073018-03:00"
"2026-03-25 01:00:00","21.4","23.8","77","0.0","0.0","0","2","1.2","archive","-23.558","-46.635","2026-09-20T16:31:34.073018-03:00"
"2026-03-25 02:00:00","21.1","23.5","79","0.0","0.0","0","2","1.3","archive","-23.558","-46.635","2026-09-20T16:31:34.073018-03:00"
"2026-03-25 03:00:00","20.7","23.5","84","0.0","0.0","0","4","0.6","archive","-23.558","-46.635","2026-09-20T16:31:34.073018-03:00"
"2026-03-25 04:00:00","20.8","23.2","83","0.0","0.0","0","2","2.9","archive","-23.558","-46.635","2026-09-20T16:31:34.073018-03:00"
"2026-03-25 05:00:00","20.6","23.0","84","0.0","0.0","0","0","3.0","archive","-23.558","-46.635","2026-09-20T16:31:34.073018-03:00"
"2026-03-25 06:00:00","20.6","22.8","84","0.0","0.0","0","5","3.8","archive","-23.558","-46.635","2026-09-20T16:31:34.073018-03:00"
"2026-03-25 07:00:00","21.0","22.9","79","0.0","0.0","0","2","4.0","archive","-23.558","-46.635","2026-09-20T16:31:34.073018-03:00"
"2026-03-25 08:00:00","22.8","24.2","66","0.0","0.0","0","7","4.6","archive","-23.558","-46.635","2026-09-20T16:31:34.073018-03:00"
"2026-03-25 09:00:00","25.1","26.5","57","0.0","0.0","0","0","4.9","archive","-23.558","-46.635","2026-09-20T16:31:34.073018-03:00"
"2026-03-25 10:00:00","27.0","28.8","51","0.1","0.1","51","43","7.6","archive","-23.558","-46.635","2026-09-20T16:31:34.073018-03:00"
"2026-03-25 11:00:00","28.2","30.4","49","0.2","0.2","51","42","8.9","archive","-23.558","-46.635","2026-09-20T16:31:34.073018-03:00"
"2026-03-25 12:00:00","28.9","31.0","46","0.0","0.0","2","60","7.7","archive","-23.558","-46.635","2026-09-20T16:31:34.073018-03:00"
"2026-03-25 13:00:00","26.4","27.7","54","0.8","0.8","53","41","11.5","archive","-23.558","-46.635","2026-09-20T16:31:34.073018-03:00"
"2026-03-25 14:00:00","28.2","29.0","45","0.2","0.2","51","21","9.0","archive","-23.558","-46.635","2026-09-20T16:31:34.073018-03:00"
"2026-03-25 15:00:00","28.4","29.8","41","0.1","0.1","51","59","3.7","archive","-23.558","-46.635","2026-09-20T16:31:34.073018-03:00"
"2026-03-25 16:00:00","26.7","27.8","51","0.8","0.8","53","70","6.0","archive","-23.558","-46.635","2026-09-20T16:31:34.073018-03:00"
"2026-03-25 17:00:00","25.7","27.2","59","0.4","0.4","51","13","7.0","archive","-23.558","-46.635","2026-09-20T16:31:34.073018-03:00"
"2026-03-25 18:00:00","25.0","26.7","65","0.0","0.0","1","46","8.1","archive","-23.558","-46.635","2026-09-20T16:31:34.073018-03:00"
"2026-03-25 19:00:00","24.7","26.9","68","0.0","0.0","0","18","6.5","archive","-23.558","-46.635","2026-09-20T16:31:34.073018-03:00"
"2026-03-25 20:00:00","24.3","26.8","71","0.0","0.0","1","20","5.1","archive","-23.558","-46.635","2026-09-20T16:31:34.073018-03:00"
"2026-03-25 21:00:00","21.8","24.0","84","0.0","0.0","2","75","7.3","archive","-23.558","-46.635","2026-09-20T16:31:34.073018-03:00"
"2026-03-25 22:00:00","22.5","25.2","79","0.3","0.3","51","20","3.5","archive","-23.558","-46.635","2026-09-20T16:31:34.073018-03:00"
"2026-03-25 23:00:00","22.5","25.2","79","0.1","0.1","51","18","3.3","archive","-23.558","-46.635","2026-09-20T16:31:34.073018-03:00"
"2026-03-26 00:00:00","22.4","25.2","80","0.0","0.0","0","8","2.8","archive","-23.558","-46.635","2026-09-20T16:31:34.073018-03:00"
"2026-03-26 01:00:00","22.1","25.1","83","0.0","0.0","0","2","2.9","archive","-23.558","-46.635","2026-09-20T16:31:34.073018-03:00"
"2026-03-26 02:00:00","21.9","24.8","84","0.0","0.0","0","0","3.3","archive","-23.558","-46.635","2026-09-20T16:31:34.073018-03:00"
"2026-03-26 03:00:00","21.5","24.9","89","0.0","0.0","0","1","1.0","archive","-23.558","-46.635","2026-09-20T16:31:34.073018-03:00"
"2026-03-26 04:00:00","21.4","24.4","87","0.0","0.0","0","16","3.3","archive","-23.558","-46.635","2026-09-20T16:31:34.073018-03:00"
"2026-03-26 05:00:00","21.1","24.0","89","0.0","0.0","0","18","3.2","archive","-23.558","-46.635","2026-09-20T16:31:34.073018-03:00"
"2026-03-26 06:00:00","20.8","23.9","91","0.0","0.0","0","19","2.6","archive","-23.558","-46.635","2026-09-20T16:31:34.073018-03:00"
"2026-03-26 07:00:00","21.0","24.2","90","0.0","0.0","0","16","1.5","archive","-23.558","-46.635","2026-09-20T16:31:34.073018-03:00"
"2026-03-26 08:00:00","22.6","25.9","82","0.0","0.0","0","5","1.1","archive","-23.558","-46.635","2026-09-20T16:31:34.073018-03:00"
"2026-03-26 09:00:00","24.9","27.5","66","0.0","0.0","0","2","2.4","archive","-23.558","-46.635","2026-09-20T16:31:34.073018-03:00"
"2026-03-26 10:00:00","26.9","29.8","57","0.0","0.0","0","4","3.8","archive","-23.558","-46.635","2026-09-20T16:31:34.073018-03:00"
"2026-03-26 11:00:00","28.3","31.8","51","0.0","0.0","1","25","4.7","archive","-23.558","-46.635","2026-09-20T16:31:34.073018-03:00"
"2026-03-26 12:00:00","29.0","32.4","47","0.1","0.1","51","46","4.7","archive","-23.558","-46.635","2026-09-20T16:31:34.073018-03:00"
"2026-03-26 13:00:00","29.6","32.8","45","0.3","0.3","51","76","4.4","archive","-23.558","-46.635","2026-09-20T16:31:34.073018-03:00"
"2026-03-26 14:00:00","29.5","32.1","44","0.8","0.8","53","84","2.2","archive","-23.558","-46.635","2026-09-20T16:31:34.073018-03:00"
"2026-03-26 15:00:00","23.8","25.7","77","1.0","1.0","55","98","11.1","archive","-23.558","-46.635","2026-09-20T16:31:34.073018-03:00"
"2026-03-26 16:00:00","25.8","28.6","65","0.3","0.3","51","52","2.4","archive","-23.558","-46.635","2026-09-20T16:31:34.073018-03:00"
"2026-03-26 17:00:00","26.2","28.4","63","0.2","0.2","51","63","7.0","archive","-23.558","-46.635","2026-09-20T16:31:34.073018-03:00"
"2026-03-26 18:00:00","25.6","27.7","66","0.1","0.1","51","33","7.3","archive","-23.558","-46.635","2026-09-20T16:31:34.073018-03:00"
"2026-03-26 19:00:00","24.7","27.2","74","0.0","0.0","0","11","7.7","archive","-23.558","-46.635","2026-09-20T16:31:34.073018-03:00"
"2026-03-26 20:00:00","23.8","26.7","80","0.0","0.0","0","7","6.4","archive","-23.558","-46.635","2026-09-20T16:31:34.073018-03:00"
"2026-03-26 21:00:00","22.9","25.9","82","0.0","0.0","0","11","4.8","archive","-23.558","-46.635","2026-09-20T16:31:34.073018-03:00"
"2026-03-26 22:00:00","22.6","25.8","83","0.0","0.0","0","2","3.6","archive","-23.558","-46.635","2026-09-20T16:31:34.073018-03:00"
"2026-03-26 23:00:00","22.4","25.5","84","0.0","0.0","0","2","3.3","archive","-23.558","-46.635","2026-09-20T16:31:34.073018-03:00"
"2026-03-27 00:00:00","22.1","25.1","86","0.0","0.0","0","3","3.8","archive","-23.558","-46.635","2026-09-20T16:31:34.073018-03:00"
"2026-03-27 01:00:00","21.8","24.5","86","0.0","0.0","0","1","5.2","archive","-23.558","-46.635","2026-09-20T16:31:34.073018-03:00"
"2026-03-27 02:00:00","21.4","24.0","86","0.0","0.0","0","1","5.2","archive","-23.558","-46.635","2026-09-20T16:31:34.073018-03:00"
"2026-03-27 03:00:00","21.0","23.7","89","0.0","0.0","0","0","4.3","archive","-23.558","-46.635","2026-09-20T16:31:34.073018-03:00"
"2026-03-27 04:00:00","20.7","23.3","90","0.0","0.0","0","0","5.6","archive","-23.558","-46.635","2026-09-20T16:31:34.073018-03:00"
"2026-03-27 05:00:00","20.3","22.8","91","0.0","0.0","0","0","5.3","archive","-23.558","-46.635","2026-09-20T16:31:34.073018-03:00"
"2026-03-27 06:00:00","20.0","22.5","91","0.0","0.0","0","0","4.7","archive","-23.558","-46.635","2026-09-20T16:31:34.073018-03:00"
"2026-03-27 07:00:00","20.1","22.4","89","0.0","0.0","0","0","4.6","archive","-23.558","-46.635","2026-09-20T16:31:34.073018-03:00"
"2026-03-27 08:00:00","21.4","23.8","83","0.0","0.0","0","0","4.4","archive","-23.558","-46.635","2026-09-20T16:31:34.073018-03:00"
"2026-03-27 09:00:00","23.1","25.8","77","0.0","0.0","0","2","3.9","archive","-23.558","-46.635","2026-09-20T16:31:34.073018-03:00"
"2026-03-27 10:00:00","25.6","28.5","63","0.0","0.0","0","0","5.0","archive","-23.558","-46.635","2026-09-20T16:31:34.073018-03:00"
"2026-03-27 11:00:00","27.5","30.1","46","0.0","0.0","0","0","5.8","archive","-23.558","-46.635","2026-09-20T16:31:34.073018-03:00"
"2026-03-27 12:00:00","28.8","31.1","38","0.0","0.0","0","3","6.0","archive","-23.558","-46.635","2026-09-20T16:31:34.073018-03:00"
"2026-03-27 13:00:00","29.4","32.0","37","0.0","0.0","0","9","4.9","archive","-23.558","-46.635","2026-09-20T16:31:34.073018-03:00"
"2026-03-27 14:00:00","30.1","32.5","38","0.0","0.0","0","12","4.5","archive","-23.558","-46.635","2026-09-20T16:31:34.073018-03:00"
"2026-03-27 15:00:00","29.8","30.7","40","0.0","0.0","1","32","9.2","archive","-23.558","-46.635","2026-09-20T16:31:34.073018-03:00"
"2026-03-27 16:00:00","27.5","28.0","53","0.0","0.0","1","39","14.2","archive","-23.558","-46.635","2026-09-20T16:31:34.073018-03:00"
"2026-03-27 17:00:00","25.8","26.9","63","0.0","0.0","0","17","12.5","archive","-23.558","-46.635","2026-09-20T16:31:34.073018-03:00"
"2026-03-27 18:00:00","24.3","25.6","68","0.0","0.0","1","20","11.1","archive","-23.558","-46.635","2026-09-20T16:31:34.073018-03:00"
"2026-03-27 19:00:00","23.0","24.8","76","0.0","0.0","0","15","8.7","archive","-23.558","-46.635","2026-09-20T16:31:34.073018-03:00"
"2026-03-27 20:00:00","22.2","24.6","82","0.0","0.0","0","8","6.9","archive","-23.558","-46.635","2026-09-20T16:31:34.073018-03:00"
"2026-03-27 21:00:00","21.6","24.3","88","0.0","0.0","0","17","5.8","archive","-23.558","-46.635","2026-09-20T16:31:34.073018-03:00"
"2026-03-27 22:00:00","21.4","23.7","86","0.0","0.0","0","9","6.7","archive","-23.558","-46.635","2026-09-20T16:31:34.073018-03:00"
"2026-03-27 23:00:00","21.0","22.9","83","0.0","0.0","0","5","7.0","archive","-23.558","-46.635","2026-09-20T16:31:34.073018-03:00"
"2026-03-28 00:00:00","20.7","22.6","83","0.0","0.0","0","5","6.0","archive","-23.558","-46.635","2026-09-20T16:31:34.073018-03:00"
"2026-03-28 01:00:00","20.5","22.2","81","0.0","0.0","0","0","5.7","archive","-23.558","-46.635","2026-09-20T16:31:34.073018-03:00"
"2026-03-28 02:00:00","20.3","21.8","80","0.0","0.0","0","0","6.1","archive","-23.558","-46.635","2026-09-20T16:31:34.073018-03:00"
"2026-03-28 03:00:00","20.0","21.3","81","0.0","0.0","0","0","6.3","archive","-23.558","-46.635","2026-09-20T16:31:34.073018-03:00"
"2026-03-28 04:00:00","19.6","20.9","82","0.0","0.0","0","0","6.9","archive","-23.558","-46.635","2026-09-20T16:31:34.073018-03:00"
"2026-03-28 05:00:00","19.2","20.4","84","0.0","0.0","0","0","7.0","archive","-23.558","-46.635","2026-09-20T16:31:34.073018-03:00"
"2026-03-28 06:00:00","18.8","20.0","87","0.0","0.0","0","0","6.7","archive","-23.558","-46.635","2026-09-20T16:31:34.073018-03:00"
"2026-03-28 07:00:00","19.0","20.3","86","0.0","0.0","0","0","6.5","archive","-23.558","-46.635","2026-09-20T16:31:34.073018-03:00"
"2026-03-28 08:00:00","20.5","22.0","79","0.0","0.0","0","0","5.6","archive","-23.558","-46.635","2026-09-20T16:31:34.073018-03:00"
"2026-03-28 09:00:00","22.8","24.3","71","0.0","0.0","0","0","6.7","archive","-23.558","-46.635","2026-09-20T16:31:34.073018-03:00"
"2026-03-28 10:00:00","24.9","26.9","60","0.0","0.0","0","1","7.1","archive","-23.558","-46.635","2026-09-20T16:31:34.073018-03:00"
"2026-03-28 11:00:00","26.8","29.1","48","0.0","0.0","0","1","7.0","archive","-23.558","-46.635","2026-09-20T16:31:34.073018-03:00"
"2026-03-28 12:00:00","28.3","30.8","41","0.0","0.0","0","0","5.8","archive","-23.558","-46.635","2026-09-20T16:31:34.073018-03:00"
"2026-03-28 13:00:00","29.4","32.2","37","0.0","0.0","0","0","4.7","archive","-23.558","-46.635","2026-09-20T16:31:34.073018-03:00"
"2026-03-28 14:00:00","30.1","32.5","36","0.0","0.0","0","0","3.6","archive","-23.558","-46.635","2026-09-20T16:31:34.073018-03:00"
"2026-03-28 15:00:00","30.3","31.3","35","0.0","0.0","1","45","7.8","archive","-23.558","-46.635","2026-09-20T16:31:34.073018-03:00"
"2026-03-28 16:00:00","26.5","27.3","61","0.3","0.3","51","38","15.4","archive","-23.558","-46.635","2026-09-20T16:31:34.073018-03:00"
"2026-03-28 17:00:00","25.0","26.4","67","0.0","0.0","1","28","11.4","archive","-23.558","-46.635","2026-09-20T16:31:34.073018-03:00"
"2026-03-28 18:00:00","23.6","25.3","75","0.0","0.0","1","36","10.8","archive","-23.558","-46.635","2026-09-20T16:31:34.073018-03:00"
"2026-03-28 19:00:00","22.7","24.4","80","0.0","0.0","3","84","10.9","archive","-23.558","-46.635","2026-09-20T16:31:34.073018-03:00"
"2026-03-28 20:00:00","21.9","23.8","82","0.0","0.0","1","24","8.9","archive","-23.558","-46.635","2026-09-20T16:31:34.073018-03:00"
"2026-03-28 21:00:00","21.5","23.4","83","0.0","0.0","1","40","8.5","archive","-23.558","-46.635","2026-09-20T16:31:34.073018-03:00"
"2026-03-28 22:00:00","21.2","23.1","85","0.0","0.0","1","29","8.3","archive","-23.558","-46.635","2026-09-20T16:31:34.073018-03:00"
"2026-03-28 23:00:00","20.9","22.9","86","0.0","0.0","1","34","7.2","archive","-23.558","-46.635","2026-09-20T16:31:34.073018-03:00"
"2026-03-29 00:00:00","20.6","22.5","85","0.0","0.0","0","18","6.4","archive","-23.558","-46.635","2026-09-20T16:31:34.073018-03:00"
"2026-03-29 01:00:00","20.2","22.1","86","0.0","0.0","0","5","5.8","archive","-23.558","-46.635","2026-09-20T16:31:34.073018-03:00"
"2026-03-29 02:00:00","19.7","21.7","89","0.0","0.0","0","5","5.4","archive","-23.558","-46.635","2026-09-20T16:31:34.073018-03:00"
"2026-03-29 03:00:00","19.5","21.6","91","0.0","0.0","0","12","5.3","archive","-23.558","-46.635","2026-09-20T16:31:34.073018-03:00"
"2026-03-29 04:00:00","19.5","21.4","90","0.0","0.0","0","3","6.5","archive","-23.558","-46.635","2026-09-20T16:31:34.073018-03:00"
"2026-03-29 05:00:00","19.3","21.2","91","0.0","0.0","1","29","6.3","archive","-23.558","-46.635","2026-09-20T16:31:34.073018-03:00"
"2026-03-29 06:00:00","18.9","20.8","93","0.0","0.0","3","95","6.5","archive","-23.558","-46.635","2026-09-20T16:31:34.073018-03:00"
"2026-03-29 07:00:00","18.9","20.6","93","0.0","0.0","3","100","6.7","archive","-23.558","-46.635","2026-09-20T16:31:34.073018-03:00"
"2026-03-29 08:00:00","20.2","21.8","83","0.0","0.0","0","13","6.4","archive","-23.558","-46.635","2026-09-20T16:31:34.073018-03:00"
"2026-03-29 09:00:00","22.7","24.8","74","0.0","0.0","0","9","4.8","archive","-23.558","-46.635","2026-09-20T16:31:34.073018-03:00"
"2026-03-29 10:00:00","25.2","27.5","59","0.0","0.0","0","0","5.3","archive","-23.558","-46.635","2026-09-20T16:31:34.073018-03:00"
"2026-03-29 11:00:00","27.5","29.8","44","0.0","0.0","0","4","5.5","archive","-23.558","-46.635","2026-09-20T16:31:34.073018-03:00"
"2026-03-29 12:00:00","29.2","31.1","32","0.0","0.0","1","37","5.2","archive","-23.558","-46.635","2026-09-20T16:31:34.073018-03:00"
"2026-03-29 13:00:00","30.3","31.8","27","0.0","0.0","3","98","5.3","archive","-23.558","-46.635","2026-09-20T16:31:34.073018-03:00"
"2026-03-29 14:00:00","31.2","31.9","24","0.0","0.0","3","96","5.4","archive","-23.558","-46.635","2026-09-20T16:31:34.073018-03:00"
"2026-03-29 15:00:00","29.8","30.0","37","0.0","0.0","3","93","11.2","archive","-23.558","-46.635","2026-09-20T16:31:34.073018-03:00"
"2026-03-29 16:00:00","26.9","28.2","62","0.0","0.0","1","28","13.4","archive","-23.558","-46.635","2026-09-20T16:31:34.073018-03:00"
"2026-03-29 17:00:00","26.2","27.8","62","0.0","0.0","0","7","9.3","archive","-23.558","-46.635","2026-09-20T16:31:34.073018-03:00"
"2026-03-29 18:00:00","25.0","26.8","67","0.0","0.0","0","2","8.9","archive","-23.558","-46.635","2026-09-20T16:31:34.073018-03:00"
"2026-03-29 19:00:00","23.4","24.9","72","0.0","0.0","0","1","9.3","archive","-23.558","-46.635","2026-09-20T16:31:34.073018-03:00"
"2026-03-29 20:00:00","22.2","23.8","74","0.0","0.0","0","9","7.5","archive","-23.558","-46.635","2026-09-20T16:31:34.073018-03:00"
"2026-03-29 21:00:00","21.6","23.2","76","0.0","0.0","0","9","5.9","archive","-23.558","-46.635","2026-09-20T16:31:34.073018-03:00"
"2026-03-29 22:00:00","21.2","23.2","79","0.0","0.0","0","8","4.1","archive","-23.558","-46.635","2026-09-20T16:31:34.073018-03:00"
"2026-03-29 23:00:00","20.9","23.1","81","0.0","0.0","0","4","3.8","archive","-23.558","-46.635","2026-09-20T16:31:34.073018-03:00"
"2026-03-30 00:00:00","20.7","22.8","82","0.0","0.0","0","3","4.0","archive","-23.558","-46.635","2026-09-20T16:31:34.073018-03:00"
"2026-03-30 01:00:00","20.3","22.3","82","0.0","0.0","0","1","4.1","archive","-23.558","-46.635","2026-09-20T16:31:34.073018-03:00"
"2026-03-30 02:00:00","20.0","21.9","83","0.0","0.0","0","0","3.6","archive","-23.558","-46.635","2026-09-20T16:31:34.073018-03:00"
"2026-03-30 03:00:00","19.3","21.6","88","0.0","0.0","0","0","1.6","archive","-23.558","-46.635","2026-09-20T16:31:34.073018-03:00"
"2026-03-30 04:00:00","19.4","21.4","85","0.0","0.0","0","13","2.7","archive","-23.558","-46.635","2026-09-20T16:31:34.073018-03:00"
"2026-03-30 05:00:00","19.1","20.9","85","0.0","0.0","0","1","3.1","archive","-23.558","-46.635","2026-09-20T16:31:34.073018-03:00"
"2026-03-30 06:00:00","18.6","20.0","83","0.0","0.0","0","2","3.6","archive","-23.558","-46.635","2026-09-20T16:31:34.073018-03:00"
"2026-03-30 07:00:00","18.5","19.7","81","0.0","0.0","2","71","4.0","archive","-23.558","-46.635","2026-09-20T16:31:34.073018-03:00"
"2026-03-30 08:00:00","19.8","21.2","76","0.0","0.0","2","62","2.9","archive","-23.558","-46.635","2026-09-20T16:31:34.073018-03:00"
"2026-03-30 09:00:00","21.6","23.9","77","0.0","0.0","0","12","2.3","archive","-23.558","-46.635","2026-09-20T16:31:34.073018-03:00"
"2026-03-30 10:00:00","23.8","27.1","70","0.0","0.0","0","18","2.8","archive","-23.558","-46.635","2026-09-20T16:31:34.073018-03:00"
"2026-03-30 11:00:00","25.9","29.5","60","0.0","0.0","1","23","4.7","archive","-23.558","-46.635","2026-09-20T16:31:34.073018-03:00"
"2026-03-30 12:00:00","27.6","31.3","48","0.0","0.0","1","38","3.4","archive","-23.558","-46.635","2026-09-20T16:31:34.073018-03:00"
"2026-03-30 13:00:00","28.8","31.8","42","0.0","0.0","3","87","5.1","archive","-23.558","-46.635","2026-09-20T16:31:34.073018-03:00"
"2026-03-30 14:00:00","27.6","29.2","47","0.4","0.4","51","99","10.5","archive","-23.558","-46.635","2026-09-20T16:31:34.073018-03:00"
"2026-03-30 15:00:00","25.3","26.7","64","0.1","0.1","51","100","10.4","archive","-23.558","-46.635","2026-09-20T16:31:34.073018-03:00"
"2026-03-30 16:00:00","24.3","25.3","68","0.0","0.0","3","100","12.4","archive","-23.558","-46.635","2026-09-20T16:31:34.073018-03:00"
"2026-03-30 17:00:00","22.6","23.3","69","0.0","0.0","3","99","10.3","archive","-23.558","-46.635","2026-09-20T16:31:34.073018-03:00"
"2026-03-30 18:00:00","21.7","22.5","72","0.0","0.0","3","98","8.9","archive","-23.558","-46.635","2026-09-20T16:31:34.073018-03:00"
"2026-03-30 19:00:00","20.9","22.0","75","0.0","0.0","3","100","7.3","archive","-23.558","-46.635","2026-09-20T16:31:34.073018-03:00"
"2026-03-30 20:00:00","20.8","22.2","76","0.0","0.0","3","100","5.6","archive","-23.558","-46.635","2026-09-20T16:31:34.073018-03:00"
"2026-03-30 21:00:00","20.8","22.5","78","0.0","0.0","3","81","5.3","archive","-23.558","-46.635","2026-09-20T16:31:34.073018-03:00"
"2026-03-30 22:00:00","20.9","22.6","78","0.0","0.0","3","100","4.9","archive","-23.558","-46.635","2026-09-20T16:31:34.073018-03:00"
"2026-03-30 23:00:00","20.8","22.0","72","0.0","0.0","3","99","4.3","archive","-23.558","-46.635","2026-09-20T16:31:34.073018-03:00"
"2026-03-31 00:00:00","20.4","21.4","73","0.0","0.0","3","100","5.8","archive","-23.558","-46.635","2026-09-20T16:31:34.073018-03:00"
"2026-03-31 01:00:00","19.2","20.1","79","4.0","4.0","63","99","5.9","archive","-23.558","-46.635","2026-09-20T16:31:34.073018-03:00"
"2026-03-31 02:00:00","18.4","19.0","82","0.9","0.9","53","100","7.8","archive","-23.558","-46.635","2026-09-20T16:31:34.073018-03:00"
"2026-03-31 03:00:00","20.1","21.3","72","0.0","0.0","3","100","2.4","archive","-23.558","-46.635","2026-09-20T16:31:34.073018-03:00"
"2026-03-31 04:00:00","19.6","21.1","81","0.0","0.0","3","100","4.7","archive","-23.558","-46.635","2026-09-20T16:31:34.073018-03:00"
"2026-03-31 05:00:00","19.3","21.3","89","0.2","0.2","51","100","4.6","archive","-23.558","-46.635","2026-09-20T16:31:34.073018-03:00"
"2026-03-31 06:00:00","19.1","21.4","93","1.9","1.9","61","100","3.5","archive","-23.558","-46.635","2026-09-20T16:31:34.073018-03:00"
"2026-03-31 07:00:00","19.3","20.6","84","1.1","1.1","55","100","6.7","archive","-23.558","-46.635","2026-09-20T16:31:34.073018-03:00"
"2026-03-31 08:00:00","19.4","20.5","79","0.2","0.2","51","100","5.2","archive","-23.558","-46.635","2026-09-20T16:31:34.073018-03:00"
"2026-03-31 09:00:00","20.5","22.3","84","0.3","0.3","51","97","6.2","archive","-23.558","-46.635","2026-09-20T16:31:34.073018-03:00"
"2026-03-31 10:00:00","21.0","22.9","81","0.3","0.3","51","80","5.8","archive","-23.558","-46.635","2026-09-20T16:31:34.073018-03:00"
"2026-03-31 11:00:00","22.6","24.6","70","0.0","0.0","2","73","3.4","archive","-23.558","-46.635","2026-09-20T16:31:34.073018-03:00"
"2026-03-31 12:00:00","23.8","27.3","65","0.1","0.1","51","51","0.9","archive","-23.558","-46.635","2026-09-20T16:31:34.073018-03:00"
"2026-03-31 13:00:00","24.2","27.5","64","0.1","0.1","51","100","1.9","archive","-23.558","-46.635","2026-09-20T16:31:34.073018-03:00"
"2026-03-31 14:00:00","24.2","26.2","64","0.0","0.0","3","100","3.6","archive","-23.558","-46.635","2026-09-20T16:31:34.073018-03:00"
"2026-03-31 15:00:00","21.8","22.7","73","0.1","0.1","51","98","9.7","archive","-23.558","-46.635","2026-09-20T16:31:34.073018-03:00"
"2026-03-31 16:00:00","21.0","23.0","81","1.1","1.1","55","90","4.7","archive","-23.558","-46.635","2026-09-20T16:31:34.073018-03:00"
"2026-03-31 17:00:00","20.8","22.0","81","0.1","0.1","51","62","9.8","archive","-23.558","-46.635","2026-09-20T16:31:34.073018-03:00"
"2026-03-31 18:00:00","20.1","21.3","84","0.0","0.0","2","50","8.8","archive","-23.558","-46.635","2026-09-20T16:31:34.073018-03:00"
"2026-03-31 19:00:00","19.6","21.1","86","0.0","0.0","2","62","6.9","archive","-23.558","-46.635","2026-09-20T16:31:34.073018-03:00"
"2026-03-31 20:00:00","19.5","21.2","87","0.0","0.0","2","52","5.8","archive","-23.558","-46.635","2026-09-20T16:31:34.073018-03:00"
"2026-03-31 21:00:00","18.3","20.5","95","0.1","0.1","51","100","3.5","archive","-23.558","-46.635","2026-09-20T16:31:34.073018-03:00"
"2026-03-31 22:00:00","18.2","20.2","95","6.2","6.2","63","100","4.5","archive","-23.558","-46.635","2026-09-20T16:31:34.073018-03:00"
"2026-03-31 23:00:00","18.3","20.6","95","0.4","0.4","51","21","2.0","archive","-23.558","-46.635","2026-09-20T16:31:34.073018-03:00"
"2026-04-01 00:00:00","18.1","20.1","96","0.3","0.3","51","10","4.6","archive","-23.558","-46.635","2026-09-20T16:31:34.073018-03:00"
"2026-04-01 01:00:00","17.4","19.4","97","0.0","0.0","0","7","3.2","archive","-23.558","-46.635","2026-09-20T16:31:34.073018-03:00"
"2026-04-01 02:00:00","17.3","19.6","96","0.0","0.0","0","5","0.0","archive","-23.558","-46.635","2026-09-20T16:31:34.073018-03:00"
"2026-04-01 03:00:00","17.9","20.1","98","0.0","0.0","1","23","3.4","archive","-23.558","-46.635","2026-09-20T16:31:34.073018-03:00"
"2026-04-01 04:00:00","17.8","20.3","99","0.0","0.0","1","41","1.9","archive","-23.558","-46.635","2026-09-20T16:31:34.073018-03:00"
"2026-04-01 05:00:00","17.5","20.0","99","0.0","0.0","3","100","0.8","archive","-23.558","-46.635","2026-09-20T16:31:34.073018-03:00"
"2026-04-01 06:00:00","17.5","19.8","99","0.0","0.0","3","100","2.1","archive","-23.558","-46.635","2026-09-20T16:31:34.073018-03:00"
"2026-04-01 07:00:00","17.7","19.8","99","0.0","0.0","3","100","3.9","archive","-23.558","-46.635","2026-09-20T16:31:34.073018-03:00"
"2026-04-01 08:00:00","18.6","20.6","92","0.0","0.0","1","48","4.3","archive","-23.558","-46.635","2026-09-20T16:31:34.073018-03:00"
"2026-04-01 09:00:00","20.4","22.3","84","0.0","0.0","1","28","4.8","archive","-23.558","-46.635","2026-09-20T16:31:34.073018-03:00"
"2026-04-01 10:00:00","22.6","24.7","71","0.0","0.0","1","40","5.6","archive","-23.558","-46.635","2026-09-20T16:31:34.073018-03:00"
"2026-04-01 11:00:00","23.9","26.7","68","0.1","0.1","51","30","6.2","archive","-23.558","-46.635","2026-09-20T16:31:34.073018-03:00"
"2026-04-01 12:00:00","25.1","28.2","63","0.1","0.1","51","100","6.8","archive","-23.558","-46.635","2026-09-20T16:31:34.073018-03:00"
"2026-04-01 13:00:00","24.8","27.1","63","0.0","0.0","3","99","5.5","archive","-23.558","-46.635","2026-09-20T16:31:34.073018-03:00"
"2026-04-01 14:00:00","25.2","28.5","64","0.1","0.1","51","100","2.2","archive","-23.558","-46.635","2026-09-20T16:31:34.073018-03:00"
"2026-04-01 15:00:00","25.1","26.6","59","2.6","2.6","63","95","5.1","archive","-23.558","-46.635","2026-09-20T16:31:34.073018-03:00"
"2026-04-01 16:00:00","19.9","20.9","88","11.0","11.0","65","74","12.2","archive","-23.558","-46.635","2026-09-20T16:31:34.073018-03:00"
"2026-04-01 17:00:00","20.6","23.0","85","1.7","1.7","61","73","3.5","archive","-23.558","-46.635","2026-09-20T16:31:34.073018-03:00"
"2026-04-01 18:00:00","20.6","22.9","87","0.0","0.0","1","34","5.0","archive","-23.558","-46.635","2026-09-20T16:31:34.073018-03:00"
"2026-04-01 19:00:00","20.2","22.2","89","0.0","0.0","0","18","6.7","archive","-23.558","-46.635","2026-09-20T16:31:34.073018-03:00"
"2026-04-01 20:00:00","19.6","21.7","91","0.0","0.0","1","21","5.7","archive","-23.558","-46.635","2026-09-20T16:31:34.073018-03:00"
"2026-04-01 21:00:00","20.5","23.3","93","0.0","0.0","3","88","4.8","archive","-23.558","-46.635","2026-09-20T16:31:34.073018-03:00"
"2026-04-01 22:00:00","20.6","23.3","92","0.0","0.0","3","100","5.5","archive","-23.558","-46.635","2026-09-20T16:31:34.073018-03:00"
"2026-04-01 23:00:00","20.6","23.0","91","0.0","0.0","3","100","6.7","archive","-23.558","-46.635","2026-09-20T16:31:34.073018-03:00"
"2026-04-02 00:00:00","20.6","23.3","89","0.0","0.0","3","100","3.9","archive","-23.558","-46.635","2026-09-20T16:31:34.073018-03:00"
"2026-04-02 01:00:00","20.6","23.1","88","0.1","0.1","51","89","4.3","archive","-23.558","-46.635","2026-09-20T16:31:34.073018-03:00"
"2026-04-02 02:00:00","20.4","22.7","86","0.0","0.0","3","98","4.3","archive","-23.558","-46.635","2026-09-20T16:31:34.073018-03:00"
"2026-04-02 03:00:00","20.4","22.9","87","0.0","0.0","3","100","3.1","archive","-23.558","-46.635","2026-09-20T16:31:34.073018-03:00"
"2026-04-02 04:00:00","20.0","22.4","89","0.8","0.8","53","100","4.0","archive","-23.558","-46.635","2026-09-20T16:31:34.073018-03:00"
"2026-04-02 05:00:00","19.9","22.1","90","0.1","0.1","51","43","5.0","archive","-23.558","-46.635","2026-09-20T16:31:34.073018-03:00"
"2026-04-02 06:00:00","18.7","20.7","92","0.0","0.0","0","2","4.6","archive","-23.558","-46.635","2026-09-20T16:31:34.073018-03:00"
"2026-04-02 07:00:00","19.7","21.4","89","0.0","0.0","0","0","7.4","archive","-23.558","-46.635","2026-09-20T16:31:34.073018-03:00"
"2026-04-02 08:00:00","20.9","23.2","87","0.0","0.0","0","0","5.7","archive","-23.558","-46.635","2026-09-20T16:31:34.073018-03:00"
"2026-04-02 09:00:00","22.9","25.7","81","0.0","0.0","0","2","4.8","archive","-23.558","-46.635","2026-09-20T16:31:34.073018-03:00"
"2026-04-02 10:00:00","24.6","27.4","74","0.1","0.1","51","27","9.4","archive","-23.558","-46.635","2026-09-20T16:31:34.073018-03:00"
"2026-04-02 11:00:00","25.7","29.0","68","0.2","0.2","51","17","10.9","archive","-23.558","-46.635","2026-09-20T16:31:34.073018-03:00"
"2026-04-02 12:00:00","26.6","29.9","63","0.2","0.2","51","90","11.9","archive","-23.558","-46.635","2026-09-20T16:31:34.073018-03:00"
"2026-04-02 13:00:00","27.3","30.0","58","0.1","0.1","51","99","11.7","archive","-23.558","-46.635","2026-09-20T16:31:34.073018-03:00"
"2026-04-02 14:00:00","25.8","28.0","62","0.0","0.0","3","99","9.4","archive","-23.558","-46.635","2026-09-20T16:31:34.073018-03:00"
"2026-04-02 15:00:00","23.8","26.0","70","0.1","0.1","51","82","4.7","archive","-23.558","-46.635","2026-09-20T16:31:34.073018-03:00"
"2026-04-02 16:00:00","22.6","24.6","77","7.6","7.6","65","62","7.5","archive","-23.558","-46.635","2026-09-20T16:31:34.073018-03:00"
"2026-04-02 17:00:00","22.5","24.4","77","0.1","0.1","51","92","7.3","archive","-23.558","-46.635","2026-09-20T16:31:34.073018-03:00"
"2026-04-02 18:00:00","21.3","23.6","82","0.4","0.4","51","95","4.5","archive","-23.558","-46.635","2026-09-20T16:31:34.073018-03:00"
"2026-04-02 19:00:00","20.6","23.2","86","0.3","0.3","51","98","2.5","archive","-23.558","-46.635","2026-09-20T16:31:34.073018-03:00"
"2026-04-02 20:00:00","21.0","23.6","85","0.0","0.0","3","90","3.1","archive","-23.558","-46.635","2026-09-20T16:31:34.073018-03:00"
"2026-04-02 21:00:00","21.6","24.1","83","0.0","0.0","1","46","3.8","archive","-23.558","-46.635","2026-09-20T16:31:34.073018-03:00"
"2026-04-02 22:00:00","21.1","23.5","85","0.5","0.5","53","63","4.6","archive","-23.558","-46.635","2026-09-20T16:31:34.073018-03:00"
"2026-04-02 23:00:00","20.3","22.9","88","0.6","0.6","53","93","3.2","archive","-23.558","-46.635","2026-09-20T16:31:34.073018-03:00"
"2026-04-03 00:00:00","20.3","22.3","89","0.0","0.0","1","29","6.8","archive","-23.558","-46.635","2026-09-20T16:31:34.073018-03:00"
"2026-04-03 01:00:00","19.8","22.0","90","0.0","0.0","0","17","5.1","archive","-23.558","-46.635","2026-09-20T16:31:34.073018-03:00"
"2026-04-03 02:00:00","18.9","21.1","91","0.0","0.0","0","13","3.1","archive","-23.558","-46.635","2026-09-20T16:31:34.073018-03:00"
"2026-04-03 03:00:00","19.5","22.1","92","0.0","0.0","1","37","2.0","archive","-23.558","-46.635","2026-09-20T16:31:34.073018-03:00"
"2026-04-03 04:00:00","18.8","21.1","92","0.0","0.0","1","26","2.2","archive","-23.558","-46.635","2026-09-20T16:31:34.073018-03:00"
"2026-04-03 05:00:00","18.8","20.5","91","0.0","0.0","0","5","5.6","archive","-23.558","-46.635","2026-09-20T16:31:34.073018-03:00"
"2026-04-03 06:00:00","19.0","20.6","87","0.0","0.0","1","27","5.7","archive","-23.558","-46.635","2026-09-20T16:31:34.073018-03:00"
"2026-04-03 07:00:00","19.7","20.9","85","0.0","0.0","0","1","9.2","archive","-23.558","-46.635","2026-09-20T16:31:34.073018-03:00"
"2026-04-03 08:00:00","20.8","22.5","84","0.0","0.0","0","6","7.9","archive","-23.558","-46.635","2026-09-20T16:31:34.073018-03:00"
"2026-04-03 09:00:00","23.2","25.5","77","0.0","0.0","0","1","7.0","archive","-23.558","-46.635","2026-09-20T16:31:34.073018-03:00"
"2026-04-03 10:00:00","25.0","27.7","70","0.0","0.0","0","13","9.2","archive","-23.558","-46.635","2026-09-20T16:31:34.073018-03:00"
"2026-04-03 11:00:00","26.2","29.4","66","0.0","0.0","0","16","11.1","archive","-23.558","-46.635","2026-09-20T16:31:34.073018-03:00"
"2026-04-03 12:00:00","26.9","30.4","62","0.0","0.0","1","34","11.0","archive","-23.558","-46.635","2026-09-20T16:31:34.073018-03:00"
"2026-04-03 13:00:00","27.7","31.5","59","0.0","0.0","0","19","9.2","archive","-23.558","-46.635","2026-09-20T16:31:34.073018-03:00"
"2026-04-03 14:00:00","28.0","31.3","56","0.0","0.0","2","55","9.3","archive","-23.558","-46.635","2026-09-20T16:31:34.073018-03:00"
"2026-04-03 15:00:00","28.0","29.9","53","0.0","0.0","1","34","7.5","archive","-23.558","-46.635","2026-09-20T16:31:34.073018-03:00"
"2026-04-03 16:00:00","28.0","29.7","50","0.0","0.0","3","99","4.3","archive","-23.558","-46.635","2026-09-20T16:31:34.073018-03:00"
"2026-04-03 17:00:00","26.6","28.1","54","0.0","0.0","3","88","5.0","archive","-23.558","-46.635","2026-09-20T16:31:34.073018-03:00"
"2026-04-03 18:00:00","22.7","24.5","76","0.2","0.2","51","69","8.5","archive","-23.558","-46.635","2026-09-20T16:31:34.073018-03:00"
"2026-04-03 19:00:00","22.2","24.3","78","0.0","0.0","2","59","5.8","archive","-23.558","-46.635","2026-09-20T16:31:34.073018-03:00"
"2026-04-03 20:00:00","21.2","23.1","84","0.0","0.0","1","39","8.3","archive","-23.558","-46.635","2026-09-20T16:31:34.073018-03:00"
"2026-04-03 21:00:00","21.4","23.6","86","0.0","0.0","3","86","7.8","archive","-23.558","-46.635","2026-09-20T16:31:34.073018-03:00"
"2026-04-03 22:00:00","21.7","24.6","85","0.0","0.0","3","92","3.5","archive","-23.558","-46.635","2026-09-20T16:31:34.073018-03:00"
"2026-04-03 23:00:00","21.4","24.1","87","0.0","0.0","3","100","5.2","archive","-23.558","-46.635","2026-09-20T16:31:34.073018-03:00"
"2026-04-04 00:00:00","21.0","23.9","88","0.1","0.1","51","59","3.0","archive","-23.558","-46.635","2026-09-20T16:31:34.073018-03:00"
"2026-04-04 01:00:00","20.5","22.7","89","0.0","0.0","1","49","6.9","archive","-23.558","-46.635","2026-09-20T16:31:34.073018-03:00"
"2026-04-04 02:00:00","20.1","22.3","89","0.0","0.0","1","23","5.1","archive","-23.558","-46.635","2026-09-20T16:31:34.073018-03:00"
"2026-04-04 03:00:00","20.1","22.3","90","0.0","0.0","2","52","5.6","archive","-23.558","-46.635","2026-09-20T16:31:34.073018-03:00"
"2026-04-04 04:00:00","19.9","22.1","91","0.0","0.0","3","90","5.6","archive","-23.558","-46.635","2026-09-20T16:31:34.073018-03:00"
"2026-04-04 05:00:00","19.5","21.8","93","0.0","0.0","3","99","5.4","archive","-23.558","-46.635","2026-09-20T16:31:34.073018-03:00"
"2026-04-04 06:00:00","19.2","21.4","95","0.0","0.0","3","100","5.7","archive","-23.558","-46.635","2026-09-20T16:31:34.073018-03:00"
"2026-04-04 07:00:00","19.2","21.3","95","0.0","0.0","3","84","6.2","archive","-23.558","-46.635","2026-09-20T16:31:34.073018-03:00"
"2026-04-04 08:00:00","20.4","23.1","90","0.0","0.0","1","23","3.7","archive","-23.558","-46.635","2026-09-20T16:31:34.073018-03:00"
"2026-04-04 09:00:00","23.0","26.0","80","0.0","0.0","0","1","3.6","archive","-23.558","-46.635","2026-09-20T16:31:34.073018-03:00"
"2026-04-04 10:00:00","24.9","28.5","74","0.0","0.0","0","0","4.7","archive","-23.558","-46.635","2026-09-20T16:31:34.073018-03:00"
"2026-04-04 11:00:00","26.4","30.9","68","0.0","0.0","0","3","5.6","archive","-23.558","-46.635","2026-09-20T16:31:34.073018-03:00"
"2026-04-04 12:00:00","27.3","32.3","65","0.0","0.0","0","3","5.5","archive","-23.558","-46.635","2026-09-20T16:31:34.073018-03:00"
"2026-04-04 13:00:00","27.9","32.6","62","0.0","0.0","1","23","6.2","archive","-23.558","-46.635","2026-09-20T16:31:34.073018-03:00"
"2026-04-04 14:00:00","27.5","30.4","61","1.2","1.2","55","84","10.3","archive","-23.558","-46.635","2026-09-20T16:31:34.073018-03:00"
"2026-04-04 15:00:00","24.0","27.0","78","0.4","0.4","51","55","5.8","archive","-23.558","-46.635","2026-09-20T16:31:34.073018-03:00"
"2026-04-04 16:00:00","25.2","28.5","73","0.1","0.1","51","66","3.1","archive","-23.558","-46.635","2026-09-20T16:31:34.073018-03:00"
"2026-04-04 17:00:00","25.0","27.5","69","0.1","0.1","51","48","5.5","archive","-23.558","-46.635","2026-09-20T16:31:34.073018-03:00"
"2026-04-04 18:00:00","24.2","26.8","72","0.0","0.0","0","18","4.0","archive","-23.558","-46.635","2026-09-20T16:31:34.073018-03:00"
"2026-04-04 19:00:00","23.9","27.1","75","0.0","0.0","1","38","1.3","archive","-23.558","-46.635","2026-09-20T16:31:34.073018-03:00"
"2026-04-04 20:00:00","23.3","26.5","80","0.0","0.0","1","38","3.7","archive","-23.558","-46.635","2026-09-20T16:31:34.073018-03:00"
"2026-04-04 21:00:00","22.4","25.3","83","0.0","0.0","3","87","4.0","archive","-23.558","-46.635","2026-09-20T16:31:34.073018-03:00"
"2026-04-04 22:00:00","20.1","22.2","92","4.9","4.9","63","73","7.8","archive","-23.558","-46.635","2026-09-20T16:31:34.073018-03:00"
"2026-04-04 23:00:00","20.4","22.3","86","0.1","0.1","51","16","6.8","archive","-23.558","-46.635","2026-09-20T16:31:34.073018-03:00"
"2026-04-05 00:00:00","19.9","22.1","89","0.0","0.0","0","4","4.1","archive","-23.558","-46.635","2026-09-20T16:31:34.073018-03:00"
"2026-04-05 01:00:00","19.8","22.4","89","0.0","0.0","0","0","1.1","archive","-23.558","-46.635","2026-09-20T16:31:34.073018-03:00"
"2026-04-05 02:00:00","19.4","22.0","90","0.0","0.0","0","0","0.6","archive","-23.558","-46.635","2026-09-20T16:31:34.073018-03:00"
"2026-04-05 03:00:00","19.4","22.0","94","0.0","0.0","0","0","3.0","archive","-23.558","-46.635","2026-09-20T16:31:34.073018-03:00"
"2026-04-05 04:00:00","18.8","21.3","94","0.0","0.0","0","0","2.3","archive","-23.558","-46.635","2026-09-20T16:31:34.073018-03:00"
"2026-04-05 05:00:00","18.5","21.0","95","0.0","0.0","0","0","1.8","archive","-23.558","-46.635","2026-09-20T16:31:34.073018-03:00"
"2026-04-05 06:00:00","18.0","20.5","98","0.0","0.0","0","0","1.3","archive","-23.558","-46.635","2026-09-20T16:31:34.073018-03:00"
"2026-04-05 07:00:00","18.6","21.2","99","0.0","0.0","3","99","2.8","archive","-23.558","-46.635","2026-09-20T16:31:34.073018-03:00"
"2026-04-05 08:00:00","19.7","22.9","96","0.0","0.0","2","72","1.3","archive","-23.558","-46.635","2026-09-20T16:31:34.073018-03:00"
"2026-04-05 09:00:00","21.9","25.4","86","0.0","0.0","0","2","0.2","archive","-23.558","-46.635","2026-09-20T16:31:34.073018-03:00"
"2026-04-05 10:00:00","24.7","27.8","70","0.0","0.0","1","20","4.9","archive","-23.558","-46.635","2026-09-20T16:31:34.073018-03:00"
"2026-04-05 11:00:00","26.0","29.2","61","0.0","0.0","0","12","6.2","archive","-23.558","-46.635","2026-09-20T16:31:34.073018-03:00"
"2026-04-05 12:00:00","26.6","30.1","57","0.0","0.0","1","20","5.9","archive","-23.558","-46.635","2026-09-20T16:31:34.073018-03:00"
"2026-04-05 13:00:00","26.7","29.7","56","0.0","0.0","1","23","8.4","archive","-23.558","-46.635","2026-09-20T16:31:34.073018-03:00"
"2026-04-05 14:00:00","25.6","28.0","65","0.1","0.1","51","40","11.3","archive","-23.558","-46.635","2026-09-20T16:31:34.073018-03:00"
"2026-04-05 15:00:00","25.5","27.4","64","0.8","0.8","53","43","10.1","archive","-23.558","-46.635","2026-09-20T16:31:34.073018-03:00"
"2026-04-05 16:00:00","24.9","26.4","69","0.6","0.6","53","59","12.2","archive","-23.558","-46.635","2026-09-20T16:31:34.073018-03:00"
"2026-04-05 17:00:00","23.5","25.0","76","0.0","0.0","1","33","12.6","archive","-23.558","-46.635","2026-09-20T16:31:34.073018-03:00"
"2026-04-05 18:00:00","22.3","24.1","81","0.0","0.0","1","36","10.3","archive","-23.558","-46.635","2026-09-20T16:31:34.073018-03:00"
"2026-04-05 19:00:00","21.3","23.4","86","0.0","0.0","1","25","8.7","archive","-23.558","-46.635","2026-09-20T16:31:34.073018-03:00"
"2026-04-05 20:00:00","20.7","23.2","90","0.0","0.0","1","27","5.8","archive","-23.558","-46.635","2026-09-20T16:31:34.073018-03:00"
"2026-04-05 21:00:00","20.7","23.3","91","0.0","0.0","1","34","5.4","archive","-23.558","-46.635","2026-09-20T16:31:34.073018-03:00"
"2026-04-05 22:00:00","20.5","23.2","92","0.0","0.0","1","35","5.1","archive","-23.558","-46.635","2026-09-20T16:31:34.073018-03:00"
"2026-04-05 23:00:00","20.1","22.7","94","0.0","0.0","1","38","4.8","archive","-23.558","-46.635","2026-09-20T16:31:34.073018-03:00"
"2026-04-06 00:00:00","19.8","22.4","95","0.0","0.0","3","100","5.4","archive","-23.558","-46.635","2026-09-20T16:31:34.073018-03:00"
"2026-04-06 01:00:00","19.7","22.3","96","0.0","0.0","3","100","5.4","archive","-23.558","-46.635","2026-09-20T16:31:34.073018-03:00"
"2026-04-06 02:00:00","19.8","22.2","95","0.0","0.0","3","100","6.7","archive","-23.558","-46.635","2026-09-20T16:31:34.073018-03:00"
"2026-04-06 03:00:00","20.2","22.7","94","0.0","0.0","1","30","6.1","archive","-23.558","-46.635","2026-09-20T16:31:34.073018-03:00"
"2026-04-06 04:00:00","19.8","22.3","95","0.0","0.0","1","24","5.6","archive","-23.558","-46.635","2026-09-20T16:31:34.073018-03:00"
"2026-04-06 05:00:00","19.5","21.9","96","0.0","0.0","3","100","5.4","archive","-23.558","-46.635","2026-09-20T16:31:34.073018-03:00"
"2026-04-06 06:00:00","19.1","21.6","98","0.0","0.0","3","100","5.2","archive","-23.558","-46.635","2026-09-20T16:31:34.073018-03:00"
"2026-04-06 07:00:00","19.0","21.3","98","0.0","0.0","3","100","5.6","archive","-23.558","-46.635","2026-09-20T16:31:34.073018-03:00"
"2026-04-06 08:00:00","19.8","21.9","93","0.0","0.0","3","100","7.0","archive","-23.558","-46.635","2026-09-20T16:31:34.073018-03:00"
"2026-04-06 09:00:00","21.4","23.4","85","0.0","0.0","2","73","8.7","archive","-23.558","-46.635","2026-09-20T16:31:34.073018-03:00"
"2026-04-06 10:00:00","23.6","25.2","72","0.0","0.0","1","41","9.0","archive","-23.558","-46.635","2026-09-20T16:31:34.073018-03:00"
"2026-04-06 11:00:00","25.1","28.2","67","0.0","0.0","1","38","7.4","archive","-23.558","-46.635","2026-09-20T16:31:34.073018-03:00"
"2026-04-06 12:00:00","26.5","30.1","59","0.0","0.0","0","16","5.2","archive","-23.558","-46.635","2026-09-20T16:31:34.073018-03:00"
"2026-04-06 13:00:00","27.4","31.1","55","0.1","0.1","51","21","4.7","archive","-23.558","-46.635","2026-09-20T16:31:34.073018-03:00"
"2026-04-06 14:00:00","27.2","29.3","55","0.0","0.0","1","25","8.7","archive","-23.558","-46.635","2026-09-20T16:31:34.073018-03:00"
"2026-04-06 15:00:00","26.8","27.9","56","0.1","0.1","51","51","9.5","archive","-23.558","-46.635","2026-09-20T16:31:34.073018-03:00"
"2026-04-06 16:00:00","25.4","26.7","66","0.1","0.1","51","44","13.0","archive","-23.558","-46.635","2026-09-20T16:31:34.073018-03:00"
"2026-04-06 17:00:00","23.7","25.7","79","0.0","0.0","2","57","11.5","archive","-23.558","-46.635","2026-09-20T16:31:34.073018-03:00"
"2026-04-06 18:00:00","23.1","25.5","81","0.0","0.0","1","29","8.9","archive","-23.558","-46.635","2026-09-20T16:31:34.073018-03:00"
"2026-04-06 19:00:00","22.4","25.0","85","0.0","0.0","1","22","7.5","archive","-23.558","-46.635","2026-09-20T16:31:34.073018-03:00"
"2026-04-06 20:00:00","21.8","24.5","88","0.0","0.0","1","30","7.3","archive","-23.558","-46.635","2026-09-20T16:31:34.073018-03:00"
"2026-04-06 21:00:00","21.4","24.4","93","0.0","0.0","3","93","6.5","archive","-23.558","-46.635","2026-09-20T16:31:34.073018-03:00"
"2026-04-06 22:00:00","21.5","24.6","92","0.0","0.0","3","100","5.5","archive","-23.558","-46.635","2026-09-20T16:31:34.073018-03:00"
"2026-04-06 23:00:00","21.2","24.5","93","0.0","0.0","3","98","4.2","archive","-23.558","-46.635","2026-09-20T16:31:34.073018-03:00"
"2026-04-07 00:00:00","21.0","24.3","93","0.0","0.0","3","100","3.1","archive","-23.558","-46.635","2026-09-20T16:31:34.073018-03:00"
"2026-04-07 01:00:00","21.0","23.9","92","0.0","0.0","3","100","5.2","archive","-23.558","-46.635","2026-09-20T16:31:34.073018-03:00"
"2026-04-07 02:00:00","20.9","23.7","91","0.0","0.0","3","100","5.1","archive","-23.558","-46.635","2026-09-20T16:31:34.073018-03:00"
"2026-04-07 03:00:00","20.4","22.9","93","0.0","0.0","3","100","5.8","archive","-23.558","-46.635","2026-09-20T16:31:34.073018-03:00"
"2026-04-07 04:00:00","20.2","23.0","94","0.1","0.1","51","100","4.2","archive","-23.558","-46.635","2026-09-20T16:31:34.073018-03:00"
"2026-04-07 05:00:00","19.9","22.1","95","0.1","0.1","51","100","8.7","archive","-23.558","-46.635","2026-09-20T16:31:34.073018-03:00"
"2026-04-07 06:00:00","19.8","22.1","93","0.1","0.1","51","100","6.0","archive","-23.558","-46.635","2026-09-20T16:31:34.073018-03:00"
"2026-04-07 07:00:00","20.0","22.3","91","0.0","0.0","3","100","5.8","archive","-23.558","-46.635","2026-09-20T16:31:34.073018-03:00"
"2026-04-07 08:00:00","21.0","23.8","88","0.0","0.0","3","100","3.2","archive","-23.558","-46.635","2026-09-20T16:31:34.073018-03:00"
"2026-04-07 09:00:00","23.3","26.2","79","0.1","0.1","51","100","3.8","archive","-23.558","-46.635","2026-09-20T16:31:34.073018-03:00"
"2026-04-07 10:00:00","25.0","27.8","71","0.1","0.1","51","93","5.7","archive","-23.558","-46.635","2026-09-20T16:31:34.073018-03:00"
"2026-04-07 11:00:00","26.1","29.7","66","0.1","0.1","51","63","6.2","archive","-23.558","-46.635","2026-09-20T16:31:34.073018-03:00"
"2026-04-07 12:00:00","27.3","31.2","60","0.1","0.1","51","100","6.4","archive","-23.558","-46.635","2026-09-20T16:31:34.073018-03:00"
"2026-04-07 13:00:00","27.8","30.6","57","0.1","0.1","51","100","6.6","archive","-23.558","-46.635","2026-09-20T16:31:34.073018-03:00"
"2026-04-07 14:00:00","27.0","28.7","57","0.0","0.0","3","100","7.2","archive","-23.558","-46.635","2026-09-20T16:31:34.073018-03:00"
"2026-04-07 15:00:00","22.7","26.0","83","5.8","5.8","63","98","2.7","archive","-23.558","-46.635","2026-09-20T16:31:34.073018-03:00"
"2026-04-07 16:00:00","24.0","26.4","77","0.1","0.1","51","98","9.5","archive","-23.558","-46.635","2026-09-20T16:31:34.073018-03:00"
"2026-04-07 17:00:00","23.0","25.4","81","0.7","0.7","53","100","7.7","archive","-23.558","-46.635","2026-09-20T16:31:34.073018-03:00"
"2026-04-07 18:00:00","22.3","24.9","85","0.1","0.1","51","98","7.2","archive","-23.558","-46.635","2026-09-20T16:31:34.073018-03:00"
"2026-04-07 19:00:00","22.0","24.5","85","0.0","0.0","3","98","7.7","archive","-23.558","-46.635","2026-09-20T16:31:34.073018-03:00"
"2026-04-07 20:00:00","21.8","24.0","84","0.0","0.0","2","69","7.8","archive","-23.558","-46.635","2026-09-20T16:31:34.073018-03:00"
"2026-04-07 21:00:00","22.3","25.0","83","0.0","0.0","1","29","6.0","archive","-23.558","-46.635","2026-09-20T16:31:34.073018-03:00"
"2026-04-07 22:00:00","22.5","24.9","82","0.0","0.0","0","18","7.1","archive","-23.558","-46.635","2026-09-20T16:31:34.073018-03:00"
"2026-04-07 23:00:00","22.4","24.5","82","0.0","0.0","1","23","8.7","archive","-23.558","-46.635","2026-09-20T16:31:34.073018-03:00"
"2026-04-08 00:00:00","22.4","24.3","82","0.0","0.0","1","38","9.9","archive","-23.558","-46.635","2026-09-20T16:31:34.073018-03:00"
"2026-04-08 01:00:00","22.2","24.1","82","0.0","0.0","1","20","10.2","archive","-23.558","-46.635","2026-09-20T16:31:34.073018-03:00"
"2026-04-08 02:00:00","21.9","23.6","83","0.0","0.0","3","98","10.9","archive","-23.558","-46.635","2026-09-20T16:31:34.073018-03:00"
"2026-04-08 03:00:00","21.8","23.8","85","0.0","0.0","3","97","9.5","archive","-23.558","-46.635","2026-09-20T16:31:34.073018-03:00"
"2026-04-08 04:00:00","21.4","23.2","87","0.0","0.0","3","100","10.9","archive","-23.558","-46.635","2026-09-20T16:31:34.073018-03:00"
"2026-04-08 05:00:00","21.1","22.4","88","0.0","0.0","3","97","14.1","archive","-23.558","-46.635","2026-09-20T16:31:34.073018-03:00"
"2026-04-08 06:00:00","20.6","21.9","89","0.0","0.0","3","100","13.4","archive","-23.558","-46.635","2026-09-20T16:31:34.073018-03:00"
"2026-04-08 07:00:00","20.7","21.9","88","0.0","0.0","3","100","13.6","archive","-23.558","-46.635","2026-09-20T16:31:34.073018-03:00"
"2026-04-08 08:00:00","21.0","22.1","88","0.0","0.0","2","70","14.9","archive","-23.558","-46.635","2026-09-20T16:31:34.073018-03:00"
"2026-04-08 09:00:00","23.1","24.2","78","0.0","0.0","3","100","15.2","archive","-23.558","-46.635","2026-09-20T16:31:34.073018-03:00"
"2026-04-08 10:00:00","23.8","24.5","73","0.0","0.0","3","100","16.5","archive","-23.558","-46.635","2026-09-20T16:31:34.073018-03:00"
"2026-04-08 11:00:00","23.5","24.3","74","0.1","0.1","51","100","16.0","archive","-23.558","-46.635","2026-09-20T16:31:34.073018-03:00"
"2026-04-08 12:00:00","23.5","24.3","71","0.3","0.3","51","100","14.3","archive","-23.558","-46.635","2026-09-20T16:31:34.073018-03:00"
"2026-04-08 13:00:00","23.2","24.6","72","0.5","0.5","53","100","9.3","archive","-23.558","-46.635","2026-09-20T16:31:34.073018-03:00"
"2026-04-08 14:00:00","23.4","24.8","72","0.4","0.4","51","100","10.1","archive","-23.558","-46.635","2026-09-20T16:31:34.073018-03:00"
"2026-04-08 15:00:00","24.2","25.1","65","0.0","0.0","3","99","11.1","archive","-23.558","-46.635","2026-09-20T16:31:34.073018-03:00"
"2026-04-08 16:00:00","24.5","26.2","67","0.0","0.0","2","79","7.7","archive","-23.558","-46.635","2026-09-20T16:31:34.073018-03:00"
"2026-04-08 17:00:00","25.1","26.5","66","0.0","0.0","2","50","11.5","archive","-23.558","-46.635","2026-09-20T16:31:34.073018-03:00"
"2026-04-08 18:00:00","24.2","25.5","70","0.0","0.0","3","100","11.9","archive","-23.558","-46.635","2026-09-20T16:31:34.073018-03:00"
"2026-04-08 19:00:00","23.5","24.9","74","0.0","0.0","1","37","12.4","archive","-23.558","-46.635","2026-09-20T16:31:34.073018-03:00"
"2026-04-08 20:00:00","22.8","24.4","78","0.0","0.0","0","5","11.1","archive","-23.558","-46.635","2026-09-20T16:31:34.073018-03:00"
"2026-04-08 21:00:00","22.0","23.7","83","0.0","0.0","1","29","11.3","archive","-23.558","-46.635","2026-09-20T16:31:34.073018-03:00"
"2026-04-08 22:00:00","21.3","23.0","85","0.4","0.4","51","74","9.9","archive","-23.558","-46.635","2026-09-20T16:31:34.073018-03:00"
"2026-04-08 23:00:00","19.9","22.4","89","3.1","3.1","63","80","2.4","archive","-23.558","-46.635","2026-09-20T16:31:34.073018-03:00"
"2026-04-09 00:00:00","19.0","20.4","92","7.7","7.7","65","90","8.9","archive","-23.558","-46.635","2026-09-20T16:31:34.073018-03:00"
"2026-04-09 01:00:00","18.9","20.0","93","0.2","0.2","51","67","11.0","archive","-23.558","-46.635","2026-09-20T16:31:34.073018-03:00"
"2026-04-09 02:00:00","19.0","20.1","92","0.0","0.0","3","100","10.9","archive","-23.558","-46.635","2026-09-20T16:31:34.073018-03:00"
"2026-04-09 03:00:00","19.4","21.1","94","0.0","0.0","3","100","9.4","archive","-23.558","-46.635","2026-09-20T16:31:34.073018-03:00"
"2026-04-09 04:00:00","19.9","21.7","92","0.1","0.1","51","100","8.9","archive","-23.558","-46.635","2026-09-20T16:31:34.073018-03:00"
"2026-04-09 05:00:00","19.8","21.8","93","0.1","0.1","51","100","7.8","archive","-23.558","-46.635","2026-09-20T16:31:34.073018-03:00"
"2026-04-09 06:00:00","19.8","21.8","92","0.0","0.0","3","100","7.9","archive","-23.558","-46.635","2026-09-20T16:31:34.073018-03:00"
"2026-04-09 07:00:00","19.7","21.4","90","0.0","0.0","3","100","8.6","archive","-23.558","-46.635","2026-09-20T16:31:34.073018-03:00"
"2026-04-09 08:00:00","20.2","21.6","88","0.0","0.0","3","100","10.3","archive","-23.558","-46.635","2026-09-20T16:31:34.073018-03:00"
"2026-04-09 09:00:00","22.3","24.6","83","0.0","0.0","2","55","7.8","archive","-23.558","-46.635","2026-09-20T16:31:34.073018-03:00"
"2026-04-09 10:00:00","21.6","22.6","83","0.7","0.7","53","93","14.5","archive","-23.558","-46.635","2026-09-20T16:31:34.073018-03:00"
"2026-04-09 11:00:00","22.6","24.5","78","0.3","0.3","51","44","8.0","archive","-23.558","-46.635","2026-09-20T16:31:34.073018-03:00"
"2026-04-09 12:00:00","24.4","27.6","72","0.3","0.3","51","37","8.5","archive","-23.558","-46.635","2026-09-20T16:31:34.073018-03:00"
"2026-04-09 13:00:00","25.5","28.9","68","0.1","0.1","51","52","11.0","archive","-23.558","-46.635","2026-09-20T16:31:34.073018-03:00"
"2026-04-09 14:00:00","24.4","26.1","72","0.2","0.2","51","56","11.3","archive","-23.558","-46.635","2026-09-20T16:31:34.073018-03:00"
"2026-04-09 15:00:00","24.4","25.7","67","0.3","0.3","51","66","10.7","archive","-23.558","-46.635","2026-09-20T16:31:34.073018-03:00"
"2026-04-09 16:00:00","23.2","24.9","75","0.2","0.2","51","45","9.1","archive","-23.558","-46.635","2026-09-20T16:31:34.073018-03:00"
"2026-04-09 17:00:00","21.9","23.4","82","0.5","0.5","53","68","11.4","archive","-23.558","-46.635","2026-09-20T16:31:34.073018-03:00"
"2026-04-09 18:00:00","20.9","22.5","84","0.0","0.0","2","55","8.8","archive","-23.558","-46.635","2026-09-20T16:31:34.073018-03:00"
"2026-04-09 19:00:00","19.9","21.2","86","0.0","0.0","3","99","9.3","archive","-23.558","-46.635","2026-09-20T16:31:34.073018-03:00"
"2026-04-09 20:00:00","19.5","20.8","87","0.0","0.0","3","100","8.8","archive","-23.558","-46.635","2026-09-20T16:31:34.073018-03:00"
"2026-04-09 21:00:00","19.5","20.5","85","0.0","0.0","3","100","10.0","archive","-23.558","-46.635","2026-09-20T16:31:34.073018-03:00"
"2026-04-09 22:00:00","19.3","20.5","85","0.0","0.0","3","100","7.9","archive","-23.558","-46.635","2026-09-20T16:31:34.073018-03:00"
"2026-04-09 23:00:00","19.1","20.4","87","0.0","0.0","3","100","7.4","archive","-23.558","-46.635","2026-09-20T16:31:34.073018-03:00"
"2026-04-10 00:00:00","18.8","20.3","89","0.0","0.0","1","41","6.4","archive","-23.558","-46.635","2026-09-20T16:31:34.073018-03:00"
"2026-04-10 01:00:00","18.6","20.3","90","0.0","0.0","2","73","5.6","archive","-23.558","-46.635","2026-09-20T16:31:34.073018-03:00"
"2026-04-10 02:00:00","18.3","19.7","90","0.0","0.0","3","98","6.4","archive","-23.558","-46.635","2026-09-20T16:31:34.073018-03:00"
"2026-04-10 03:00:00","17.9","19.2","93","0.0","0.0","2","55","6.6","archive","-23.558","-46.635","2026-09-20T16:31:34.073018-03:00"
"2026-04-10 04:00:00","17.8","19.1","92","0.0","0.0","2","56","6.5","archive","-23.558","-46.635","2026-09-20T16:31:34.073018-03:00"
"2026-04-10 05:00:00","17.7","18.9","92","0.0","0.0","3","100","6.6","archive","-23.558","-46.635","2026-09-20T16:31:34.073018-03:00"
"2026-04-10 06:00:00","17.5","18.7","92","0.0","0.0","3","84","6.5","archive","-23.558","-46.635","2026-09-20T16:31:34.073018-03:00"
"2026-04-10 07:00:00","17.5","18.8","92","0.0","0.0","1","39","5.9","archive","-23.558","-46.635","2026-09-20T16:31:34.073018-03:00"
"2026-04-10 08:00:00","18.5","19.4","86","0.0","0.0","2","56","7.9","archive","-23.558","-46.635","2026-09-20T16:31:34.073018-03:00"
"2026-04-10 09:00:00","19.5","20.1","79","0.0","0.0","2","62","8.7","archive","-23.558","-46.635","2026-09-20T16:31:34.073018-03:00"
"2026-04-10 10:00:00","20.3","20.8","73","0.2","0.2","51","95","8.4","archive","-23.558","-46.635","2026-09-20T16:31:34.073018-03:00"
"2026-04-10 11:00:00","20.2","20.8","73","0.6","0.6","53","55","7.7","archive","-23.558","-46.635","2026-09-20T16:31:34.073018-03:00"
"2026-04-10 12:00:00","21.7","22.6","66","0.0","0.0","3","100","7.1","archive","-23.558","-46.635","2026-09-20T16:31:34.073018-03:00"
"2026-04-10 13:00:00","21.2","21.7","68","0.1","0.1","51","100","8.1","archive","-23.558","-46.635","2026-09-20T16:31:34.073018-03:00"
"2026-04-10 14:00:00","21.1","21.5","70","0.1","0.1","51","100","9.6","archive","-23.558","-46.635","2026-09-20T16:31:34.073018-03:00"
"2026-04-10 15:00:00","18.7","19.0","83","0.0","0.0","3","95","11.0","archive","-23.558","-46.635","2026-09-20T16:31:34.073018-03:00"
"2026-04-10 16:00:00","19.0","19.4","80","0.1","0.1","51","100","10.1","archive","-23.558","-46.635","2026-09-20T16:31:34.073018-03:00"
"2026-04-10 17:00:00","18.7","19.0","82","0.4","0.4","51","100","10.6","archive","-23.558","-46.635","2026-09-20T16:31:34.073018-03:00"
"2026-04-10 18:00:00","18.1","18.7","85","0.0","0.0","3","95","8.5","archive","-23.558","-46.635","2026-09-20T16:31:34.073018-03:00"
"2026-04-10 19:00:00","17.7","18.4","88","0.0","0.0","3","100","8.0","archive","-23.558","-46.635","2026-09-20T16:31:34.073018-03:00"
"2026-04-10 20:00:00","17.5","18.0","89","0.0","0.0","3","80","9.7","archive","-23.558","-46.635","2026-09-20T16:31:34.073018-03:00"
"2026-04-10 21:00:00","17.5","18.1","87","0.0","0.0","3","100","7.5","archive","-23.558","-46.635","2026-09-20T16:31:34.073018-03:00"
"2026-04-10 22:00:00","17.3","17.9","87","0.0","0.0","3","99","7.9","archive","-23.558","-46.635","2026-09-20T16:31:34.073018-03:00"
"2026-04-10 23:00:00","17.0","17.4","87","0.0","0.0","3","93","8.1","archive","-23.558","-46.635","2026-09-20T16:31:34.073018-03:00"
"2026-04-11 00:00:00","16.9","17.1","85","0.0","0.0","0","5","8.0","archive","-23.558","-46.635","2026-09-20T16:31:34.073018-03:00"
"2026-04-11 01:00:00","16.5","16.7","85","0.0","0.0","0","1","7.7","archive","-23.558","-46.635","2026-09-20T16:31:34.073018-03:00"
"2026-04-11 02:00:00","16.2","16.4","86","0.0","0.0","0","1","7.5","archive","-23.558","-46.635","2026-09-20T16:31:34.073018-03:00"
"2026-04-11 03:00:00","16.0","16.2","88","0.0","0.0","0","0","7.1","archive","-23.558","-46.635","2026-09-20T16:31:34.073018-03:00"
"2026-04-11 04:00:00","15.9","15.9","89","0.0","0.0","0","0","8.3","archive","-23.558","-46.635","2026-09-20T16:31:34.073018-03:00"
"2026-04-11 05:00:00","15.8","15.8","88","0.0","0.0","0","2","8.8","archive","-23.558","-46.635","2026-09-20T16:31:34.073018-03:00"
"2026-04-11 06:00:00","15.7","15.6","88","0.0","0.0","0","0","8.6","archive","-23.558","-46.635","2026-09-20T16:31:34.073018-03:00"
"2026-04-11 07:00:00","15.9","15.8","87","0.0","0.0","0","0","8.5","archive","-23.558","-46.635","2026-09-20T16:31:34.073018-03:00"
"2026-04-11 08:00:00","17.3","17.6","83","0.0","0.0","0","0","7.6","archive","-23.558","-46.635","2026-09-20T16:31:34.073018-03:00"
"2026-04-11 09:00:00","19.6","19.5","72","0.0","0.0","0","0","10.4","archive","-23.558","-46.635","2026-09-20T16:31:34.073018-03:00"
"2026-04-11 10:00:00","21.2","21.0","62","0.0","0.0","0","0","12.6","archive","-23.558","-46.635","2026-09-20T16:31:34.073018-03:00"
"2026-04-11 11:00:00","22.7","23.3","56","0.0","0.0","0","16","11.7","archive","-23.558","-46.635","2026-09-20T16:31:34.073018-03:00"
"2026-04-11 12:00:00","24.4","25.3","50","0.0","0.0","1","39","11.3","archive","-23.558","-46.635","2026-09-20T16:31:34.073018-03:00"
"2026-04-11 13:00:00","24.4","25.3","50","0.0","0.0","3","90","11.4","archive","-23.558","-46.635","2026-09-20T16:31:34.073018-03:00"
"2026-04-11 14:00:00","23.2","22.8","59","0.0","0.0","2","55","13.1","archive","-23.558","-46.635","2026-09-20T16:31:34.073018-03:00"
"2026-04-11 15:00:00","23.2","22.9","60","0.0","0.0","2","56","12.4","archive","-23.558","-46.635","2026-09-20T16:31:34.073018-03:00"
"2026-04-11 16:00:00","22.1","21.7","64","0.0","0.0","1","44","13.9","archive","-23.558","-46.635","2026-09-20T16:31:34.073018-03:00"
"2026-04-11 17:00:00","20.9","20.6","71","0.0","0.0","1","32","14.6","archive","-23.558","-46.635","2026-09-20T16:31:34.073018-03:00"
"2026-04-11 18:00:00","19.5","19.6","79","0.0","0.0","0","12","12.1","archive","-23.558","-46.635","2026-09-20T16:31:34.073018-03:00"
"2026-04-11 19:00:00","18.3","18.8","86","0.0","0.0","0","14","10.5","archive","-23.558","-46.635","2026-09-20T16:31:34.073018-03:00"
"2026-04-11 20:00:00","17.7","18.4","89","0.0","0.0","0","15","9.0","archive","-23.558","-46.635","2026-09-20T16:31:34.073018-03:00"
"2026-04-11 21:00:00","17.3","18.2","92","0.0","0.0","1","20","7.9","archive","-23.558","-46.635","2026-09-20T16:31:34.073018-03:00"
"2026-04-11 22:00:00","17.2","18.1","93","0.0","0.0","1","48","7.2","archive","-23.558","-46.635","2026-09-20T16:31:34.073018-03:00"
"2026-04-11 23:00:00","17.0","18.0","92","0.0","0.0","1","25","6.7","archive","-23.558","-46.635","2026-09-20T16:31:34.073018-03:00"
"2026-04-12 00:00:00","16.8","17.5","92","0.0","0.0","0","9","7.2","archive","-23.558","-46.635","2026-09-20T16:31:34.073018-03:00"
"2026-04-12 01:00:00","16.4","16.9","90","0.0","0.0","0","8","7.6","archive","-23.558","-46.635","2026-09-20T16:31:34.073018-03:00"
"2026-04-12 02:00:00","16.2","16.5","89","0.0","0.0","2","63","7.4","archive","-23.558","-46.635","2026-09-20T16:31:34.073018-03:00"
"2026-04-12 03:00:00","16.0","16.5","89","0.0","0.0","0","1","6.1","archive","-23.558","-46.635","2026-09-20T16:31:34.073018-03:00"
"2026-04-12 04:00:00","15.7","16.1","91","0.0","0.0","0","1","6.8","archive","-23.558","-46.635","2026-09-20T16:31:34.073018-03:00"
"2026-04-12 05:00:00","15.3","15.3","92","0.0","0.0","0","0","8.9","archive","-23.558","-46.635","2026-09-20T16:31:34.073018-03:00"
"2026-04-12 06:00:00","15.0","14.9","92","0.0","0.0","0","0","9.0","archive","-23.558","-46.635","2026-09-20T16:31:34.073018-03:00"
"2026-04-12 07:00:00","15.1","15.1","92","0.0","0.0","0","0","8.4","archive","-23.558","-46.635","2026-09-20T16:31:34.073018-03:00"
"2026-04-12 08:00:00","16.5","16.9","87","0.0","0.0","2","56","6.9","archive","-23.558","-46.635","2026-09-20T16:31:34.073018-03:00"
"2026-04-12 09:00:00","18.8","19.7","81","0.0","0.0","1","31","6.4","archive","-23.558","-46.635","2026-09-20T16:31:34.073018-03:00"
"2026-04-12 10:00:00","21.0","22.2","70","0.0","0.0","1","40","7.6","archive","-23.558","-46.635","2026-09-20T16:31:34.073018-03:00"
"2026-04-12 11:00:00","23.0","24.8","60","0.0","0.0","3","96","7.9","archive","-23.558","-46.635","2026-09-20T16:31:34.073018-03:00"
"2026-04-12 12:00:00","24.4","26.6","52","0.0","0.0","3","100","7.2","archive","-23.558","-46.635","2026-09-20T16:31:34.073018-03:00"
"2026-04-12 13:00:00","25.4","27.5","48","0.0","0.0","3","93","6.6","archive","-23.558","-46.635","2026-09-20T16:31:34.073018-03:00"
"2026-04-12 14:00:00","26.1","28.0","43","0.0","0.0","2","55","4.1","archive","-23.558","-46.635","2026-09-20T16:31:34.073018-03:00"
"2026-04-12 15:00:00","26.4","26.5","39","0.0","0.0","3","92","6.9","archive","-23.558","-46.635","2026-09-20T16:31:34.073018-03:00"
"2026-04-12 16:00:00","23.8","24.4","66","0.0","0.0","2","68","12.7","archive","-23.558","-46.635","2026-09-20T16:31:34.073018-03:00"
"2026-04-12 17:00:00","21.8","22.8","76","0.0","0.0","3","99","10.8","archive","-23.558","-46.635","2026-09-20T16:31:34.073018-03:00"
"2026-04-12 18:00:00","21.0","22.1","80","0.0","0.0","3","89","10.7","archive","-23.558","-46.635","2026-09-20T16:31:34.073018-03:00"
"2026-04-12 19:00:00","20.0","21.7","88","0.0","0.0","1","40","7.7","archive","-23.558","-46.635","2026-09-20T16:31:34.073018-03:00"
"2026-04-12 20:00:00","19.4","21.3","91","0.0","0.0","2","55","6.3","archive","-23.558","-46.635","2026-09-20T16:31:34.073018-03:00"
"2026-04-12 21:00:00","18.8","20.8","93","0.0","0.0","3","91","4.6","archive","-23.558","-46.635","2026-09-20T16:31:34.073018-03:00"
"2026-04-12 22:00:00","18.6","20.6","93","0.0","0.0","3","91","3.8","archive","-23.558","-46.635","2026-09-20T16:31:34.073018-03:00"
"2026-04-12 23:00:00","18.5","20.4","92","0.0","0.0","2","66","4.0","archive","-23.558","-46.635","2026-09-20T16:31:34.073018-03:00"
"2026-04-13 00:00:00","18.3","20.2","92","0.0","0.0","3","88","3.5","archive","-23.558","-46.635","2026-09-20T16:31:34.073018-03:00"
"2026-04-13 01:00:00","18.0","19.5","92","0.0","0.0","3","97","5.4","archive","-23.558","-46.635","2026-09-20T16:31:34.073018-03:00"
"2026-04-13 02:00:00","17.8","19.2","92","0.0","0.0","3","100","5.7","archive","-23.558","-46.635","2026-09-20T16:31:34.073018-03:00"
"2026-04-13 03:00:00","17.7","19.3","94","0.0","0.0","3","100","5.6","archive","-23.558","-46.635","2026-09-20T16:31:34.073018-03:00"
"2026-04-13 04:00:00","17.6","18.8","94","0.0","0.0","3","100","7.3","archive","-23.558","-46.635","2026-09-20T16:31:34.073018-03:00"
"2026-04-13 05:00:00","17.3","18.6","95","0.0","0.0","3","100","6.9","archive","-23.558","-46.635","2026-09-20T16:31:34.073018-03:00"
"2026-04-13 06:00:00","17.2","18.7","94","0.0","0.0","3","100","4.8","archive","-23.558","-46.635","2026-09-20T16:31:34.073018-03:00"
"2026-04-13 07:00:00","17.3","18.7","93","0.0","0.0","3","97","4.8","archive","-23.558","-46.635","2026-09-20T16:31:34.073018-03:00"
"2026-04-13 08:00:00","18.0","19.3","88","0.0","0.0","3","100","5.2","archive","-23.558","-46.635","2026-09-20T16:31:34.073018-03:00"
"2026-04-13 09:00:00","19.7","21.1","80","0.0","0.0","3","99","5.5","archive","-23.558","-46.635","2026-09-20T16:31:34.073018-03:00"
"2026-04-13 10:00:00","22.0","23.6","71","0.0","0.0","3","98","3.6","archive","-23.558","-46.635","2026-09-20T16:31:34.073018-03:00"
"2026-04-13 11:00:00","24.2","27.2","60","0.0","0.0","3","100","1.8","archive","-23.558","-46.635","2026-09-20T16:31:34.073018-03:00"
"2026-04-13 12:00:00","25.6","28.3","50","0.1","0.1","51","100","1.7","archive","-23.558","-46.635","2026-09-20T16:31:34.073018-03:00"
"2026-04-13 13:00:00","26.8","28.8","41","0.0","0.0","3","100","1.0","archive","-23.558","-46.635","2026-09-20T16:31:34.073018-03:00"
"2026-04-13 14:00:00","27.8","29.2","36","0.0","0.0","3","100","2.1","archive","-23.558","-46.635","2026-09-20T16:31:34.073018-03:00"
"2026-04-13 15:00:00","28.1","27.8","34","0.0","0.0","3","100","6.7","archive","-23.558","-46.635","2026-09-20T16:31:34.073018-03:00"
"2026-04-13 16:00:00","25.1","25.2","58","0.1","0.1","51","100","13.7","archive","-23.558","-46.635","2026-09-20T16:31:34.073018-03:00"
"2026-04-13 17:00:00","22.8","23.5","70","0.0","0.0","3","100","12.0","archive","-23.558","-46.635","2026-09-20T16:31:34.073018-03:00"
"2026-04-13 18:00:00","22.5","24.1","74","0.0","0.0","3","100","7.5","archive","-23.558","-46.635","2026-09-20T16:31:34.073018-03:00"
"2026-04-13 19:00:00","21.5","23.2","81","0.0","0.0","3","100","8.0","archive","-23.558","-46.635","2026-09-20T16:31:34.073018-03:00"
"2026-04-13 20:00:00","20.6","22.4","83","0.0","0.0","3","100","6.2","archive","-23.558","-46.635","2026-09-20T16:31:34.073018-03:00"
"2026-04-13 21:00:00","20.0","21.8","85","0.0","0.0","3","100","5.6","archive","-23.558","-46.635","2026-09-20T16:31:34.073018-03:00"
"2026-04-13 22:00:00","19.6","21.6","86","0.0","0.0","3","100","3.9","archive","-23.558","-46.635","2026-09-20T16:31:34.073018-03:00"
"2026-04-13 23:00:00","19.4","21.4","87","0.0","0.0","3","100","3.4","archive","-23.558","-46.635","2026-09-20T16:31:34.073018-03:00"
"2026-04-14 00:00:00","19.2","21.1","87","0.0","0.0","2","64","4.1","archive","-23.558","-46.635","2026-09-20T16:31:34.073018-03:00"
"2026-04-14 01:00:00","18.9","20.6","87","0.0","0.0","0","2","4.4","archive","-23.558","-46.635","2026-09-20T16:31:34.073018-03:00"
"2026-04-14 02:00:00","18.6","20.2","87","0.0","0.0","0","2","3.9","archive","-23.558","-46.635","2026-09-20T16:31:34.073018-03:00"
"2026-04-14 03:00:00","17.7","19.4","94","0.0","0.0","3","95","3.9","archive","-23.558","-46.635","2026-09-20T16:31:34.073018-03:00"
"2026-04-14 04:00:00","17.4","18.9","96","0.0","0.0","3","100","5.3","archive","-23.558","-46.635","2026-09-20T16:31:34.073018-03:00"
"2026-04-14 05:00:00","17.2","18.6","95","0.0","0.0","3","100","5.6","archive","-23.558","-46.635","2026-09-20T16:31:34.073018-03:00"
"2026-04-14 06:00:00","16.9","18.2","96","0.0","0.0","3","100","5.4","archive","-23.558","-46.635","2026-09-20T16:31:34.073018-03:00"
"2026-04-14 07:00:00","16.9","17.9","94","0.0","0.0","3","86","6.5","archive","-23.558","-46.635","2026-09-20T16:31:34.073018-03:00"
"2026-04-14 08:00:00","18.0","18.8","84","0.0","0.0","1","30","6.0","archive","-23.558","-46.635","2026-09-20T16:31:34.073018-03:00"
"2026-04-14 09:00:00","20.7","21.2","72","0.0","0.0","1","33","8.9","archive","-23.558","-46.635","2026-09-20T16:31:34.073018-03:00"
"2026-04-14 10:00:00","22.7","23.3","60","0.0","0.0","0","12","7.0","archive","-23.558","-46.635","2026-09-20T16:31:34.073018-03:00"
"2026-04-14 11:00:00","24.3","25.6","49","0.0","0.0","0","11","6.3","archive","-23.558","-46.635","2026-09-20T16:31:34.073018-03:00"
"2026-04-14 12:00:00","25.6","27.1","42","0.0","0.0","0","3","5.4","archive","-23.558","-46.635","2026-09-20T16:31:34.073018-03:00"
"2026-04-14 13:00:00","26.6","27.9","37","0.0","0.0","0","0","5.0","archive","-23.558","-46.635","2026-09-20T16:31:34.073018-03:00"
"2026-04-14 14:00:00","27.1","27.8","35","0.0","0.0","0","0","6.6","archive","-23.558","-46.635","2026-09-20T16:31:34.073018-03:00"
"2026-04-14 15:00:00","26.4","26.2","43","0.0","0.0","2","54","11.4","archive","-23.558","-46.635","2026-09-20T16:31:34.073018-03:00"
"2026-04-14 16:00:00","23.6","23.5","61","0.0","0.0","0","11","13.7","archive","-23.558","-46.635","2026-09-20T16:31:34.073018-03:00"
"2026-04-14 17:00:00","22.3","22.3","67","0.0","0.0","0","6","12.8","archive","-23.558","-46.635","2026-09-20T16:31:34.073018-03:00"
"2026-04-14 18:00:00","20.3","20.2","71","0.0","0.0","0","2","11.8","archive","-23.558","-46.635","2026-09-20T16:31:34.073018-03:00"
"2026-04-14 19:00:00","19.3","19.5","76","0.0","0.0","0","3","9.7","archive","-23.558","-46.635","2026-09-20T16:31:34.073018-03:00"
"2026-04-14 20:00:00","18.7","19.4","81","0.0","0.0","0","13","7.3","archive","-23.558","-46.635","2026-09-20T16:31:34.073018-03:00"
"2026-04-14 21:00:00","18.5","19.5","85","0.0","0.0","1","25","7.3","archive","-23.558","-46.635","2026-09-20T16:31:34.073018-03:00"
"2026-04-14 22:00:00","18.4","19.4","85","0.0","0.0","1","44","6.6","archive","-23.558","-46.635","2026-09-20T16:31:34.073018-03:00"
"2026-04-14 23:00:00","18.0","19.0","87","0.0","0.0","1","32","6.3","archive","-23.558","-46.635","2026-09-20T16:31:34.073018-03:00"
"2026-04-15 00:00:00","17.3","18.2","89","0.0","0.0","1","27","6.2","archive","-23.558","-46.635","2026-09-20T16:31:34.073018-03:00"
"2026-04-15 01:00:00","16.6","17.3","90","0.0","0.0","0","12","6.7","archive","-23.558","-46.635","2026-09-20T16:31:34.073018-03:00"
"2026-04-15 02:00:00","16.4","16.9","87","0.0","0.0","0","11","6.1","archive","-23.558","-46.635","2026-09-20T16:31:34.073018-03:00"
"2026-04-15 03:00:00","16.1","16.7","88","0.0","0.0","2","74","4.4","archive","-23.558","-46.635","2026-09-20T16:31:34.073018-03:00"
"2026-04-15 04:00:00","16.3","16.7","86","0.0","0.0","3","92","5.8","archive","-23.558","-46.635","2026-09-20T16:31:34.073018-03:00"
"2026-04-15 05:00:00","16.3","16.6","84","0.0","0.0","3","97","6.1","archive","-23.558","-46.635","2026-09-20T16:31:34.073018-03:00"
"2026-04-15 06:00:00","16.1","16.3","85","0.0","0.0","3","98","5.9","archive","-23.558","-46.635","2026-09-20T16:31:34.073018-03:00"
"2026-04-15 07:00:00","15.8","16.3","86","0.0","0.0","1","29","4.5","archive","-23.558","-46.635","2026-09-20T16:31:34.073018-03:00"
"2026-04-15 08:00:00","17.1","17.6","81","0.0","0.0","0","0","4.2","archive","-23.558","-46.635","2026-09-20T16:31:34.073018-03:00"
"2026-04-15 09:00:00","20.0","20.4","69","0.0","0.0","0","0","6.5","archive","-23.558","-46.635","2026-09-20T16:31:34.073018-03:00"
"2026-04-15 10:00:00","22.2","22.7","58","0.0","0.0","0","1","7.0","archive","-23.558","-46.635","2026-09-20T16:31:34.073018-03:00"
"2026-04-15 11:00:00","24.2","25.0","46","0.0","0.0","0","0","8.0","archive","-23.558","-46.635","2026-09-20T16:31:34.073018-03:00"
"2026-04-15 12:00:00","25.8","26.5","37","0.0","0.0","0","0","7.8","archive","-23.558","-46.635","2026-09-20T16:31:34.073018-03:00"
"2026-04-15 13:00:00","26.8","27.3","32","0.0","0.0","0","1","7.6","archive","-23.558","-46.635","2026-09-20T16:31:34.073018-03:00"
"2026-04-15 14:00:00","27.5","27.6","30","0.0","0.0","2","56","7.3","archive","-23.558","-46.635","2026-09-20T16:31:34.073018-03:00"
"2026-04-15 15:00:00","27.5","27.2","33","0.0","0.0","0","0","6.5","archive","-23.558","-46.635","2026-09-20T16:31:34.073018-03:00"
"2026-04-15 16:00:00","25.9","25.5","45","0.0","0.0","0","0","9.3","archive","-23.558","-46.635","2026-09-20T16:31:34.073018-03:00"
"2026-04-15 17:00:00","23.7","24.5","67","0.0","0.0","0","4","11.6","archive","-23.558","-46.635","2026-09-20T16:31:34.073018-03:00"
"2026-04-15 18:00:00","21.8","22.6","75","0.0","0.0","1","46","11.5","archive","-23.558","-46.635","2026-09-20T16:31:34.073018-03:00"
"2026-04-15 19:00:00","20.7","21.9","81","0.0","0.0","1","36","9.5","archive","-23.558","-46.635","2026-09-20T16:31:34.073018-03:00"
"2026-04-15 20:00:00","20.0","21.6","86","0.0","0.0","2","57","7.6","archive","-23.558","-46.635","2026-09-20T16:31:34.073018-03:00"
"2026-04-15 21:00:00","19.4","20.5","86","0.0","0.0","3","88","8.9","archive","-23.558","-46.635","2026-09-20T16:31:34.073018-03:00"
"2026-04-15 22:00:00","19.2","20.5","85","0.0","0.0","1","38","6.9","archive","-23.558","-46.635","2026-09-20T16:31:34.073018-03:00"
"2026-04-15 23:00:00","18.9","20.2","86","0.0","0.0","2","52","6.4","archive","-23.558","-46.635","2026-09-20T16:31:34.073018-03:00"
"2026-04-16 00:00:00","18.5","19.6","87","0.0","0.0","1","24","6.9","archive","-23.558","-46.635","2026-09-20T16:31:34.073018-03:00"
"2026-04-16 01:00:00","18.1","19.2","88","0.0","0.0","3","95","6.4","archive","-23.558","-46.635","2026-09-20T16:31:34.073018-03:00"
"2026-04-16 02:00:00","17.7","18.8","89","0.0","0.0","1","37","5.8","archive","-23.558","-46.635","2026-09-20T16:31:34.073018-03:00"
"2026-04-16 03:00:00","17.3","18.5","91","0.0","0.0","3","94","4.9","archive","-23.558","-46.635","2026-09-20T16:31:34.073018-03:00"
"2026-04-16 04:00:00","16.8","17.8","92","0.0","0.0","3","98","5.9","archive","-23.558","-46.635","2026-09-20T16:31:34.073018-03:00"
"2026-04-16 05:00:00","16.4","17.1","94","0.0","0.0","3","100","7.4","archive","-23.558","-46.635","2026-09-20T16:31:34.073018-03:00"
"2026-04-16 06:00:00","16.0","16.7","95","0.0","0.0","3","100","7.3","archive","-23.558","-46.635","2026-09-20T16:31:34.073018-03:00"
"2026-04-16 07:00:00","16.0","16.3","95","0.0","0.0","3","100","9.2","archive","-23.558","-46.635","2026-09-20T16:31:34.073018-03:00"
"2026-04-16 08:00:00","17.0","17.2","87","0.0","0.0","3","100","9.2","archive","-23.558","-46.635","2026-09-20T16:31:34.073018-03:00"
"2026-04-16 09:00:00","19.7","20.5","75","0.0","0.0","1","23","6.7","archive","-23.558","-46.635","2026-09-20T16:31:34.073018-03:00"
"2026-04-16 10:00:00","22.2","23.3","62","0.0","0.0","2","72","5.1","archive","-23.558","-46.635","2026-09-20T16:31:34.073018-03:00"
"2026-04-16 11:00:00","24.6","26.2","50","0.0","0.0","2","73","4.1","archive","-23.558","-46.635","2026-09-20T16:31:34.073018-03:00"
"2026-04-16 12:00:00","26.3","28.6","42","0.0","0.0","3","98","1.5","archive","-23.558","-46.635","2026-09-20T16:31:34.073018-03:00"
"2026-04-16 13:00:00","27.3","29.5","38","0.0","0.0","2","57","2.4","archive","-23.558","-46.635","2026-09-20T16:31:34.073018-03:00"
"2026-04-16 14:00:00","28.0","29.5","35","0.0","0.0","2","63","3.1","archive","-23.558","-46.635","2026-09-20T16:31:34.073018-03:00"
"2026-04-16 15:00:00","28.2","28.1","34","0.0","0.0","1","42","5.2","archive","-23.558","-46.635","2026-09-20T16:31:34.073018-03:00"
"2026-04-16 16:00:00","28.3","27.6","34","0.0","0.0","2","63","6.1","archive","-23.558","-46.635","2026-09-20T16:31:34.073018-03:00"
"2026-04-16 17:00:00","25.7","26.0","55","0.0","0.0","3","96","12.1","archive","-23.558","-46.635","2026-09-20T16:31:34.073018-03:00"
"2026-04-16 18:00:00","22.7","23.9","74","0.0","0.0","1","44","10.8","archive","-23.558","-46.635","2026-09-20T16:31:34.073018-03:00"
"2026-04-16 19:00:00","21.7","23.6","79","0.0","0.0","1","34","6.8","archive","-23.558","-46.635","2026-09-20T16:31:34.073018-03:00"
"2026-04-16 20:00:00","21.3","23.5","81","0.0","0.0","0","2","4.1","archive","-23.558","-46.635","2026-09-20T16:31:34.073018-03:00"
"2026-04-16 21:00:00","20.7","23.2","86","0.0","0.0","0","5","3.3","archive","-23.558","-46.635","2026-09-20T16:31:34.073018-03:00"
"2026-04-16 22:00:00","20.4","23.0","87","0.0","0.0","1","21","2.9","archive","-23.558","-46.635","2026-09-20T16:31:34.073018-03:00"
"2026-04-16 23:00:00","20.1","22.8","89","0.0","0.0","0","4","1.9","archive","-23.558","-46.635","2026-09-20T16:31:34.073018-03:00"
"2026-04-17 00:00:00","19.8","22.5","90","0.0","0.0","0","2","1.7","archive","-23.558","-46.635","2026-09-20T16:31:34.073018-03:00"
"2026-04-17 01:00:00","19.7","22.4","90","0.0","0.0","0","4","1.8","archive","-23.558","-46.635","2026-09-20T16:31:34.073018-03:00"
"2026-04-17 02:00:00","19.6","22.2","90","0.0","0.0","0","5","1.9","archive","-23.558","-46.635","2026-09-20T16:31:34.073018-03:00"
"2026-04-17 03:00:00","18.9","21.4","94","0.0","0.0","0","8","2.3","archive","-23.558","-46.635","2026-09-20T16:31:34.073018-03:00"
"2026-04-17 04:00:00","18.7","21.0","95","0.0","0.0","0","1","3.5","archive","-23.558","-46.635","2026-09-20T16:31:34.073018-03:00"
"2026-04-17 05:00:00","17.8","20.1","98","0.0","0.0","3","98","2.9","archive","-23.558","-46.635","2026-09-20T16:31:34.073018-03:00"
"2026-04-17 06:00:00","17.2","19.2","97","0.0","0.0","1","42","2.4","archive","-23.558","-46.635","2026-09-20T16:31:34.073018-03:00"
"2026-04-17 07:00:00","16.8","18.3","94","0.0","0.0","2","59","3.3","archive","-23.558","-46.635","2026-09-20T16:31:34.073018-03:00"
"2026-04-17 08:00:00","18.2","19.5","81","0.0","0.0","0","7","2.3","archive","-23.558","-46.635","2026-09-20T16:31:34.073018-03:00"
"2026-04-17 09:00:00","22.6","23.3","56","0.0","0.0","0","1","3.1","archive","-23.558","-46.635","2026-09-20T16:31:34.073018-03:00"
"2026-04-17 10:00:00","25.6","25.7","42","0.0","0.0","0","0","5.8","archive","-23.558","-46.635","2026-09-20T16:31:34.073018-03:00"
"2026-04-17 11:00:00","27.4","27.8","37","0.0","0.0","0","0","8.2","archive","-23.558","-46.635","2026-09-20T16:31:34.073018-03:00"
"2026-04-17 12:00:00","28.5","29.4","34","0.0","0.0","0","0","7.9","archive","-23.558","-46.635","2026-09-20T16:31:34.073018-03:00"
"2026-04-17 13:00:00","29.2","30.1","32","0.0","0.0","0","1","7.6","archive","-23.558","-46.635","2026-09-20T16:31:34.073018-03:00"
"2026-04-17 14:00:00","29.6","29.6","31","0.0","0.0","0","14","9.4","archive","-23.558","-46.635","2026-09-20T16:31:34.073018-03:00"
"2026-04-17 15:00:00","29.4","28.9","33","0.0","0.0","1","27","9.0","archive","-23.558","-46.635","2026-09-20T16:31:34.073018-03:00"
"2026-04-17 16:00:00","29.2","28.4","34","0.0","0.0","0","19","8.8","archive","-23.558","-46.635","2026-09-20T16:31:34.073018-03:00"
"2026-04-17 17:00:00","28.4","27.8","37","0.0","0.0","1","22","9.0","archive","-23.558","-46.635","2026-09-20T16:31:34.073018-03:00"
"2026-04-17 18:00:00","27.8","27.5","38","0.0","0.0","1","27","6.9","archive","-23.558","-46.635","2026-09-20T16:31:34.073018-03:00"
"2026-04-17 19:00:00","27.1","27.1","41","0.0","0.0","0","14","5.6","archive","-23.558","-46.635","2026-09-20T16:31:34.073018-03:00"
"2026-04-17 20:00:00","26.3","26.8","44","0.0","0.0","0","12","2.8","archive","-23.558","-46.635","2026-09-20T16:31:34.073018-03:00"
"2026-04-17 21:00:00","25.9","26.7","47","0.0","0.0","3","100","2.2","archive","-23.558","-46.635","2026-09-20T16:31:34.073018-03:00"
"2026-04-17 22:00:00","25.6","26.4","48","0.0","0.0","2","63","2.5","archive","-23.558","-46.635","2026-09-20T16:31:34.073018-03:00"
"2026-04-17 23:00:00","24.7","25.5","54","0.0","0.0","1","27","4.9","archive","-23.558","-46.635","2026-09-20T16:31:34.073018-03:00"
"2026-04-18 00:00:00","23.9","24.2","55","0.0","0.0","1","41","7.3","archive","-23.558","-46.635","2026-09-20T16:31:34.073018-03:00"
"2026-04-18 01:00:00","22.8","23.6","60","0.2","0.2","51","95","5.0","archive","-23.558","-46.635","2026-09-20T16:31:34.073018-03:00"
"2026-04-18 02:00:00","21.8","22.4","65","0.2","0.2","51","92","6.4","archive","-23.558","-46.635","2026-09-20T16:31:34.073018-03:00"
"2026-04-18 03:00:00","21.9","22.5","64","0.0","0.0","3","97","6.4","archive","-23.558","-46.635","2026-09-20T16:31:34.073018-03:00"
"2026-04-18 04:00:00","21.4","22.1","66","0.0","0.0","1","30","6.0","archive","-23.558","-46.635","2026-09-20T16:31:34.073018-03:00"
"2026-04-18 05:00:00","20.8","21.2","67","0.0","0.0","0","6","7.3","archive","-23.558","-46.635","2026-09-20T16:31:34.073018-03:00"
"2026-04-18 06:00:00","20.5","20.8","67","0.0","0.0","0","1","7.2","archive","-23.558","-46.635","2026-09-20T16:31:34.073018-03:00"
"2026-04-18 07:00:00","20.5","20.6","67","0.0","0.0","0","0","8.2","archive","-23.558","-46.635","2026-09-20T16:31:34.073018-03:00"
"2026-04-18 08:00:00","22.0","22.5","62","0.0","0.0","0","0","6.5","archive","-23.558","-46.635","2026-09-20T16:31:34.073018-03:00"
"2026-04-18 09:00:00","24.4","24.7","57","0.0","0.0","0","14","9.3","archive","-23.558","-46.635","2026-09-20T16:31:34.073018-03:00"
"2026-04-18 10:00:00","25.5","26.2","56","0.0","0.0","0","9","10.6","archive","-23.558","-46.635","2026-09-20T16:31:34.073018-03:00"
"2026-04-18 11:00:00","26.4","27.6","55","0.0","0.0","2","52","11.8","archive","-23.558","-46.635","2026-09-20T16:31:34.073018-03:00"
"2026-04-18 12:00:00","26.5","27.6","54","0.1","0.1","51","67","10.1","archive","-23.558","-46.635","2026-09-20T16:31:34.073018-03:00"
"2026-04-18 13:00:00","24.4","24.5","61","0.6","0.6","53","38","14.0","archive","-23.558","-46.635","2026-09-20T16:31:34.073018-03:00"
"2026-04-18 14:00:00","26.3","27.5","55","0.0","0.0","1","48","13.3","archive","-23.558","-46.635","2026-09-20T16:31:34.073018-03:00"
"2026-04-18 15:00:00","28.2","28.0","44","0.0","0.0","1","37","12.4","archive","-23.558","-46.635","2026-09-20T16:31:34.073018-03:00"
"2026-04-18 16:00:00","28.3","27.7","41","0.0","0.0","2","74","12.1","archive","-23.558","-46.635","2026-09-20T16:31:34.073018-03:00"
"2026-04-18 17:00:00","25.1","25.6","56","0.0","0.0","1","40","9.7","archive","-23.558","-46.635","2026-09-20T16:31:34.073018-03:00"
"2026-04-18 18:00:00","24.3","25.7","63","0.0","0.0","0","16","6.4","archive","-23.558","-46.635","2026-09-20T16:31:34.073018-03:00"
"2026-04-18 19:00:00","23.7","25.5","66","0.0","0.0","0","9","4.5","archive","-23.558","-46.635","2026-09-20T16:31:34.073018-03:00"
"2026-04-18 20:00:00","23.3","25.6","68","0.0","0.0","0","1","1.7","archive","-23.558","-46.635","2026-09-20T16:31:34.073018-03:00"
"2026-04-18 21:00:00","23.2","25.8","72","0.0","0.0","0","2","2.0","archive","-23.558","-46.635","2026-09-20T16:31:34.073018-03:00"
"2026-04-18 22:00:00","23.2","25.4","69","0.0","0.0","0","0","2.5","archive","-23.558","-46.635","2026-09-20T16:31:34.073018-03:00"
"2026-04-18 23:00:00","22.6","24.7","73","0.0","0.0","0","0","4.3","archive","-23.558","-46.635","2026-09-20T16:31:34.073018-03:00"
"2026-04-19 00:00:00","21.8","23.9","79","0.0","0.0","0","1","5.0","archive","-23.558","-46.635","2026-09-20T16:31:34.073018-03:00"
"2026-04-19 01:00:00","20.8","22.9","84","0.0","0.0","0","4","5.0","archive","-23.558","-46.635","2026-09-20T16:31:34.073018-03:00"
"2026-04-19 02:00:00","20.0","22.0","89","0.0","0.0","1","27","6.3","archive","-23.558","-46.635","2026-09-20T16:31:34.073018-03:00"
"2026-04-19 03:00:00","19.3","21.7","93","0.0","0.0","1","23","4.3","archive","-23.558","-46.635","2026-09-20T16:31:34.073018-03:00"
"2026-04-19 04:00:00","19.0","21.6","94","0.0","0.0","1","23","2.0","archive","-23.558","-46.635","2026-09-20T16:31:34.073018-03:00"
"2026-04-19 05:00:00","18.6","21.1","95","0.0","0.0","1","23","2.1","archive","-23.558","-46.635","2026-09-20T16:31:34.073018-03:00"
"2026-04-19 06:00:00","18.2","20.4","96","0.0","0.0","0","13","3.4","archive","-23.558","-46.635","2026-09-20T16:31:34.073018-03:00"
"2026-04-19 07:00:00","18.3","20.1","91","0.0","0.0","0","16","3.8","archive","-23.558","-46.635","2026-09-20T16:31:34.073018-03:00"
"2026-04-19 08:00:00","19.6","20.8","75","0.0","0.0","0","6","3.2","archive","-23.558","-46.635","2026-09-20T16:31:34.073018-03:00"
"2026-04-19 09:00:00","21.3","22.2","65","0.0","0.0","0","0","4.3","archive","-23.558","-46.635","2026-09-20T16:31:34.073018-03:00"
"2026-04-19 10:00:00","23.7","24.0","48","0.0","0.0","0","0","4.9","archive","-23.558","-46.635","2026-09-20T16:31:34.073018-03:00"
"2026-04-19 11:00:00","25.5","26.3","39","0.0","0.0","0","0","4.5","archive","-23.558","-46.635","2026-09-20T16:31:34.073018-03:00"
"2026-04-19 12:00:00","27.0","28.1","34","0.0","0.0","0","0","4.4","archive","-23.558","-46.635","2026-09-20T16:31:34.073018-03:00"
"2026-04-19 13:00:00","28.0","29.0","32","0.0","0.0","0","2","5.8","archive","-23.558","-46.635","2026-09-20T16:31:34.073018-03:00"
"2026-04-19 14:00:00","28.3","28.4","33","0.0","0.0","0","12","8.1","archive","-23.558","-46.635","2026-09-20T16:31:34.073018-03:00"
"2026-04-19 15:00:00","28.3","27.6","35","0.0","0.0","0","13","9.3","archive","-23.558","-46.635","2026-09-20T16:31:34.073018-03:00"
"2026-04-19 16:00:00","26.9","26.1","44","0.0","0.0","0","4","13.3","archive","-23.558","-46.635","2026-09-20T16:31:34.073018-03:00"
"2026-04-19 17:00:00","24.1","24.4","62","0.0","0.0","0","5","12.3","archive","-23.558","-46.635","2026-09-20T16:31:34.073018-03:00"
"2026-04-19 18:00:00","22.2","23.0","71","0.0","0.0","0","2","10.1","archive","-23.558","-46.635","2026-09-20T16:31:34.073018-03:00"
"2026-04-19 19:00:00","20.9","22.0","77","0.0","0.0","0","5","8.2","archive","-23.558","-46.635","2026-09-20T16:31:34.073018-03:00"
"2026-04-19 20:00:00","20.1","21.3","80","0.0","0.0","0","14","7.3","archive","-23.558","-46.635","2026-09-20T16:31:34.073018-03:00"
"2026-04-19 21:00:00","19.8","21.0","85","0.0","0.0","3","98","9.7","archive","-23.558","-46.635","2026-09-20T16:31:34.073018-03:00"
"2026-04-19 22:00:00","20.0","21.1","83","0.0","0.0","3","100","9.2","archive","-23.558","-46.635","2026-09-20T16:31:34.073018-03:00"
"2026-04-19 23:00:00","19.8","20.7","81","0.0","0.0","3","86","9.3","archive","-23.558","-46.635","2026-09-20T16:31:34.073018-03:00"
"2026-04-20 00:00:00","19.6","20.3","80","0.0","0.0","3","91","9.1","archive","-23.558","-46.635","2026-09-20T16:31:34.073018-03:00"
"2026-04-20 01:00:00","19.1","19.8","81","0.0","0.0","1","21","8.2","archive","-23.558","-46.635","2026-09-20T16:31:34.073018-03:00"
"2026-04-20 02:00:00","18.5","19.5","84","0.0","0.0","1","28","6.4","archive","-23.558","-46.635","2026-09-20T16:31:34.073018-03:00"
"2026-04-20 03:00:00","17.8","18.8","86","0.0","0.0","2","69","5.1","archive","-23.558","-46.635","2026-09-20T16:31:34.073018-03:00"
"2026-04-20 04:00:00","17.5","18.6","88","0.0","0.0","0","16","5.1","archive","-23.558","-46.635","2026-09-20T16:31:34.073018-03:00"
"2026-04-20 05:00:00","17.2","18.3","89","0.0","0.0","0","13","4.7","archive","-23.558","-46.635","2026-09-20T16:31:34.073018-03:00"
"2026-04-20 06:00:00","16.9","17.9","90","0.0","0.0","0","12","4.9","archive","-23.558","-46.635","2026-09-20T16:31:34.073018-03:00"
"2026-04-20 07:00:00","16.6","17.5","90","0.0","0.0","0","13","5.1","archive","-23.558","-46.635","2026-09-20T16:31:34.073018-03:00"
"2026-04-20 08:00:00","17.8","18.7","81","0.0","0.0","0","8","3.7","archive","-23.558","-46.635","2026-09-20T16:31:34.073018-03:00"
"2026-04-20 09:00:00","19.4","20.0","72","0.0","0.0","2","73","5.1","archive","-23.558","-46.635","2026-09-20T16:31:34.073018-03:00"
"2026-04-20 10:00:00","21.9","22.2","55","0.0","0.0","1","30","4.8","archive","-23.558","-46.635","2026-09-20T16:31:34.073018-03:00"
"2026-04-20 11:00:00","23.8","24.6","44","0.0","0.0","0","0","4.8","archive","-23.558","-46.635","2026-09-20T16:31:34.073018-03:00"
"2026-04-20 12:00:00","25.3","26.3","37","0.0","0.0","0","0","5.4","archive","-23.558","-46.635","2026-09-20T16:31:34.073018-03:00"
"2026-04-20 13:00:00","26.2","26.8","35","0.0","0.0","2","73","7.3","archive","-23.558","-46.635","2026-09-20T16:31:34.073018-03:00"
"2026-04-20 14:00:00","26.5","26.4","35","0.0","0.0","3","93","9.5","archive","-23.558","-46.635","2026-09-20T16:31:34.073018-03:00"
"2026-04-20 15:00:00","25.1","24.6","44","0.0","0.0","0","2","11.0","archive","-23.558","-46.635","2026-09-20T16:31:34.073018-03:00"
"2026-04-20 16:00:00","24.2","23.5","49","0.0","0.0","0","9","10.4","archive","-23.558","-46.635","2026-09-20T16:31:34.073018-03:00"
"2026-04-20 17:00:00","22.8","22.2","54","0.0","0.0","0","1","10.6","archive","-23.558","-46.635","2026-09-20T16:31:34.073018-03:00"
"2026-04-20 18:00:00","20.9","20.5","63","0.0","0.0","2","53","10.7","archive","-23.558","-46.635","2026-09-20T16:31:34.073018-03:00"
"2026-04-20 19:00:00","19.7","19.7","71","0.0","0.0","2","52","9.6","archive","-23.558","-46.635","2026-09-20T16:31:34.073018-03:00"
"2026-04-20 20:00:00","19.0","19.1","74","0.0","0.0","1","45","8.3","archive","-23.558","-46.635","2026-09-20T16:31:34.073018-03:00"
"2026-04-20 21:00:00","18.0","18.2","82","0.0","0.0","1","46","10.0","archive","-23.558","-46.635","2026-09-20T16:31:34.073018-03:00"
"2026-04-20 22:00:00","18.0","18.4","83","0.0","0.0","2","52","8.9","archive","-23.558","-46.635","2026-09-20T16:31:34.073018-03:00"
"2026-04-20 23:00:00","17.8","18.3","83","0.0","0.0","1","29","8.0","archive","-23.558","-46.635","2026-09-20T16:31:34.073018-03:00"
"2026-04-21 00:00:00","17.3","17.9","87","0.0","0.0","1","31","7.8","archive","-23.558","-46.635","2026-09-20T16:31:34.073018-03:00"
"2026-04-21 01:00:00","16.7","17.3","91","0.0","0.0","2","70","7.0","archive","-23.558","-46.635","2026-09-20T16:31:34.073018-03:00"
"2026-04-21 02:00:00","16.4","17.1","91","0.0","0.0","3","100","6.4","archive","-23.558","-46.635","2026-09-20T16:31:34.073018-03:00"
"2026-04-21 03:00:00","16.3","16.7","89","0.0","0.0","2","76","6.9","archive","-23.558","-46.635","2026-09-20T16:31:34.073018-03:00"
"2026-04-21 04:00:00","16.0","16.3","88","0.0","0.0","2","78","7.1","archive","-23.558","-46.635","2026-09-20T16:31:34.073018-03:00"
"2026-04-21 05:00:00","15.6","15.8","90","0.0","0.0","0","11","6.7","archive","-23.558","-46.635","2026-09-20T16:31:34.073018-03:00"
"2026-04-21 06:00:00","15.2","15.4","92","0.0","0.0","2","71","6.5","archive","-23.558","-46.635","2026-09-20T16:31:34.073018-03:00"
"2026-04-21 07:00:00","15.1","15.2","91","0.0","0.0","2","68","7.1","archive","-23.558","-46.635","2026-09-20T16:31:34.073018-03:00"
"2026-04-21 08:00:00","16.0","16.3","83","0.0","0.0","1","36","4.8","archive","-23.558","-46.635","2026-09-20T16:31:34.073018-03:00"
"2026-04-21 09:00:00","18.6","18.8","73","0.0","0.0","2","51","6.6","archive","-23.558","-46.635","2026-09-20T16:31:34.073018-03:00"
"2026-04-21 10:00:00","21.3","20.9","60","0.0","0.0","1","34","9.0","archive","-23.558","-46.635","2026-09-20T16:31:34.073018-03:00"
"2026-04-21 11:00:00","23.1","23.6","50","0.0","0.0","1","46","6.8","archive","-23.558","-46.635","2026-09-20T16:31:34.073018-03:00"
"2026-04-21 12:00:00","24.6","25.9","44","0.0","0.0","1","24","5.7","archive","-23.558","-46.635","2026-09-20T16:31:34.073018-03:00"
"2026-04-21 13:00:00","25.8","27.0","40","0.0","0.0","1","22","5.2","archive","-23.558","-46.635","2026-09-20T16:31:34.073018-03:00"
"2026-04-21 14:00:00","26.6","27.3","37","0.0","0.0","0","2","5.4","archive","-23.558","-46.635","2026-09-20T16:31:34.073018-03:00"
"2026-04-21 15:00:00","25.6","25.5","45","0.0","0.0","0","6","10.4","archive","-23.558","-46.635","2026-09-20T16:31:34.073018-03:00"
"2026-04-21 16:00:00","25.2","24.6","48","0.0","0.0","3","99","10.8","archive","-23.558","-46.635","2026-09-20T16:31:34.073018-03:00"
"2026-04-21 17:00:00","22.9","22.5","60","0.0","0.0","3","81","13.1","archive","-23.558","-46.635","2026-09-20T16:31:34.073018-03:00"
"2026-04-21 18:00:00","20.9","20.8","70","0.0","0.0","0","2","12.3","archive","-23.558","-46.635","2026-09-20T16:31:34.073018-03:00"
"2026-04-21 19:00:00","19.7","20.0","77","0.0","0.0","0","8","10.7","archive","-23.558","-46.635","2026-09-20T16:31:34.073018-03:00"
"2026-04-21 20:00:00","19.0","19.5","79","0.0","0.0","0","10","8.4","archive","-23.558","-46.635","2026-09-20T16:31:34.073018-03:00"
"2026-04-21 21:00:00","17.9","18.4","81","0.0","0.0","0","14","7.2","archive","-23.558","-46.635","2026-09-20T16:31:34.073018-03:00"
"2026-04-21 22:00:00","17.7","18.1","83","0.0","0.0","1","45","8.1","archive","-23.558","-46.635","2026-09-20T16:31:34.073018-03:00"
"2026-04-21 23:00:00","17.7","17.9","83","0.0","0.0","2","52","8.8","archive","-23.558","-46.635","2026-09-20T16:31:34.073018-03:00"
"2026-04-22 00:00:00","17.6","18.0","83","0.0","0.0","1","23","7.8","archive","-23.558","-46.635","2026-09-20T16:31:34.073018-03:00"
"2026-04-22 01:00:00","17.7","18.0","82","0.0","0.0","1","20","8.7","archive","-23.558","-46.635","2026-09-20T16:31:34.073018-03:00"
"2026-04-22 02:00:00","17.8","18.0","81","0.0","0.0","1","48","8.3","archive","-23.558","-46.635","2026-09-20T16:31:34.073018-03:00"
"2026-04-22 03:00:00","17.4","17.7","80","0.0","0.0","3","86","6.6","archive","-23.558","-46.635","2026-09-20T16:31:34.073018-03:00"
"2026-04-22 04:00:00","17.4","17.8","80","0.0","0.0","1","27","6.2","archive","-23.558","-46.635","2026-09-20T16:31:34.073018-03:00"
"2026-04-22 05:00:00","16.9","17.4","84","0.0","0.0","0","12","5.7","archive","-23.558","-46.635","2026-09-20T16:31:34.073018-03:00"
"2026-04-22 06:00:00","16.6","17.1","86","0.0","0.0","2","50","6.0","archive","-23.558","-46.635","2026-09-20T16:31:34.073018-03:00"
"2026-04-22 07:00:00","16.5","16.7","87","0.0","0.0","3","98","7.8","archive","-23.558","-46.635","2026-09-20T16:31:34.073018-03:00"
"2026-04-22 08:00:00","17.2","17.3","81","0.0","0.0","1","39","7.6","archive","-23.558","-46.635","2026-09-20T16:31:34.073018-03:00"
"2026-04-22 09:00:00","19.8","20.1","71","0.0","0.0","0","16","7.0","archive","-23.558","-46.635","2026-09-20T16:31:34.073018-03:00"
"2026-04-22 10:00:00","21.6","22.1","61","0.0","0.0","0","16","5.0","archive","-23.558","-46.635","2026-09-20T16:31:34.073018-03:00"
"2026-04-22 11:00:00","23.4","25.0","53","0.0","0.0","2","78","4.2","archive","-23.558","-46.635","2026-09-20T16:31:34.073018-03:00"
"2026-04-22 12:00:00","25.3","27.6","46","0.0","0.0","2","52","3.1","archive","-23.558","-46.635","2026-09-20T16:31:34.073018-03:00"
"2026-04-22 13:00:00","26.5","28.7","41","0.0","0.0","0","5","2.4","archive","-23.558","-46.635","2026-09-20T16:31:34.073018-03:00"
"2026-04-22 14:00:00","27.4","28.6","36","0.0","0.0","1","23","4.2","archive","-23.558","-46.635","2026-09-20T16:31:34.073018-03:00"
"2026-04-22 15:00:00","27.0","26.7","39","0.0","0.0","1","44","9.1","archive","-23.558","-46.635","2026-09-20T16:31:34.073018-03:00"
"2026-04-22 16:00:00","25.7","25.5","51","0.0","0.0","3","94","11.4","archive","-23.558","-46.635","2026-09-20T16:31:34.073018-03:00"
"2026-04-22 17:00:00","23.7","24.0","63","0.0","0.0","1","30","12.6","archive","-23.558","-46.635","2026-09-20T16:31:34.073018-03:00"
"2026-04-22 18:00:00","21.6","22.2","75","0.0","0.0","2","51","12.6","archive","-23.558","-46.635","2026-09-20T16:31:34.073018-03:00"
"2026-04-22 19:00:00","20.5","21.4","80","0.0","0.0","3","84","10.0","archive","-23.558","-46.635","2026-09-20T16:31:34.073018-03:00"
"2026-04-22 20:00:00","19.9","20.9","81","0.0","0.0","2","77","8.5","archive","-23.558","-46.635","2026-09-20T16:31:34.073018-03:00"
"2026-04-22 21:00:00","19.2","19.9","80","0.0","0.0","1","34","8.0","archive","-23.558","-46.635","2026-09-20T16:31:34.073018-03:00"
"2026-04-22 22:00:00","18.8","19.3","80","0.0","0.0","1","32","8.0","archive","-23.558","-46.635","2026-09-20T16:31:34.073018-03:00"
"2026-04-22 23:00:00","18.4","19.0","82","0.0","0.0","1","34","7.3","archive","-23.558","-46.635","2026-09-20T16:31:34.073018-03:00"
"2026-04-23 00:00:00","18.1","18.9","83","0.0","0.0","0","18","6.9","archive","-23.558","-46.635","2026-09-20T16:31:34.073018-03:00"
"2026-04-23 01:00:00","17.8","18.7","86","0.0","0.0","2","58","6.1","archive","-23.558","-46.635","2026-09-20T16:31:34.073018-03:00"
"2026-04-23 02:00:00","17.3","18.2","88","0.0","0.0","1","30","6.2","archive","-23.558","-46.635","2026-09-20T16:31:34.073018-03:00"
"2026-04-23 03:00:00","17.5","18.7","91","0.0","0.0","3","85","6.2","archive","-23.558","-46.635","2026-09-20T16:31:34.073018-03:00"
"2026-04-23 04:00:00","17.6","18.7","88","0.0","0.0","1","39","5.7","archive","-23.558","-46.635","2026-09-20T16:31:34.073018-03:00"
"2026-04-23 05:00:00","17.5","18.4","88","0.0","0.0","2","79","6.3","archive","-23.558","-46.635","2026-09-20T16:31:34.073018-03:00"
"2026-04-23 06:00:00","17.4","18.1","88","0.0","0.0","3","100","7.1","archive","-23.558","-46.635","2026-09-20T16:31:34.073018-03:00"
"2026-04-23 07:00:00","17.3","18.1","88","0.0","0.0","3","100","7.2","archive","-23.558","-46.635","2026-09-20T16:31:34.073018-03:00"
"2026-04-23 08:00:00","17.9","18.5","85","0.0","0.0","3","100","7.9","archive","-23.558","-46.635","2026-09-20T16:31:34.073018-03:00"
"2026-04-23 09:00:00","19.0","19.8","85","0.0","0.0","3","80","9.3","archive","-23.558","-46.635","2026-09-20T16:31:34.073018-03:00"
"2026-04-23 10:00:00","21.2","21.7","69","0.0","0.0","1","35","9.2","archive","-23.558","-46.635","2026-09-20T16:31:34.073018-03:00"
"2026-04-23 11:00:00","23.4","23.9","56","0.0","0.0","1","21","7.4","archive","-23.558","-46.635","2026-09-20T16:31:34.073018-03:00"
"2026-04-23 12:00:00","25.0","26.7","48","0.0","0.0","0","19","5.6","archive","-23.558","-46.635","2026-09-20T16:31:34.073018-03:00"
"2026-04-23 13:00:00","26.3","27.8","41","0.0","0.0","0","13","5.1","archive","-23.558","-46.635","2026-09-20T16:31:34.073018-03:00"
"2026-04-23 14:00:00","27.1","28.1","38","0.0","0.0","0","15","5.4","archive","-23.558","-46.635","2026-09-20T16:31:34.073018-03:00"
"2026-04-23 15:00:00","26.4","26.2","45","0.0","0.0","3","99","11.1","archive","-23.558","-46.635","2026-09-20T16:31:34.073018-03:00"
"2026-04-23 16:00:00","24.8","25.2","60","0.0","0.0","1","40","12.0","archive","-23.558","-46.635","2026-09-20T16:31:34.073018-03:00"
"2026-04-23 17:00:00","23.6","24.0","65","0.0","0.0","1","49","12.9","archive","-23.558","-46.635","2026-09-20T16:31:34.073018-03:00"
"2026-04-23 18:00:00","21.8","22.2","73","0.0","0.0","1","23","13.4","archive","-23.558","-46.635","2026-09-20T16:31:34.073018-03:00"
"2026-04-23 19:00:00","20.4","20.9","77","0.0","0.0","0","8","11.1","archive","-23.558","-46.635","2026-09-20T16:31:34.073018-03:00"
"2026-04-23 20:00:00","19.6","20.5","80","0.0","0.0","0","16","8.3","archive","-23.558","-46.635","2026-09-20T16:31:34.073018-03:00"
"2026-04-23 21:00:00","19.5","20.4","83","0.0","0.0","2","58","9.7","archive","-23.558","-46.635","2026-09-20T16:31:34.073018-03:00"
"2026-04-23 22:00:00","19.2","20.4","85","0.0","0.0","1","38","7.6","archive","-23.558","-46.635","2026-09-20T16:31:34.073018-03:00"
"2026-04-23 23:00:00","18.8","19.9","86","0.0","0.0","1","34","7.2","archive","-23.558","-46.635","2026-09-20T16:31:34.073018-03:00"
"2026-04-24 00:00:00","18.3","19.3","87","0.0","0.0","1","31","7.2","archive","-23.558","-46.635","2026-09-20T16:31:34.073018-03:00"
"2026-04-24 01:00:00","17.9","18.9","89","0.0","0.0","3","95","6.8","archive","-23.558","-46.635","2026-09-20T16:31:34.073018-03:00"
"2026-04-24 02:00:00","17.6","18.7","90","0.0","0.0","3","100","6.1","archive","-23.558","-46.635","2026-09-20T16:31:34.073018-03:00"
"2026-04-24 03:00:00","17.8","18.9","91","0.0","0.0","3","100","7.7","archive","-23.558","-46.635","2026-09-20T16:31:34.073018-03:00"
"2026-04-24 04:00:00","18.4","19.2","86","0.0","0.0","3","100","7.9","archive","-23.558","-46.635","2026-09-20T16:31:34.073018-03:00"
"2026-04-24 05:00:00","18.4","19.1","84","0.0","0.0","3","97","8.6","archive","-23.558","-46.635","2026-09-20T16:31:34.073018-03:00"
"2026-04-24 06:00:00","17.8","18.4","86","0.0","0.0","3","88","9.0","archive","-23.558","-46.635","2026-09-20T16:31:34.073018-03:00"
"2026-04-24 07:00:00","17.3","17.9","88","0.0","0.0","2","67","8.1","archive","-23.558","-46.635","2026-09-20T16:31:34.073018-03:00"
"2026-04-24 08:00:00","18.2","18.7","82","0.0","0.0","1","20","7.7","archive","-23.558","-46.635","2026-09-20T16:31:34.073018-03:00"
"2026-04-24 09:00:00","20.3","21.3","73","0.0","0.0","0","16","5.2","archive","-23.558","-46.635","2026-09-20T16:31:34.073018-03:00"
"2026-04-24 10:00:00","22.8","23.9","61","0.0","0.0","0","5","4.9","archive","-23.558","-46.635","2026-09-20T16:31:34.073018-03:00"
"2026-04-24 11:00:00","25.2","26.8","49","0.0","0.0","0","1","5.2","archive","-23.558","-46.635","2026-09-20T16:31:34.073018-03:00"
"2026-04-24 12:00:00","27.2","29.0","38","0.0","0.0","1","23","3.2","archive","-23.558","-46.635","2026-09-20T16:31:34.073018-03:00"
"2026-04-24 13:00:00","28.7","30.1","31","0.0","0.0","3","84","1.7","archive","-23.558","-46.635","2026-09-20T16:31:34.073018-03:00"
"2026-04-24 14:00:00","29.3","29.7","28","0.0","0.0","3","88","3.6","archive","-23.558","-46.635","2026-09-20T16:31:34.073018-03:00"
"2026-04-24 15:00:00","29.0","28.9","33","0.0","0.0","2","64","4.3","archive","-23.558","-46.635","2026-09-20T16:31:34.073018-03:00"
"2026-04-24 16:00:00","28.8","28.8","32","0.0","0.0","3","98","1.1","archive","-23.558","-46.635","2026-09-20T16:31:34.073018-03:00"
"2026-04-24 17:00:00","26.1","26.8","53","0.0","0.0","2","60","7.8","archive","-23.558","-46.635","2026-09-20T16:31:34.073018-03:00"
"2026-04-24 18:00:00","23.5","24.8","70","0.0","0.0","1","41","9.9","archive","-23.558","-46.635","2026-09-20T16:31:34.073018-03:00"
"2026-04-24 19:00:00","22.2","23.8","76","0.0","0.0","0","16","7.8","archive","-23.558","-46.635","2026-09-20T16:31:34.073018-03:00"
"2026-04-24 20:00:00","21.9","24.1","78","0.0","0.0","0","9","4.4","archive","-23.558","-46.635","2026-09-20T16:31:34.073018-03:00"
"2026-04-24 21:00:00","22.0","24.1","74","0.0","0.0","0","2","3.5","archive","-23.558","-46.635","2026-09-20T16:31:34.073018-03:00"
"2026-04-24 22:00:00","21.9","23.8","75","0.0","0.0","0","1","4.5","archive","-23.558","-46.635","2026-09-20T16:31:34.073018-03:00"
"2026-04-24 23:00:00","21.6","23.3","76","0.0","0.0","0","0","5.7","archive","-23.558","-46.635","2026-09-20T16:31:34.073018-03:00"
"2026-04-25 00:00:00","21.1","23.1","78","0.0","0.0","0","0","3.5","archive","-23.558","-46.635","2026-09-20T16:31:34.073018-03:00"
"2026-04-25 01:00:00","20.8","22.7","78","0.0","0.0","0","0","3.8","archive","-23.558","-46.635","2026-09-20T16:31:34.073018-03:00"
"2026-04-25 02:00:00","20.5","22.0","76","0.0","0.0","0","0","4.0","archive","-23.558","-46.635","2026-09-20T16:31:34.073018-03:00"
"2026-04-25 03:00:00","20.1","20.9","72","0.0","0.0","0","0","5.1","archive","-23.558","-46.635","2026-09-20T16:31:34.073018-03:00"
"2026-04-25 04:00:00","19.8","20.0","68","0.0","0.0","0","1","6.1","archive","-23.558","-46.635","2026-09-20T16:31:34.073018-03:00"
"2026-04-25 05:00:00","19.5","19.7","68","0.0","0.0","0","2","5.8","archive","-23.558","-46.635","2026-09-20T16:31:34.073018-03:00"
"2026-04-25 06:00:00","19.5","19.6","68","0.0","0.0","0","1","6.4","archive","-23.558","-46.635","2026-09-20T16:31:34.073018-03:00"
"2026-04-25 07:00:00","19.6","19.7","68","0.0","0.0","0","0","7.3","archive","-23.558","-46.635","2026-09-20T16:31:34.073018-03:00"
"2026-04-25 08:00:00","21.1","21.4","63","0.0","0.0","0","0","6.3","archive","-23.558","-46.635","2026-09-20T16:31:34.073018-03:00"
"2026-04-25 09:00:00","23.9","24.0","54","0.0","0.0","0","0","8.5","archive","-23.558","-46.635","2026-09-20T16:31:34.073018-03:00"
"2026-04-25 10:00:00","26.0","25.7","49","0.0","0.0","0","18","12.4","archive","-23.558","-46.635","2026-09-20T16:31:34.073018-03:00"
"2026-04-25 11:00:00","27.6","27.4","44","0.0","0.0","1","24","16.7","archive","-23.558","-46.635","2026-09-20T16:31:34.073018-03:00"
"2026-04-25 12:00:00","28.5","28.4","40","0.0","0.0","1","45","16.2","archive","-23.558","-46.635","2026-09-20T16:31:34.073018-03:00"
"2026-04-25 13:00:00","28.9","28.8","38","0.0","0.0","0","7","15.9","archive","-23.558","-46.635","2026-09-20T16:31:34.073018-03:00"
"2026-04-25 14:00:00","29.0","28.7","38","0.0","0.0","0","12","15.0","archive","-23.558","-46.635","2026-09-20T16:31:34.073018-03:00"
"2026-04-25 15:00:00","29.0","28.1","38","0.0","0.0","0","8","14.4","archive","-23.558","-46.635","2026-09-20T16:31:34.073018-03:00"
"2026-04-25 16:00:00","28.7","27.9","39","0.0","0.0","0","9","12.9","archive","-23.558","-46.635","2026-09-20T16:31:34.073018-03:00"
"2026-04-25 17:00:00","27.7","27.1","43","0.0","0.0","0","9","12.6","archive","-23.558","-46.635","2026-09-20T16:31:34.073018-03:00"
"2026-04-25 18:00:00","26.8","26.6","47","0.0","0.0","0","5","10.9","archive","-23.558","-46.635","2026-09-20T16:31:34.073018-03:00"
"2026-04-25 19:00:00","26.2","26.4","49","0.0","0.0","0","5","9.1","archive","-23.558","-46.635","2026-09-20T16:31:34.073018-03:00"
"2026-04-25 20:00:00","25.7","26.2","51","0.0","0.0","0","1","7.8","archive","-23.558","-46.635","2026-09-20T16:31:34.073018-03:00"
"2026-04-25 21:00:00","25.6","26.3","54","0.0","0.0","0","1","7.4","archive","-23.558","-46.635","2026-09-20T16:31:34.073018-03:00"
"2026-04-25 22:00:00","24.9","25.7","56","0.0","0.0","0","0","7.4","archive","-23.558","-46.635","2026-09-20T16:31:34.073018-03:00"
"2026-04-25 23:00:00","24.2","25.0","59","0.0","0.0","0","0","7.3","archive","-23.558","-46.635","2026-09-20T16:31:34.073018-03:00"
"2026-04-26 00:00:00","23.6","24.6","61","0.0","0.0","0","2","6.3","archive","-23.558","-46.635","2026-09-20T16:31:34.073018-03:00"
"2026-04-26 01:00:00","23.0","24.2","64","0.0","0.0","0","0","5.0","archive","-23.558","-46.635","2026-09-20T16:31:34.073018-03:00"
"2026-04-26 02:00:00","22.5","23.6","66","0.0","0.0","0","0","5.7","archive","-23.558","-46.635","2026-09-20T16:31:34.073018-03:00"
"2026-04-26 03:00:00","21.6","22.7","70","0.0","0.0","0","0","6.2","archive","-23.558","-46.635","2026-09-20T16:31:34.073018-03:00"
"2026-04-26 04:00:00","21.0","22.2","72","0.0","0.0","0","0","4.8","archive","-23.558","-46.635","2026-09-20T16:31:34.073018-03:00"
"2026-04-26 05:00:00","20.3","21.5","75","0.0","0.0","0","0","4.4","archive","-23.558","-46.635","2026-09-20T16:31:34.073018-03:00"
"2026-04-26 06:00:00","19.7","20.9","77","0.0","0.0","0","9","4.9","archive","-23.558","-46.635","2026-09-20T16:31:34.073018-03:00"
"2026-04-26 07:00:00","19.7","20.6","76","0.0","0.0","1","22","6.2","archive","-23.558","-46.635","2026-09-20T16:31:34.073018-03:00"
"2026-04-26 08:00:00","21.6","22.4","66","0.0","0.0","1","20","5.4","archive","-23.558","-46.635","2026-09-20T16:31:34.073018-03:00"
"2026-04-26 09:00:00","24.7","25.5","55","0.0","0.0","0","0","6.4","archive","-23.558","-46.635","2026-09-20T16:31:34.073018-03:00"
"2026-04-26 10:00:00","27.2","27.2","47","0.0","0.0","0","0","11.8","archive","-23.558","-46.635","2026-09-20T16:31:34.073018-03:00"
"2026-04-26 11:00:00","28.7","28.9","43","0.0","0.0","0","12","15.3","archive","-23.558","-46.635","2026-09-20T16:31:34.073018-03:00"
"2026-04-26 12:00:00","29.4","29.5","41","0.0","0.0","0","13","16.4","archive","-23.558","-46.635","2026-09-20T16:31:34.073018-03:00"
"2026-04-26 13:00:00","30.1","30.1","38","0.0","0.0","0","7","17.1","archive","-23.558","-46.635","2026-09-20T16:31:34.073018-03:00"
"2026-04-26 14:00:00","30.2","29.8","37","0.0","0.0","0","18","17.2","archive","-23.558","-46.635","2026-09-20T16:31:34.073018-03:00"
"2026-04-26 15:00:00","29.9","28.7","37","0.0","0.0","0","9","17.1","archive","-23.558","-46.635","2026-09-20T16:31:34.073018-03:00"
"2026-04-26 16:00:00","29.6","28.3","38","0.0","0.0","0","8","16.2","archive","-23.558","-46.635","2026-09-20T16:31:34.073018-03:00"
"2026-04-26 17:00:00","28.7","27.6","41","0.0","0.0","0","19","15.9","archive","-23.558","-46.635","2026-09-20T16:31:34.073018-03:00"
"2026-04-26 18:00:00","27.9","27.3","44","0.0","0.0","1","46","13.5","archive","-23.558","-46.635","2026-09-20T16:31:34.073018-03:00"
"2026-04-26 19:00:00","27.2","27.1","47","0.0","0.0","2","59","11.4","archive","-23.558","-46.635","2026-09-20T16:31:34.073018-03:00"
"2026-04-26 20:00:00","26.7","26.9","49","0.0","0.0","1","25","10.0","archive","-23.558","-46.635","2026-09-20T16:31:34.073018-03:00"
"2026-04-26 21:00:00","26.4","27.4","52","0.0","0.0","3","99","6.3","archive","-23.558","-46.635","2026-09-20T16:31:34.073018-03:00"
"2026-04-26 22:00:00","25.8","26.9","55","0.0","0.0","3","95","6.2","archive","-23.558","-46.635","2026-09-20T16:31:34.073018-03:00"
"2026-04-26 23:00:00","25.3","26.4","57","0.0","0.0","3","100","5.9","archive","-23.558","-46.635","2026-09-20T16:31:34.073018-03:00"
"2026-04-27 00:00:00","24.5","26.0","60","0.0","0.0","3","100","4.0","archive","-23.558","-46.635","2026-09-20T16:31:34.073018-03:00"
"2026-04-27 01:00:00","23.8","25.4","62","0.0","0.0","3","100","3.2","archive","-23.558","-46.635","2026-09-20T16:31:34.073018-03:00"
"2026-04-27 02:00:00","23.4","25.0","64","0.0","0.0","3","100","3.1","archive","-23.558","-46.635","2026-09-20T16:31:34.073018-03:00"
"2026-04-27 03:00:00","22.5","25.1","73","0.0","0.0","3","100","0.4","archive","-23.558","-46.635","2026-09-20T16:31:34.073018-03:00"
"2026-04-27 04:00:00","22.4","24.2","71","0.0","0.0","3","96","3.7","archive","-23.558","-46.635","2026-09-20T16:31:34.073018-03:00"
"2026-04-27 05:00:00","21.7","23.3","74","0.0","0.0","3","98","5.5","archive","-23.558","-46.635","2026-09-20T16:31:34.073018-03:00"
"2026-04-27 06:00:00","21.4","22.7","74","0.0","0.0","1","32","6.4","archive","-23.558","-46.635","2026-09-20T16:31:34.073018-03:00"
"2026-04-27 07:00:00","21.5","22.4","72","0.0","0.0","3","90","8.0","archive","-23.558","-46.635","2026-09-20T16:31:34.073018-03:00"
"2026-04-27 08:00:00","23.0","24.2","64","0.0","0.0","3","100","5.9","archive","-23.558","-46.635","2026-09-20T16:31:34.073018-03:00"
"2026-04-27 09:00:00","24.1","25.2","60","0.0","0.0","3","100","6.2","archive","-23.558","-46.635","2026-09-20T16:31:34.073018-03:00"
"2026-04-27 10:00:00","21.8","24.1","79","2.5","2.5","63","100","4.5","archive","-23.558","-46.635","2026-09-20T16:31:34.073018-03:00"
"2026-04-27 11:00:00","25.4","26.7","60","0.1","0.1","51","100","7.3","archive","-23.558","-46.635","2026-09-20T16:31:34.073018-03:00"
"2026-04-27 12:00:00","27.4","28.2","51","0.0","0.0","3","99","12.7","archive","-23.558","-46.635","2026-09-20T16:31:34.073018-03:00"
"2026-04-27 13:00:00","27.5","27.6","51","0.0","0.0","3","100","14.3","archive","-23.558","-46.635","2026-09-20T16:31:34.073018-03:00"
"2026-04-27 14:00:00","26.8","27.3","55","0.0","0.0","3","100","13.1","archive","-23.558","-46.635","2026-09-20T16:31:34.073018-03:00"
"2026-04-27 15:00:00","26.7","26.6","52","0.1","0.1","51","99","15.0","archive","-23.558","-46.635","2026-09-20T16:31:34.073018-03:00"
"2026-04-27 16:00:00","26.1","27.2","58","0.0","0.0","3","80","10.2","archive","-23.558","-46.635","2026-09-20T16:31:34.073018-03:00"
"2026-04-27 17:00:00","21.7","23.9","84","4.7","4.7","63","100","7.2","archive","-23.558","-46.635","2026-09-20T16:31:34.073018-03:00"
"2026-04-27 18:00:00","21.4","23.6","85","0.7","0.7","53","100","7.3","archive","-23.558","-46.635","2026-09-20T16:31:34.073018-03:00"
"2026-04-27 19:00:00","21.0","23.3","88","0.3","0.3","51","73","6.7","archive","-23.558","-46.635","2026-09-20T16:31:34.073018-03:00"
"2026-04-27 20:00:00","20.7","23.6","90","0.0","0.0","3","100","3.2","archive","-23.558","-46.635","2026-09-20T16:31:34.073018-03:00"
"2026-04-27 21:00:00","20.9","24.4","93","0.0","0.0","3","100","1.6","archive","-23.558","-46.635","2026-09-20T16:31:34.073018-03:00"
"2026-04-27 22:00:00","20.9","23.1","89","1.4","1.4","61","100","8.0","archive","-23.558","-46.635","2026-09-20T16:31:34.073018-03:00"
"2026-04-27 23:00:00","20.6","23.1","91","1.1","1.1","55","100","5.5","archive","-23.558","-46.635","2026-09-20T16:31:34.073018-03:00"
"2026-04-28 00:00:00","19.9","22.5","95","0.0","0.0","3","98","5.6","archive","-23.558","-46.635","2026-09-20T16:31:34.073018-03:00"
"2026-04-28 01:00:00","19.9","22.3","93","0.0","0.0","3","100","5.6","archive","-23.558","-46.635","2026-09-20T16:31:34.073018-03:00"
"2026-04-28 02:00:00","19.8","21.8","92","0.0","0.0","3","99","7.2","archive","-23.558","-46.635","2026-09-20T16:31:34.073018-03:00"
"2026-04-28 03:00:00","19.9","22.0","92","0.0","0.0","3","100","7.2","archive","-23.558","-46.635","2026-09-20T16:31:34.073018-03:00"
"2026-04-28 04:00:00","19.6","21.7","92","0.1","0.1","51","99","6.2","archive","-23.558","-46.635","2026-09-20T16:31:34.073018-03:00"
"2026-04-28 05:00:00","19.4","21.7","93","0.0","0.0","3","100","5.1","archive","-23.558","-46.635","2026-09-20T16:31:34.073018-03:00"
"2026-04-28 06:00:00","19.3","21.4","94","0.0","0.0","3","100","6.0","archive","-23.558","-46.635","2026-09-20T16:31:34.073018-03:00"
"2026-04-28 07:00:00","19.5","21.7","94","0.0","0.0","3","100","6.0","archive","-23.558","-46.635","2026-09-20T16:31:34.073018-03:00"
"2026-04-28 08:00:00","19.8","22.0","93","0.0","0.0","2","58","7.1","archive","-23.558","-46.635","2026-09-20T16:31:34.073018-03:00"
"2026-04-28 09:00:00","21.9","23.7","83","0.1","0.1","51","100","10.1","archive","-23.558","-46.635","2026-09-20T16:31:34.073018-03:00"
"2026-04-28 10:00:00","23.0","24.8","78","0.1","0.1","51","84","9.9","archive","-23.558","-46.635","2026-09-20T16:31:34.073018-03:00"
"2026-04-28 11:00:00","24.4","26.5","69","0.2","0.2","51","44","6.6","archive","-23.558","-46.635","2026-09-20T16:31:34.073018-03:00"
"2026-04-28 12:00:00","25.8","28.9","63","0.3","0.3","51","38","5.0","archive","-23.558","-46.635","2026-09-20T16:31:34.073018-03:00"
"2026-04-28 13:00:00","26.9","30.6","59","0.1","0.1","51","88","2.0","archive","-23.558","-46.635","2026-09-20T16:31:34.073018-03:00"
"2026-04-28 14:00:00","26.1","28.6","60","0.0","0.0","3","100","2.1","archive","-23.558","-46.635","2026-09-20T16:31:34.073018-03:00"
"2026-04-28 15:00:00","23.3","25.9","81","5.6","5.6","63","78","8.5","archive","-23.558","-46.635","2026-09-20T16:31:34.073018-03:00"
"2026-04-28 16:00:00","22.4","24.9","86","0.6","0.6","53","100","8.9","archive","-23.558","-46.635","2026-09-20T16:31:34.073018-03:00"
"2026-04-28 17:00:00","22.1","25.1","84","0.6","0.6","53","98","3.7","archive","-23.558","-46.635","2026-09-20T16:31:34.073018-03:00"
"2026-04-28 18:00:00","21.8","24.6","86","0.3","0.3","51","100","4.7","archive","-23.558","-46.635","2026-09-20T16:31:34.073018-03:00"
"2026-04-28 19:00:00","21.0","24.0","90","1.2","1.2","55","93","2.8","archive","-23.558","-46.635","2026-09-20T16:31:34.073018-03:00"
"2026-04-28 20:00:00","20.6","23.5","93","0.1","0.1","51","98","3.9","archive","-23.558","-46.635","2026-09-20T16:31:34.073018-03:00"
"2026-04-28 21:00:00","20.5","23.5","93","0.0","0.0","3","99","3.6","archive","-23.558","-46.635","2026-09-20T16:31:34.073018-03:00"
"2026-04-28 22:00:00","20.4","23.5","93","0.0","0.0","3","98","2.2","archive","-23.558","-46.635","2026-09-20T16:31:34.073018-03:00"
"2026-04-28 23:00:00","20.2","23.4","94","0.0","0.0","3","100","1.8","archive","-23.558","-46.635","2026-09-20T16:31:34.073018-03:00"
"2026-04-29 00:00:00","20.2","23.5","95","0.0","0.0","3","100","1.1","archive","-23.558","-46.635","2026-09-20T16:31:34.073018-03:00"
"2026-04-29 01:00:00","20.2","23.5","95","0.0","0.0","3","100","0.9","archive","-23.558","-46.635","2026-09-20T16:31:34.073018-03:00"
"2026-04-29 02:00:00","20.1","23.3","95","0.0","0.0","3","100","1.9","archive","-23.558","-46.635","2026-09-20T16:31:34.073018-03:00"
"2026-04-29 03:00:00","20.0","23.1","97","0.0","0.0","3","100","3.9","archive","-23.558","-46.635","2026-09-20T16:31:34.073018-03:00"
"2026-04-29 04:00:00","20.1","23.3","96","0.0","0.0","3","100","2.7","archive","-23.558","-46.635","2026-09-20T16:31:34.073018-03:00"
"2026-04-29 05:00:00","20.2","23.6","96","0.0","0.0","3","100","1.1","archive","-23.558","-46.635","2026-09-20T16:31:34.073018-03:00"
"2026-04-29 06:00:00","20.3","23.6","96","0.0","0.0","3","99","1.7","archive","-23.558","-46.635","2026-09-20T16:31:34.073018-03:00"
"2026-04-29 07:00:00","20.3","23.6","96","0.0","0.0","3","99","1.9","archive","-23.558","-46.635","2026-09-20T16:31:34.073018-03:00"
"2026-04-29 08:00:00","21.0","24.1","91","0.0","0.0","2","77","3.2","archive","-23.558","-46.635","2026-09-20T16:31:34.073018-03:00"
"2026-04-29 09:00:00","22.5","25.8","83","0.0","0.0","2","72","1.8","archive","-23.558","-46.635","2026-09-20T16:31:34.073018-03:00"
"2026-04-29 10:00:00","24.2","27.4","75","0.0","0.0","3","100","2.7","archive","-23.558","-46.635","2026-09-20T16:31:34.073018-03:00"
"2026-04-29 11:00:00","26.0","29.0","65","0.1","0.1","51","100","6.0","archive","-23.558","-46.635","2026-09-20T16:31:34.073018-03:00"
"2026-04-29 12:00:00","27.1","29.2","58","0.1","0.1","51","100","7.1","archive","-23.558","-46.635","2026-09-20T16:31:34.073018-03:00"
"2026-04-29 13:00:00","28.2","30.9","54","0.0","0.0","3","98","7.6","archive","-23.558","-46.635","2026-09-20T16:31:34.073018-03:00"
"2026-04-29 14:00:00","28.9","31.5","51","0.0","0.0","3","100","5.8","archive","-23.558","-46.635","2026-09-20T16:31:34.073018-03:00"
"2026-04-29 15:00:00","21.2","23.5","91","4.4","4.4","63","100","9.9","archive","-23.558","-46.635","2026-09-20T16:31:34.073018-03:00"
"2026-04-29 16:00:00","22.4","24.5","81","1.2","1.2","55","100","8.7","archive","-23.558","-46.635","2026-09-20T16:31:34.073018-03:00"
"2026-04-29 17:00:00","20.4","22.1","90","1.6","1.6","61","100","10.3","archive","-23.558","-46.635","2026-09-20T16:31:34.073018-03:00"
"2026-04-29 18:00:00","19.9","21.9","91","0.2","0.2","51","100","7.8","archive","-23.558","-46.635","2026-09-20T16:31:34.073018-03:00"
"2026-04-29 19:00:00","19.5","21.0","90","0.0","0.0","3","100","9.0","archive","-23.558","-46.635","2026-09-20T16:31:34.073018-03:00"
"2026-04-29 20:00:00","18.4","19.4","88","0.0","0.0","3","100","8.2","archive","-23.558","-46.635","2026-09-20T16:31:34.073018-03:00"
"2026-04-29 21:00:00","18.4","19.3","90","0.0","0.0","3","100","9.7","archive","-23.558","-46.635","2026-09-20T16:31:34.073018-03:00"
"2026-04-29 22:00:00","17.9","19.0","92","5.2","5.2","63","100","8.3","archive","-23.558","-46.635","2026-09-20T16:31:34.073018-03:00"
"2026-04-29 23:00:00","17.5","19.0","94","12.4","12.4","65","100","5.4","archive","-23.558","-46.635","2026-09-20T16:31:34.073018-03:00"
"2026-04-30 00:00:00","17.6","19.2","94","6.0","6.0","63","100","5.2","archive","-23.558","-46.635","2026-09-20T16:31:34.073018-03:00"
"2026-04-30 01:00:00","17.6","19.0","92","6.4","6.4","63","100","5.3","archive","-23.558","-46.635","2026-09-20T16:31:34.073018-03:00"
"2026-04-30 02:00:00","17.6","19.1","95","0.0","0.0","3","100","5.9","archive","-23.558","-46.635","2026-09-20T16:31:34.073018-03:00"
"2026-04-30 03:00:00","17.3","19.4","94","0.0","0.0","3","100","0.3","archive","-23.558","-46.635","2026-09-20T16:31:34.073018-03:00"
"2026-04-30 04:00:00","17.4","19.0","94","0.3","0.3","51","100","4.2","archive","-23.558","-46.635","2026-09-20T16:31:34.073018-03:00"
"2026-04-30 05:00:00","17.6","18.1","94","0.3","0.3","51","100","12.0","archive","-23.558","-46.635","2026-09-20T16:31:34.073018-03:00"
"2026-04-30 06:00:00","17.9","19.6","94","1.2","1.2","55","100","4.9","archive","-23.558","-46.635","2026-09-20T16:31:34.073018-03:00"
"2026-04-30 07:00:00","18.0","20.3","93","0.1","0.1","51","100","0.6","archive","-23.558","-46.635","2026-09-20T16:31:34.073018-03:00"
"2026-04-30 08:00:00","19.2","21.7","91","0.0","0.0","3","100","1.5","archive","-23.558","-46.635","2026-09-20T16:31:34.073018-03:00"
"2026-04-30 09:00:00","20.8","23.1","81","0.0","0.0","3","99","1.8","archive","-23.558","-46.635","2026-09-20T16:31:34.073018-03:00"
"2026-04-30 10:00:00","22.9","25.7","74","0.0","0.0","3","97","1.2","archive","-23.558","-46.635","2026-09-20T16:31:34.073018-03:00"
"2026-04-30 11:00:00","24.7","28.4","67","0.0","0.0","3","92","1.5","archive","-23.558","-46.635","2026-09-20T16:31:34.073018-03:00"
"2026-04-30 12:00:00","26.0","29.4","58","0.0","0.0","3","84","4.2","archive","-23.558","-46.635","2026-09-20T16:31:34.073018-03:00"
"2026-04-30 13:00:00","27.2","29.7","52","0.0","0.0","3","88","5.5","archive","-23.558","-46.635","2026-09-20T16:31:34.073018-03:00"
"2026-04-30 14:00:00","27.3","28.1","51","0.0","0.0","3","96","8.6","archive","-23.558","-46.635","2026-09-20T16:31:34.073018-03:00"
"2026-04-30 15:00:00","22.2","23.3","79","0.1","0.1","51","98","13.4","archive","-23.558","-46.635","2026-09-20T16:31:34.073018-03:00"
"2026-04-30 16:00:00","21.9","23.1","78","0.0","0.0","3","100","11.4","archive","-23.558","-46.635","2026-09-20T16:31:34.073018-03:00"
"2026-04-30 17:00:00","20.6","21.7","83","0.0","0.0","3","100","10.8","archive","-23.558","-46.635","2026-09-20T16:31:34.073018-03:00"
"2026-04-30 18:00:00","20.0","21.0","86","0.0","0.0","3","100","10.9","archive","-23.558","-46.635","2026-09-20T16:31:34.073018-03:00"
"2026-04-30 19:00:00","19.4","20.5","89","0.1","0.1","51","100","10.7","archive","-23.558","-46.635","2026-09-20T16:31:34.073018-03:00"
"2026-04-30 20:00:00","19.2","20.3","89","0.0","0.0","3","100","10.1","archive","-23.558","-46.635","2026-09-20T16:31:34.073018-03:00"
"2026-04-30 21:00:00","19.4","20.6","88","0.0","0.0","3","100","9.7","archive","-23.558","-46.635","2026-09-20T16:31:34.073018-03:00"
"2026-04-30 22:00:00","19.4","20.7","88","0.0","0.0","3","100","8.7","archive","-23.558","-46.635","2026-09-20T16:31:34.073018-03:00"
"2026-04-30 23:00:00","19.3","20.6","88","0.0","0.0","3","100","8.4","archive","-23.558","-46.635","2026-09-20T16:31:34.073018-03:00"
"2026-05-01 00:00:00","19.2","20.5","89","0.0","0.0","3","100","8.7","archive","-23.558","-46.635","2026-09-20T16:31:34.073018-03:00"
"2026-05-01 01:00:00","19.1","20.6","90","0.0","0.0","3","100","7.6","archive","-23.558","-46.635","2026-09-20T16:31:34.073018-03:00"
"2026-05-01 02:00:00","19.1","20.7","89","0.0","0.0","3","100","7.1","archive","-23.558","-46.635","2026-09-20T16:31:34.073018-03:00"
"2026-05-01 03:00:00","18.9","20.5","90","0.0","0.0","3","100","6.2","archive","-23.558","-46.635","2026-09-20T16:31:34.073018-03:00"
"2026-05-01 04:00:00","18.8","20.3","91","0.0","0.0","3","100","6.9","archive","-23.558","-46.635","2026-09-20T16:31:34.073018-03:00"
"2026-05-01 05:00:00","18.7","20.3","92","0.0","0.0","3","100","6.7","archive","-23.558","-46.635","2026-09-20T16:31:34.073018-03:00"
"2026-05-01 06:00:00","18.7","20.3","91","0.0","0.0","3","100","6.4","archive","-23.558","-46.635","2026-09-20T16:31:34.073018-03:00"
"2026-05-01 07:00:00","18.7","20.3","91","0.0","0.0","3","100","6.3","archive","-23.558","-46.635","2026-09-20T16:31:34.073018-03:00"
"2026-05-01 08:00:00","19.4","20.8","87","0.0","0.0","1","49","8.1","archive","-23.558","-46.635","2026-09-20T16:31:34.073018-03:00"
"2026-05-01 09:00:00","20.7","22.2","83","0.0","0.0","3","100","8.4","archive","-23.558","-46.635","2026-09-20T16:31:34.073018-03:00"
"2026-05-01 10:00:00","22.1","23.4","76","0.0","0.0","3","100","10.5","archive","-23.558","-46.635","2026-09-20T16:31:34.073018-03:00"
"2026-05-01 11:00:00","23.1","24.6","72","0.1","0.1","51","100","8.7","archive","-23.558","-46.635","2026-09-20T16:31:34.073018-03:00"
"2026-05-01 12:00:00","24.2","26.1","67","0.1","0.1","51","82","6.0","archive","-23.558","-46.635","2026-09-20T16:31:34.073018-03:00"
"2026-05-01 13:00:00","25.1","27.3","63","0.0","0.0","1","24","3.7","archive","-23.558","-46.635","2026-09-20T16:31:34.073018-03:00"
"2026-05-01 14:00:00","26.2","28.4","57","0.1","0.1","51","48","2.9","archive","-23.558","-46.635","2026-09-20T16:31:34.073018-03:00"
"2026-05-01 15:00:00","26.9","28.7","53","0.1","0.1","51","91","3.2","archive","-23.558","-46.635","2026-09-20T16:31:34.073018-03:00"
"2026-05-01 16:00:00","27.2","28.7","52","0.0","0.0","2","61","4.5","archive","-23.558","-46.635","2026-09-20T16:31:34.073018-03:00"
"2026-05-01 17:00:00","26.8","28.2","53","0.0","0.0","1","47","5.4","archive","-23.558","-46.635","2026-09-20T16:31:34.073018-03:00"
"2026-05-01 18:00:00","25.5","27.4","61","0.0","0.0","1","27","5.4","archive","-23.558","-46.635","2026-09-20T16:31:34.073018-03:00"
"2026-05-01 19:00:00","24.0","26.2","70","0.0","0.0","2","61","5.7","archive","-23.558","-46.635","2026-09-20T16:31:34.073018-03:00"
"2026-05-01 20:00:00","22.7","25.3","78","0.0","0.0","3","95","4.8","archive","-23.558","-46.635","2026-09-20T16:31:34.073018-03:00"
"2026-05-01 21:00:00","22.1","24.9","84","0.0","0.0","3","83","4.5","archive","-23.558","-46.635","2026-09-20T16:31:34.073018-03:00"
"2026-05-01 22:00:00","21.5","24.6","88","0.0","0.0","3","100","3.7","archive","-23.558","-46.635","2026-09-20T16:31:34.073018-03:00"
"2026-05-01 23:00:00","21.4","24.2","89","0.0","0.0","3","98","5.3","archive","-23.558","-46.635","2026-09-20T16:31:34.073018-03:00"
"2026-05-02 00:00:00","21.2","24.0","89","0.0","0.0","3","99","5.1","archive","-23.558","-46.635","2026-09-20T16:31:34.073018-03:00"
"2026-05-02 01:00:00","20.9","23.7","90","0.0","0.0","1","42","4.6","archive","-23.558","-46.635","2026-09-20T16:31:34.073018-03:00"
"2026-05-02 02:00:00","20.5","23.1","91","0.0","0.0","2","55","4.7","archive","-23.558","-46.635","2026-09-20T16:31:34.073018-03:00"
"2026-05-02 03:00:00","20.2","22.6","89","0.0","0.0","3","98","4.9","archive","-23.558","-46.635","2026-09-20T16:31:34.073018-03:00"
"2026-05-02 04:00:00","20.3","22.2","84","0.0","0.0","3","89","5.1","archive","-23.558","-46.635","2026-09-20T16:31:34.073018-03:00"
"2026-05-02 05:00:00","20.1","21.8","83","0.0","0.0","3","90","5.4","archive","-23.558","-46.635","2026-09-20T16:31:34.073018-03:00"
"2026-05-02 06:00:00","19.8","21.3","83","0.0","0.0","3","89","5.8","archive","-23.558","-46.635","2026-09-20T16:31:34.073018-03:00"
"2026-05-02 07:00:00","19.6","20.9","83","0.0","0.0","2","66","7.1","archive","-23.558","-46.635","2026-09-20T16:31:34.073018-03:00"
"2026-05-02 08:00:00","20.9","22.2","75","0.0","0.0","3","91","6.0","archive","-23.558","-46.635","2026-09-20T16:31:34.073018-03:00"
"2026-05-02 09:00:00","23.3","24.6","64","0.0","0.0","2","52","5.4","archive","-23.558","-46.635","2026-09-20T16:31:34.073018-03:00"
"2026-05-02 10:00:00","25.6","25.6","51","0.0","0.0","3","82","10.9","archive","-23.558","-46.635","2026-09-20T16:31:34.073018-03:00"
"2026-05-02 11:00:00","26.9","26.9","44","0.0","0.0","3","97","13.5","archive","-23.558","-46.635","2026-09-20T16:31:34.073018-03:00"
"2026-05-02 12:00:00","27.7","27.5","41","0.0","0.0","3","95","15.1","archive","-23.558","-46.635","2026-09-20T16:31:34.073018-03:00"
"2026-05-02 13:00:00","28.2","27.9","40","0.0","0.0","3","100","16.1","archive","-23.558","-46.635","2026-09-20T16:31:34.073018-03:00"
"2026-05-02 14:00:00","28.2","27.2","39","0.0","0.0","3","100","14.4","archive","-23.558","-46.635","2026-09-20T16:31:34.073018-03:00"
"2026-05-02 15:00:00","26.3","25.2","47","0.0","0.0","3","100","15.9","archive","-23.558","-46.635","2026-09-20T16:31:34.073018-03:00"
"2026-05-02 16:00:00","24.5","24.6","58","0.7","0.7","53","100","12.4","archive","-23.558","-46.635","2026-09-20T16:31:34.073018-03:00"
"2026-05-02 17:00:00","23.4","24.7","65","0.1","0.1","51","100","6.9","archive","-23.558","-46.635","2026-09-20T16:31:34.073018-03:00"
"2026-05-02 18:00:00","23.4","24.7","67","0.0","0.0","3","100","7.2","archive","-23.558","-46.635","2026-09-20T16:31:34.073018-03:00"
"2026-05-02 19:00:00","23.3","24.2","66","0.0","0.0","3","100","9.2","archive","-23.558","-46.635","2026-09-20T16:31:34.073018-03:00"
"2026-05-02 20:00:00","22.9","23.7","66","0.0","0.0","3","100","9.7","archive","-23.558","-46.635","2026-09-20T16:31:34.073018-03:00"
"2026-05-02 21:00:00","20.9","21.9","73","0.0","0.0","3","100","6.9","archive","-23.558","-46.635","2026-09-20T16:31:34.073018-03:00"
"2026-05-02 22:00:00","20.8","21.1","67","0.0","0.0","3","100","7.7","archive","-23.558","-46.635","2026-09-20T16:31:34.073018-03:00"
"2026-05-02 23:00:00","20.6","21.1","66","0.0","0.0","3","98","5.6","archive","-23.558","-46.635","2026-09-20T16:31:34.073018-03:00"
"2026-05-03 00:00:00","20.3","20.6","67","0.0","0.0","3","98","6.4","archive","-23.558","-46.635","2026-09-20T16:31:34.073018-03:00"
"2026-05-03 01:00:00","19.5","18.9","67","0.0","0.0","2","59","10.6","archive","-23.558","-46.635","2026-09-20T16:31:34.073018-03:00"
"2026-05-03 02:00:00","18.5","18.1","71","0.0","0.0","3","100","9.1","archive","-23.558","-46.635","2026-09-20T16:31:34.073018-03:00"
"2026-05-03 03:00:00","18.3","18.8","84","0.0","0.0","3","100","9.0","archive","-23.558","-46.635","2026-09-20T16:31:34.073018-03:00"
"2026-05-03 04:00:00","18.2","19.0","89","0.0","0.0","3","100","9.2","archive","-23.558","-46.635","2026-09-20T16:31:34.073018-03:00"
"2026-05-03 05:00:00","18.2","19.4","90","0.0","0.0","3","100","7.6","archive","-23.558","-46.635","2026-09-20T16:31:34.073018-03:00"
"2026-05-03 06:00:00","18.3","19.8","91","0.1","0.1","51","100","6.2","archive","-23.558","-46.635","2026-09-20T16:31:34.073018-03:00"
"2026-05-03 07:00:00","18.4","19.7","89","0.2","0.2","51","100","7.2","archive","-23.558","-46.635","2026-09-20T16:31:34.073018-03:00"
"2026-05-03 08:00:00","18.3","19.1","88","0.5","0.5","53","100","9.8","archive","-23.558","-46.635","2026-09-20T16:31:34.073018-03:00"
"2026-05-03 09:00:00","17.9","18.1","89","0.9","0.9","53","100","12.7","archive","-23.558","-46.635","2026-09-20T16:31:34.073018-03:00"
"2026-05-03 10:00:00","18.2","17.5","80","0.1","0.1","51","100","15.3","archive","-23.558","-46.635","2026-09-20T16:31:34.073018-03:00"
"2026-05-03 11:00:00","18.2","17.4","77","0.0","0.0","3","100","15.0","archive","-23.558","-46.635","2026-09-20T16:31:34.073018-03:00"
"2026-05-03 12:00:00","18.5","17.7","75","0.1","0.1","51","100","14.3","archive","-23.558","-46.635","2026-09-20T16:31:34.073018-03:00"
"2026-05-03 13:00:00","18.0","17.0","74","0.1","0.1","51","100","13.8","archive","-23.558","-46.635","2026-09-20T16:31:34.073018-03:00"
"2026-05-03 14:00:00","18.1","17.0","73","0.0","0.0","3","100","14.4","archive","-23.558","-46.635","2026-09-20T16:31:34.073018-03:00"
"2026-05-03 15:00:00","17.8","16.8","75","0.0","0.0","3","100","14.0","archive","-23.558","-46.635","2026-09-20T16:31:34.073018-03:00"
"2026-05-03 16:00:00","17.3","16.4","77","0.0","0.0","3","99","13.3","archive","-23.558","-46.635","2026-09-20T16:31:34.073018-03:00"
"2026-05-03 17:00:00","16.9","16.1","79","0.0","0.0","3","100","12.2","archive","-23.558","-46.635","2026-09-20T16:31:34.073018-03:00"
"2026-05-03 18:00:00","16.4","15.8","83","0.0","0.0","3","99","11.6","archive","-23.558","-46.635","2026-09-20T16:31:34.073018-03:00"
"2026-05-03 19:00:00","16.3","15.6","82","0.0","0.0","3","100","12.2","archive","-23.558","-46.635","2026-09-20T16:31:34.073018-03:00"
"2026-05-03 20:00:00","16.2","15.5","83","0.0","0.0","3","100","11.9","archive","-23.558","-46.635","2026-09-20T16:31:34.073018-03:00"
"2026-05-03 21:00:00","16.0","15.2","85","0.0","0.0","3","100","13.1","archive","-23.558","-46.635","2026-09-20T16:31:34.073018-03:00"
"2026-05-03 22:00:00","16.0","15.7","85","0.0","0.0","3","98","9.7","archive","-23.558","-46.635","2026-09-20T16:31:34.073018-03:00"
"2026-05-03 23:00:00","15.9","15.7","86","0.0","0.0","1","48","9.2","archive","-23.558","-46.635","2026-09-20T16:31:34.073018-03:00"
"2026-05-04 00:00:00","15.6","15.4","87","0.0","0.0","1","44","9.1","archive","-23.558","-46.635","2026-09-20T16:31:34.073018-03:00"
"2026-05-04 01:00:00","15.3","15.2","88","0.0","0.0","1","32","8.4","archive","-23.558","-46.635","2026-09-20T16:31:34.073018-03:00"
"2026-05-04 02:00:00","15.0","14.8","90","0.0","0.0","1","30","8.5","archive","-23.558","-46.635","2026-09-20T16:31:34.073018-03:00"
"2026-05-04 03:00:00","14.8","14.7","92","0.0","0.0","3","100","7.8","archive","-23.558","-46.635","2026-09-20T16:31:34.073018-03:00"
"2026-05-04 04:00:00","14.9","14.7","92","0.0","0.0","3","95","8.6","archive","-23.558","-46.635","2026-09-20T16:31:34.073018-03:00"
"2026-05-04 05:00:00","14.8","14.5","93","0.0","0.0","1","25","9.6","archive","-23.558","-46.635","2026-09-20T16:31:34.073018-03:00"
"2026-05-04 06:00:00","14.7","14.4","92","0.0","0.0","3","100","9.2","archive","-23.558","-46.635","2026-09-20T16:31:34.073018-03:00"
"2026-05-04 07:00:00","14.9","14.8","91","0.0","0.0","3","100","8.5","archive","-23.558","-46.635","2026-09-20T16:31:34.073018-03:00"
"2026-05-04 08:00:00","15.9","15.2","85","0.0","0.0","1","44","12.7","archive","-23.558","-46.635","2026-09-20T16:31:34.073018-03:00"
"2026-05-04 09:00:00","17.7","18.0","79","0.0","0.0","1","23","7.1","archive","-23.558","-46.635","2026-09-20T16:31:34.073018-03:00"
"2026-05-04 10:00:00","19.3","20.1","74","0.3","0.3","51","34","4.8","archive","-23.558","-46.635","2026-09-20T16:31:34.073018-03:00"
"2026-05-04 11:00:00","21.1","22.3","69","0.0","0.0","1","24","5.0","archive","-23.558","-46.635","2026-09-20T16:31:34.073018-03:00"
"2026-05-04 12:00:00","22.9","25.0","64","0.0","0.0","0","13","4.7","archive","-23.558","-46.635","2026-09-20T16:31:34.073018-03:00"
"2026-05-04 13:00:00","24.8","27.1","56","0.1","0.1","51","35","4.8","archive","-23.558","-46.635","2026-09-20T16:31:34.073018-03:00"
"2026-05-04 14:00:00","25.3","26.6","52","0.4","0.4","51","62","5.9","archive","-23.558","-46.635","2026-09-20T16:31:34.073018-03:00"
"2026-05-04 15:00:00","25.7","25.9","50","0.4","0.4","51","48","8.0","archive","-23.558","-46.635","2026-09-20T16:31:34.073018-03:00"
"2026-05-04 16:00:00","25.6","25.9","49","0.5","0.5","53","62","7.3","archive","-23.558","-46.635","2026-09-20T16:31:34.073018-03:00"
"2026-05-04 17:00:00","25.0","26.3","53","0.1","0.1","51","46","1.9","archive","-23.558","-46.635","2026-09-20T16:31:34.073018-03:00"
"2026-05-04 18:00:00","22.6","23.7","69","0.0","0.0","0","14","7.8","archive","-23.558","-46.635","2026-09-20T16:31:34.073018-03:00"
"2026-05-04 19:00:00","20.6","22.1","80","0.0","0.0","0","8","6.9","archive","-23.558","-46.635","2026-09-20T16:31:34.073018-03:00"
"2026-05-04 20:00:00","19.8","21.8","85","0.0","0.0","0","5","4.1","archive","-23.558","-46.635","2026-09-20T16:31:34.073018-03:00"
"2026-05-04 21:00:00","18.8","21.0","93","0.0","0.0","0","18","3.1","archive","-23.558","-46.635","2026-09-20T16:31:34.073018-03:00"
"2026-05-04 22:00:00","19.1","21.1","92","0.0","0.0","1","23","5.3","archive","-23.558","-46.635","2026-09-20T16:31:34.073018-03:00"
"2026-05-04 23:00:00","19.4","21.1","90","0.0","0.0","0","3","7.0","archive","-23.558","-46.635","2026-09-20T16:31:34.073018-03:00"
"2026-05-05 00:00:00","19.5","21.4","89","0.0","0.0","0","2","5.4","archive","-23.558","-46.635","2026-09-20T16:31:34.073018-03:00"
"2026-05-05 01:00:00","19.2","21.1","89","0.0","0.0","0","2","4.7","archive","-23.558","-46.635","2026-09-20T16:31:34.073018-03:00"
"2026-05-05 02:00:00","18.7","20.6","90","0.0","0.0","0","13","3.6","archive","-23.558","-46.635","2026-09-20T16:31:34.073018-03:00"
"2026-05-05 03:00:00","17.7","19.6","94","0.0","0.0","0","5","2.4","archive","-23.558","-46.635","2026-09-20T16:31:34.073018-03:00"
"2026-05-05 04:00:00","17.7","19.4","93","0.0","0.0","0","2","3.8","archive","-23.558","-46.635","2026-09-20T16:31:34.073018-03:00"
"2026-05-05 05:00:00","17.2","18.8","94","0.0","0.0","0","0","4.0","archive","-23.558","-46.635","2026-09-20T16:31:34.073018-03:00"
"2026-05-05 06:00:00","16.9","18.3","95","0.0","0.0","0","2","4.2","archive","-23.558","-46.635","2026-09-20T16:31:34.073018-03:00"
"2026-05-05 07:00:00","16.7","18.0","95","0.0","0.0","0","8","5.0","archive","-23.558","-46.635","2026-09-20T16:31:34.073018-03:00"
"2026-05-05 08:00:00","18.0","19.7","88","0.0","0.0","0","11","2.5","archive","-23.558","-46.635","2026-09-20T16:31:34.073018-03:00"
"2026-05-05 09:00:00","20.6","22.4","78","0.0","0.0","0","9","3.1","archive","-23.558","-46.635","2026-09-20T16:31:34.073018-03:00"
"2026-05-05 10:00:00","23.2","25.0","67","0.0","0.0","0","4","3.1","archive","-23.558","-46.635","2026-09-20T16:31:34.073018-03:00"
"2026-05-05 11:00:00","25.7","28.3","57","0.0","0.0","0","0","3.1","archive","-23.558","-46.635","2026-09-20T16:31:34.073018-03:00"
"2026-05-05 12:00:00","27.4","30.4","50","0.0","0.0","1","20","2.2","archive","-23.558","-46.635","2026-09-20T16:31:34.073018-03:00"
"2026-05-05 13:00:00","28.1","30.6","45","0.0","0.0","1","40","1.1","archive","-23.558","-46.635","2026-09-20T16:31:34.073018-03:00"
"2026-05-05 14:00:00","27.9","29.4","45","0.1","0.1","51","37","1.8","archive","-23.558","-46.635","2026-09-20T16:31:34.073018-03:00"
"2026-05-05 15:00:00","28.2","28.9","40","0.1","0.1","51","78","1.9","archive","-23.558","-46.635","2026-09-20T16:31:34.073018-03:00"
"2026-05-05 16:00:00","27.1","27.1","42","0.0","0.0","1","39","6.4","archive","-23.558","-46.635","2026-09-20T16:31:34.073018-03:00"
"2026-05-05 17:00:00","26.6","27.0","44","0.0","0.0","1","38","4.3","archive","-23.558","-46.635","2026-09-20T16:31:34.073018-03:00"
"2026-05-05 18:00:00","26.0","26.6","47","0.0","0.0","0","3","3.4","archive","-23.558","-46.635","2026-09-20T16:31:34.073018-03:00"
"2026-05-05 19:00:00","25.3","26.0","50","0.0","0.0","0","0","3.7","archive","-23.558","-46.635","2026-09-20T16:31:34.073018-03:00"
"2026-05-05 20:00:00","24.6","25.3","53","0.0","0.0","0","2","4.3","archive","-23.558","-46.635","2026-09-20T16:31:34.073018-03:00"
"2026-05-05 21:00:00","23.8","25.3","65","0.0","0.0","0","0","5.8","archive","-23.558","-46.635","2026-09-20T16:31:34.073018-03:00"
"2026-05-05 22:00:00","23.0","24.5","67","0.0","0.0","0","0","5.8","archive","-23.558","-46.635","2026-09-20T16:31:34.073018-03:00"
"2026-05-05 23:00:00","22.3","23.8","70","0.0","0.0","0","0","5.4","archive","-23.558","-46.635","2026-09-20T16:31:34.073018-03:00"
"2026-05-06 00:00:00","21.8","23.3","72","0.0","0.0","0","0","4.7","archive","-23.558","-46.635","2026-09-20T16:31:34.073018-03:00"
"2026-05-06 01:00:00","21.2","22.6","75","0.0","0.0","0","0","5.3","archive","-23.558","-46.635","2026-09-20T16:31:34.073018-03:00"
"2026-05-06 02:00:00","20.6","22.2","77","0.0","0.0","0","0","4.5","archive","-23.558","-46.635","2026-09-20T16:31:34.073018-03:00"
"2026-05-06 03:00:00","19.1","21.0","87","0.0","0.0","0","1","3.3","archive","-23.558","-46.635","2026-09-20T16:31:34.073018-03:00"
"2026-05-06 04:00:00","18.9","20.6","87","0.0","0.0","0","0","4.5","archive","-23.558","-46.635","2026-09-20T16:31:34.073018-03:00"
"2026-05-06 05:00:00","18.5","19.9","89","0.0","0.0","0","0","5.7","archive","-23.558","-46.635","2026-09-20T16:31:34.073018-03:00"
"2026-05-06 06:00:00","18.2","19.4","88","0.0","0.0","0","0","6.4","archive","-23.558","-46.635","2026-09-20T16:31:34.073018-03:00"
"2026-05-06 07:00:00","18.1","19.1","88","0.0","0.0","0","0","6.7","archive","-23.558","-46.635","2026-09-20T16:31:34.073018-03:00"
"2026-05-06 08:00:00","19.5","20.8","79","0.0","0.0","0","0","4.0","archive","-23.558","-46.635","2026-09-20T16:31:34.073018-03:00"
"2026-05-06 09:00:00","22.2","23.8","68","0.0","0.0","0","0","2.9","archive","-23.558","-46.635","2026-09-20T16:31:34.073018-03:00"
"2026-05-06 10:00:00","24.7","25.8","56","0.0","0.0","0","0","4.4","archive","-23.558","-46.635","2026-09-20T16:31:34.073018-03:00"
"2026-05-06 11:00:00","26.7","27.7","45","0.0","0.0","0","4","6.9","archive","-23.558","-46.635","2026-09-20T16:31:34.073018-03:00"
"2026-05-06 12:00:00","27.9","28.9","38","0.0","0.0","0","0","7.1","archive","-23.558","-46.635","2026-09-20T16:31:34.073018-03:00"
"2026-05-06 13:00:00","28.6","29.2","34","0.0","0.0","0","11","6.9","archive","-23.558","-46.635","2026-09-20T16:31:34.073018-03:00"
"2026-05-06 14:00:00","29.0","29.0","33","0.0","0.0","0","13","6.9","archive","-23.558","-46.635","2026-09-20T16:31:34.073018-03:00"
"2026-05-06 15:00:00","29.5","28.5","30","0.0","0.0","1","29","7.7","archive","-23.558","-46.635","2026-09-20T16:31:34.073018-03:00"
"2026-05-06 16:00:00","29.4","28.1","30","0.0","0.0","2","59","9.1","archive","-23.558","-46.635","2026-09-20T16:31:34.073018-03:00"
"2026-05-06 17:00:00","28.4","27.2","33","0.0","0.0","0","6","9.6","archive","-23.558","-46.635","2026-09-20T16:31:34.073018-03:00"
"2026-05-06 18:00:00","26.7","26.3","43","0.0","0.0","1","36","9.4","archive","-23.558","-46.635","2026-09-20T16:31:34.073018-03:00"
"2026-05-06 19:00:00","24.7","26.5","65","0.0","0.0","1","23","7.1","archive","-23.558","-46.635","2026-09-20T16:31:34.073018-03:00"
"2026-05-06 20:00:00","23.6","26.1","76","0.0","0.0","1","23","6.0","archive","-23.558","-46.635","2026-09-20T16:31:34.073018-03:00"
"2026-05-06 21:00:00","22.4","25.7","85","0.0","0.0","0","11","2.6","archive","-23.558","-46.635","2026-09-20T16:31:34.073018-03:00"
"2026-05-06 22:00:00","21.8","24.9","87","0.0","0.0","0","18","3.3","archive","-23.558","-46.635","2026-09-20T16:31:34.073018-03:00"
"2026-05-06 23:00:00","21.6","24.2","84","0.0","0.0","0","5","4.7","archive","-23.558","-46.635","2026-09-20T16:31:34.073018-03:00"
"2026-05-07 00:00:00","21.4","23.4","82","0.0","0.0","0","3","6.6","archive","-23.558","-46.635","2026-09-20T16:31:34.073018-03:00"
"2026-05-07 01:00:00","21.1","22.5","77","0.0","0.0","0","6","7.7","archive","-23.558","-46.635","2026-09-20T16:31:34.073018-03:00"
"2026-05-07 02:00:00","20.8","21.6","73","0.0","0.0","0","3","8.0","archive","-23.558","-46.635","2026-09-20T16:31:34.073018-03:00"
"2026-05-07 03:00:00","20.2","21.1","75","0.0","0.0","0","2","6.7","archive","-23.558","-46.635","2026-09-20T16:31:34.073018-03:00"
"2026-05-07 04:00:00","19.7","20.6","76","0.0","0.0","0","2","6.1","archive","-23.558","-46.635","2026-09-20T16:31:34.073018-03:00"
"2026-05-07 05:00:00","19.2","20.0","76","0.0","0.0","0","0","5.4","archive","-23.558","-46.635","2026-09-20T16:31:34.073018-03:00"
"2026-05-07 06:00:00","18.9","19.5","75","0.0","0.0","0","0","5.7","archive","-23.558","-46.635","2026-09-20T16:31:34.073018-03:00"
"2026-05-07 07:00:00","18.9","19.2","72","0.0","0.0","0","0","5.7","archive","-23.558","-46.635","2026-09-20T16:31:34.073018-03:00"
"2026-05-07 08:00:00","20.3","20.7","64","0.0","0.0","0","0","4.4","archive","-23.558","-46.635","2026-09-20T16:31:34.073018-03:00"
"2026-05-07 09:00:00","23.2","23.5","56","0.0","0.0","0","0","6.7","archive","-23.558","-46.635","2026-09-20T16:31:34.073018-03:00"
"2026-05-07 10:00:00","25.3","25.5","51","0.0","0.0","0","3","8.8","archive","-23.558","-46.635","2026-09-20T16:31:34.073018-03:00"
"2026-05-07 11:00:00","27.1","26.8","42","0.0","0.0","0","11","13.2","archive","-23.558","-46.635","2026-09-20T16:31:34.073018-03:00"
"2026-05-07 12:00:00","27.9","28.0","40","0.0","0.0","0","10","13.5","archive","-23.558","-46.635","2026-09-20T16:31:34.073018-03:00"
"2026-05-07 13:00:00","28.8","28.6","36","0.0","0.0","0","2","13.1","archive","-23.558","-46.635","2026-09-20T16:31:34.073018-03:00"
"2026-05-07 14:00:00","29.1","27.7","32","0.0","0.0","0","9","15.7","archive","-23.558","-46.635","2026-09-20T16:31:34.073018-03:00"
"2026-05-07 15:00:00","29.4","27.5","32","0.0","0.0","1","45","15.2","archive","-23.558","-46.635","2026-09-20T16:31:34.073018-03:00"
"2026-05-07 16:00:00","28.3","26.4","36","0.0","0.0","0","19","17.1","archive","-23.558","-46.635","2026-09-20T16:31:34.073018-03:00"
"2026-05-07 17:00:00","27.6","26.4","39","0.0","0.0","1","39","12.8","archive","-23.558","-46.635","2026-09-20T16:31:34.073018-03:00"
"2026-05-07 18:00:00","26.5","25.8","43","0.0","0.0","0","5","10.6","archive","-23.558","-46.635","2026-09-20T16:31:34.073018-03:00"
"2026-05-07 19:00:00","25.8","25.1","45","0.0","0.0","1","20","10.5","archive","-23.558","-46.635","2026-09-20T16:31:34.073018-03:00"
"2026-05-07 20:00:00","24.8","24.4","50","0.0","0.0","1","23","10.2","archive","-23.558","-46.635","2026-09-20T16:31:34.073018-03:00"
"2026-05-07 21:00:00","24.1","23.7","54","0.0","0.0","2","77","11.6","archive","-23.558","-46.635","2026-09-20T16:31:34.073018-03:00"
"2026-05-07 22:00:00","23.5","23.0","54","0.0","0.0","2","70","11.5","archive","-23.558","-46.635","2026-09-20T16:31:34.073018-03:00"
"2026-05-07 23:00:00","22.8","22.2","56","0.0","0.0","3","100","11.5","archive","-23.558","-46.635","2026-09-20T16:31:34.073018-03:00"
"2026-05-08 00:00:00","22.1","21.8","59","0.0","0.0","3","100","10.4","archive","-23.558","-46.635","2026-09-20T16:31:34.073018-03:00"
"2026-05-08 01:00:00","21.6","21.2","63","0.0","0.0","3","98","11.4","archive","-23.558","-46.635","2026-09-20T16:31:34.073018-03:00"
"2026-05-08 02:00:00","21.3","20.7","65","0.0","0.0","3","100","13.7","archive","-23.558","-46.635","2026-09-20T16:31:34.073018-03:00"
"2026-05-08 03:00:00","21.5","20.9","65","0.0","0.0","3","100","14.6","archive","-23.558","-46.635","2026-09-20T16:31:34.073018-03:00"
"2026-05-08 04:00:00","21.9","21.1","63","0.0","0.0","3","100","15.5","archive","-23.558","-46.635","2026-09-20T16:31:34.073018-03:00"
"2026-05-08 05:00:00","22.0","21.0","62","0.0","0.0","3","100","16.6","archive","-23.558","-46.635","2026-09-20T16:31:34.073018-03:00"
"2026-05-08 06:00:00","22.0","20.8","61","0.0","0.0","3","100","17.8","archive","-23.558","-46.635","2026-09-20T16:31:34.073018-03:00"
"2026-05-08 07:00:00","22.1","20.7","60","0.0","0.0","3","100","17.5","archive","-23.558","-46.635","2026-09-20T16:31:34.073018-03:00"
"2026-05-08 08:00:00","22.4","21.6","59","0.0","0.0","3","100","14.0","archive","-23.558","-46.635","2026-09-20T16:31:34.073018-03:00"
"2026-05-08 09:00:00","23.9","23.4","57","0.0","0.0","3","100","14.4","archive","-23.558","-46.635","2026-09-20T16:31:34.073018-03:00"
"2026-05-08 10:00:00","25.1","24.5","54","0.0","0.0","3","100","15.7","archive","-23.558","-46.635","2026-09-20T16:31:34.073018-03:00"
"2026-05-08 11:00:00","26.1","24.8","49","0.0","0.0","3","100","19.7","archive","-23.558","-46.635","2026-09-20T16:31:34.073018-03:00"
"2026-05-08 12:00:00","27.0","25.3","46","0.0","0.0","3","100","21.5","archive","-23.558","-46.635","2026-09-20T16:31:34.073018-03:00"
"2026-05-08 13:00:00","28.2","26.4","40","0.0","0.0","3","100","20.2","archive","-23.558","-46.635","2026-09-20T16:31:34.073018-03:00"
"2026-05-08 14:00:00","28.9","26.5","35","0.0","0.0","3","100","20.3","archive","-23.558","-46.635","2026-09-20T16:31:34.073018-03:00"
"2026-05-08 15:00:00","28.6","26.5","37","0.0","0.0","3","99","19.4","archive","-23.558","-46.635","2026-09-20T16:31:34.073018-03:00"
"2026-05-08 16:00:00","28.2","26.4","38","0.0","0.0","3","100","17.1","archive","-23.558","-46.635","2026-09-20T16:31:34.073018-03:00"
"2026-05-08 17:00:00","27.7","26.7","40","0.0","0.0","3","100","12.2","archive","-23.558","-46.635","2026-09-20T16:31:34.073018-03:00"
"2026-05-08 18:00:00","26.6","26.4","44","0.0","0.0","3","99","8.2","archive","-23.558","-46.635","2026-09-20T16:31:34.073018-03:00"
"2026-05-08 19:00:00","25.6","25.8","47","0.0","0.0","3","100","5.8","archive","-23.558","-46.635","2026-09-20T16:31:34.073018-03:00"
"2026-05-08 20:00:00","25.0","25.0","50","0.0","0.0","3","100","8.4","archive","-23.558","-46.635","2026-09-20T16:31:34.073018-03:00"
"2026-05-08 21:00:00","25.3","25.0","49","0.0","0.0","3","100","10.5","archive","-23.558","-46.635","2026-09-20T16:31:34.073018-03:00"
"2026-05-08 22:00:00","24.3","24.0","54","0.0","0.0","3","100","11.4","archive","-23.558","-46.635","2026-09-20T16:31:34.073018-03:00"
"2026-05-08 23:00:00","23.5","23.0","57","0.0","0.0","3","100","13.9","archive","-23.558","-46.635","2026-09-20T16:31:34.073018-03:00"
"2026-05-09 00:00:00","23.3","22.7","58","0.0","0.0","3","100","14.6","archive","-23.558","-46.635","2026-09-20T16:31:34.073018-03:00"
"2026-05-09 01:00:00","23.0","22.3","60","0.0","0.0","3","96","15.1","archive","-23.558","-46.635","2026-09-20T16:31:34.073018-03:00"
"2026-05-09 02:00:00","22.6","21.9","62","0.0","0.0","3","100","16.0","archive","-23.558","-46.635","2026-09-20T16:31:34.073018-03:00"
"2026-05-09 03:00:00","22.9","22.0","61","0.0","0.0","3","100","17.2","archive","-23.558","-46.635","2026-09-20T16:31:34.073018-03:00"
"2026-05-09 04:00:00","22.8","22.1","62","0.0","0.0","3","100","16.2","archive","-23.558","-46.635","2026-09-20T16:31:34.073018-03:00"
"2026-05-09 05:00:00","22.3","21.5","64","0.0","0.0","3","100","17.0","archive","-23.558","-46.635","2026-09-20T16:31:34.073018-03:00"
"2026-05-09 06:00:00","22.4","21.5","63","0.0","0.0","3","100","17.2","archive","-23.558","-46.635","2026-09-20T16:31:34.073018-03:00"
"2026-05-09 07:00:00","22.4","21.5","62","0.0","0.0","3","100","16.7","archive","-23.558","-46.635","2026-09-20T16:31:34.073018-03:00"
"2026-05-09 08:00:00","22.6","22.6","61","0.0","0.0","3","100","10.3","archive","-23.558","-46.635","2026-09-20T16:31:34.073018-03:00"
"2026-05-09 09:00:00","22.5","23.0","65","0.0","0.0","3","100","10.0","archive","-23.558","-46.635","2026-09-20T16:31:34.073018-03:00"
"2026-05-09 10:00:00","23.4","24.3","62","0.0","0.0","3","99","7.1","archive","-23.558","-46.635","2026-09-20T16:31:34.073018-03:00"
"2026-05-09 11:00:00","25.4","25.6","54","0.0","0.0","3","100","11.0","archive","-23.558","-46.635","2026-09-20T16:31:34.073018-03:00"
"2026-05-09 12:00:00","27.1","26.0","45","0.0","0.0","3","100","16.5","archive","-23.558","-46.635","2026-09-20T16:31:34.073018-03:00"
"2026-05-09 13:00:00","28.0","26.6","40","0.0","0.0","3","100","16.5","archive","-23.558","-46.635","2026-09-20T16:31:34.073018-03:00"
"2026-05-09 14:00:00","28.0","26.6","39","0.0","0.0","3","100","15.3","archive","-23.558","-46.635","2026-09-20T16:31:34.073018-03:00"
"2026-05-09 15:00:00","28.1","26.3","35","0.0","0.0","3","100","14.8","archive","-23.558","-46.635","2026-09-20T16:31:34.073018-03:00"
"2026-05-09 16:00:00","28.1","26.1","34","0.0","0.0","3","100","15.1","archive","-23.558","-46.635","2026-09-20T16:31:34.073018-03:00"
"2026-05-09 17:00:00","27.1","26.4","40","0.0","0.0","3","100","9.7","archive","-23.558","-46.635","2026-09-20T16:31:34.073018-03:00"
"2026-05-09 18:00:00","25.8","26.4","49","0.0","0.0","3","100","5.2","archive","-23.558","-46.635","2026-09-20T16:31:34.073018-03:00"
"2026-05-09 19:00:00","24.2","25.2","59","0.0","0.0","3","100","6.0","archive","-23.558","-46.635","2026-09-20T16:31:34.073018-03:00"
"2026-05-09 20:00:00","22.2","24.3","80","0.0","0.0","3","98","7.1","archive","-23.558","-46.635","2026-09-20T16:31:34.073018-03:00"
"2026-05-09 21:00:00","20.4","22.5","90","0.0","0.0","3","100","8.2","archive","-23.558","-46.635","2026-09-20T16:31:34.073018-03:00"
"2026-05-09 22:00:00","19.9","21.9","90","0.0","0.0","3","100","6.9","archive","-23.558","-46.635","2026-09-20T16:31:34.073018-03:00"
"2026-05-09 23:00:00","19.6","21.2","90","0.0","0.0","3","99","8.6","archive","-23.558","-46.635","2026-09-20T16:31:34.073018-03:00"
"2026-05-10 00:00:00","18.4","19.5","93","0.0","0.0","3","100","10.6","archive","-23.558","-46.635","2026-09-20T16:31:34.073018-03:00"
"2026-05-10 01:00:00","18.0","18.7","90","0.0","0.0","3","100","9.8","archive","-23.558","-46.635","2026-09-20T16:31:34.073018-03:00"
"2026-05-10 02:00:00","17.3","17.5","88","0.0","0.0","3","100","10.6","archive","-23.558","-46.635","2026-09-20T16:31:34.073018-03:00"
"2026-05-10 03:00:00","16.9","17.0","86","0.1","0.1","51","100","9.5","archive","-23.558","-46.635","2026-09-20T16:31:34.073018-03:00"
"2026-05-10 04:00:00","16.7","16.9","86","0.0","0.0","3","100","8.7","archive","-23.558","-46.635","2026-09-20T16:31:34.073018-03:00"
"2026-05-10 05:00:00","16.2","16.4","89","0.0","0.0","3","100","7.7","archive","-23.558","-46.635","2026-09-20T16:31:34.073018-03:00"
"2026-05-10 06:00:00","15.8","16.2","91","0.1","0.1","51","100","7.3","archive","-23.558","-46.635","2026-09-20T16:31:34.073018-03:00"
"2026-05-10 07:00:00","15.8","16.2","91","0.4","0.4","51","100","6.7","archive","-23.558","-46.635","2026-09-20T16:31:34.073018-03:00"
"2026-05-10 08:00:00","16.1","16.4","88","1.0","1.0","55","100","7.0","archive","-23.558","-46.635","2026-09-20T16:31:34.073018-03:00"
"2026-05-10 09:00:00","14.9","14.7","86","1.2","1.2","55","100","7.2","archive","-23.558","-46.635","2026-09-20T16:31:34.073018-03:00"
"2026-05-10 10:00:00","15.2","14.9","85","0.1","0.1","51","100","7.7","archive","-23.558","-46.635","2026-09-20T16:31:34.073018-03:00"
"2026-05-10 11:00:00","16.0","15.8","82","0.0","0.0","3","100","7.2","archive","-23.558","-46.635","2026-09-20T16:31:34.073018-03:00"
"2026-05-10 12:00:00","16.0","15.9","82","0.4","0.4","51","100","7.4","archive","-23.558","-46.635","2026-09-20T16:31:34.073018-03:00"
"2026-05-10 13:00:00","16.2","16.0","82","0.4","0.4","51","100","7.7","archive","-23.558","-46.635","2026-09-20T16:31:34.073018-03:00"
"2026-05-10 14:00:00","15.6","15.3","84","0.5","0.5","53","100","7.6","archive","-23.558","-46.635","2026-09-20T16:31:34.073018-03:00"
"2026-05-10 15:00:00","14.8","14.5","86","0.3","0.3","51","100","6.8","archive","-23.558","-46.635","2026-09-20T16:31:34.073018-03:00"
"2026-05-10 16:00:00","14.0","13.9","94","1.6","1.6","61","100","7.7","archive","-23.558","-46.635","2026-09-20T16:31:34.073018-03:00"
"2026-05-10 17:00:00","13.5","13.0","92","1.8","1.8","61","100","8.3","archive","-23.558","-46.635","2026-09-20T16:31:34.073018-03:00"
"2026-05-10 18:00:00","12.9","12.5","92","0.9","0.9","53","100","6.1","archive","-23.558","-46.635","2026-09-20T16:31:34.073018-03:00"
"2026-05-10 19:00:00","12.7","12.8","95","2.4","2.4","61","100","2.8","archive","-23.558","-46.635","2026-09-20T16:31:34.073018-03:00"
"2026-05-10 20:00:00","13.3","13.5","92","0.8","0.8","53","100","2.9","archive","-23.558","-46.635","2026-09-20T16:31:34.073018-03:00"
"2026-05-10 21:00:00","13.7","13.4","92","0.3","0.3","51","75","7.1","archive","-23.558","-46.635","2026-09-20T16:31:34.073018-03:00"
"2026-05-10 22:00:00","13.7","13.6","93","0.8","0.8","53","100","6.1","archive","-23.558","-46.635","2026-09-20T16:31:34.073018-03:00"
"2026-05-10 23:00:00","13.5","13.1","90","0.0","0.0","3","100","6.5","archive","-23.558","-46.635","2026-09-20T16:31:34.073018-03:00"
"2026-05-11 00:00:00","13.0","12.1","86","0.0","0.0","1","40","7.6","archive","-23.558","-46.635","2026-09-20T16:31:34.073018-03:00"
"2026-05-11 01:00:00","12.2","11.2","86","0.0","0.0","0","10","7.0","archive","-23.558","-46.635","2026-09-20T16:31:34.073018-03:00"
"2026-05-11 02:00:00","11.6","10.6","88","0.0","0.0","0","2","6.1","archive","-23.558","-46.635","2026-09-20T16:31:34.073018-03:00"
"2026-05-11 03:00:00","10.7","9.5","87","0.0","0.0","0","0","6.0","archive","-23.558","-46.635","2026-09-20T16:31:34.073018-03:00"
"2026-05-11 04:00:00","10.3","9.0","85","0.0","0.0","0","0","5.4","archive","-23.558","-46.635","2026-09-20T16:31:34.073018-03:00"
"2026-05-11 05:00:00","10.0","8.8","86","0.0","0.0","0","0","4.0","archive","-23.558","-46.635","2026-09-20T16:31:34.073018-03:00"
"2026-05-11 06:00:00","9.7","8.4","86","0.0","0.0","1","43","4.2","archive","-23.558","-46.635","2026-09-20T16:31:34.073018-03:00"
"2026-05-11 07:00:00","9.5","8.2","84","0.0","0.0","3","81","4.0","archive","-23.558","-46.635","2026-09-20T16:31:34.073018-03:00"
"2026-05-11 08:00:00","10.2","8.9","79","0.0","0.0","0","19","3.3","archive","-23.558","-46.635","2026-09-20T16:31:34.073018-03:00"
"2026-05-11 09:00:00","11.7","10.6","75","0.0","0.0","0","7","3.1","archive","-23.558","-46.635","2026-09-20T16:31:34.073018-03:00"
"2026-05-11 10:00:00","13.2","12.6","71","0.0","0.0","0","0","1.8","archive","-23.558","-46.635","2026-09-20T16:31:34.073018-03:00"
"2026-05-11 11:00:00","14.5","14.8","64","0.0","0.0","0","0","1.5","archive","-23.558","-46.635","2026-09-20T16:31:34.073018-03:00"
"2026-05-11 12:00:00","15.8","16.2","56","0.0","0.0","0","0","2.0","archive","-23.558","-46.635","2026-09-20T16:31:34.073018-03:00"
"2026-05-11 13:00:00","16.8","17.1","51","0.0","0.0","0","7","2.5","archive","-23.558","-46.635","2026-09-20T16:31:34.073018-03:00"
"2026-05-11 14:00:00","17.5","17.5","52","0.0","0.0","0","0","2.6","archive","-23.558","-46.635","2026-09-20T16:31:34.073018-03:00"
"2026-05-11 15:00:00","17.6","16.7","51","0.0","0.0","0","1","2.6","archive","-23.558","-46.635","2026-09-20T16:31:34.073018-03:00"
"2026-05-11 16:00:00","17.8","17.0","52","0.0","0.0","0","5","1.5","archive","-23.558","-46.635","2026-09-20T16:31:34.073018-03:00"
"2026-05-11 17:00:00","17.9","17.0","52","0.0","0.0","0","3","1.9","archive","-23.558","-46.635","2026-09-20T16:31:34.073018-03:00"
"2026-05-11 18:00:00","17.2","16.2","57","0.0","0.0","0","3","3.7","archive","-23.558","-46.635","2026-09-20T16:31:34.073018-03:00"
"2026-05-11 19:00:00","15.1","14.4","75","0.0","0.0","0","0","6.1","archive","-23.558","-46.635","2026-09-20T16:31:34.073018-03:00"
"2026-05-11 20:00:00","14.0","13.6","84","0.0","0.0","0","0","5.0","archive","-23.558","-46.635","2026-09-20T16:31:34.073018-03:00"
"2026-05-11 21:00:00","12.6","12.6","91","0.0","0.0","0","4","2.2","archive","-23.558","-46.635","2026-09-20T16:31:34.073018-03:00"
"2026-05-11 22:00:00","12.3","12.0","91","0.0","0.0","0","2","3.7","archive","-23.558","-46.635","2026-09-20T16:31:34.073018-03:00"
"2026-05-11 23:00:00","11.8","11.8","94","0.0","0.0","0","1","1.6","archive","-23.558","-46.635","2026-09-20T16:31:34.073018-03:00"
"2026-05-12 00:00:00","11.3","11.2","96","0.0","0.0","0","9","2.5","archive","-23.558","-46.635","2026-09-20T16:31:34.073018-03:00"
"2026-05-12 01:00:00","11.0","10.6","98","0.0","0.0","1","32","3.9","archive","-23.558","-46.635","2026-09-20T16:31:34.073018-03:00"
"2026-05-12 02:00:00","10.8","10.2","98","0.0","0.0","2","61","4.6","archive","-23.558","-46.635","2026-09-20T16:31:34.073018-03:00"
"2026-05-12 03:00:00","10.4","9.9","96","0.0","0.0","1","46","3.4","archive","-23.558","-46.635","2026-09-20T16:31:34.073018-03:00"
"2026-05-12 04:00:00","10.2","9.3","93","0.0","0.0","0","10","4.3","archive","-23.558","-46.635","2026-09-20T16:31:34.073018-03:00"
"2026-05-12 05:00:00","9.6","8.3","91","0.0","0.0","0","16","5.1","archive","-23.558","-46.635","2026-09-20T16:31:34.073018-03:00"
"2026-05-12 06:00:00","9.2","7.6","87","0.0","0.0","0","10","5.3","archive","-23.558","-46.635","2026-09-20T16:31:34.073018-03:00"
"2026-05-12 07:00:00","9.1","7.4","88","0.0","0.0","1","38","6.5","archive","-23.558","-46.635","2026-09-20T16:31:34.073018-03:00"
"2026-05-12 08:00:00","10.0","8.6","87","0.0","0.0","2","66","6.0","archive","-23.558","-46.635","2026-09-20T16:31:34.073018-03:00"
"2026-05-12 09:00:00","12.1","10.7","82","0.0","0.0","2","52","7.8","archive","-23.558","-46.635","2026-09-20T16:31:34.073018-03:00"
"2026-05-12 10:00:00","13.6","12.2","77","0.0","0.0","2","52","8.6","archive","-23.558","-46.635","2026-09-20T16:31:34.073018-03:00"
"2026-05-12 11:00:00","15.3","14.9","71","0.0","0.0","0","15","7.3","archive","-23.558","-46.635","2026-09-20T16:31:34.073018-03:00"
"2026-05-12 12:00:00","16.9","17.1","63","0.0","0.0","0","4","6.4","archive","-23.558","-46.635","2026-09-20T16:31:34.073018-03:00"
"2026-05-12 13:00:00","18.2","18.5","55","0.0","0.0","0","1","5.9","archive","-23.558","-46.635","2026-09-20T16:31:34.073018-03:00"
"2026-05-12 14:00:00","19.2","19.3","50","0.0","0.0","0","0","4.1","archive","-23.558","-46.635","2026-09-20T16:31:34.073018-03:00"
"2026-05-12 15:00:00","20.2","19.0","42","0.0","0.0","0","0","3.1","archive","-23.558","-46.635","2026-09-20T16:31:34.073018-03:00"
"2026-05-12 16:00:00","20.3","19.2","42","0.0","0.0","0","0","2.1","archive","-23.558","-46.635","2026-09-20T16:31:34.073018-03:00"
"2026-05-12 17:00:00","19.6","19.1","51","0.0","0.0","0","0","1.6","archive","-23.558","-46.635","2026-09-20T16:31:34.073018-03:00"
"2026-05-12 18:00:00","17.9","17.4","58","0.0","0.0","0","0","2.2","archive","-23.558","-46.635","2026-09-20T16:31:34.073018-03:00"
"2026-05-12 19:00:00","16.4","15.9","68","0.0","0.0","0","0","3.8","archive","-23.558","-46.635","2026-09-20T16:31:34.073018-03:00"
"2026-05-12 20:00:00","15.4","15.3","78","0.0","0.0","0","0","4.4","archive","-23.558","-46.635","2026-09-20T16:31:34.073018-03:00"
"2026-05-12 21:00:00","14.4","14.8","90","0.0","0.0","0","0","2.7","archive","-23.558","-46.635","2026-09-20T16:31:34.073018-03:00"
"2026-05-12 22:00:00","13.8","14.2","90","0.0","0.0","0","0","2.2","archive","-23.558","-46.635","2026-09-20T16:31:34.073018-03:00"
"2026-05-12 23:00:00","13.5","13.9","90","0.0","0.0","0","0","0.9","archive","-23.558","-46.635","2026-09-20T16:31:34.073018-03:00"
"2026-05-13 00:00:00","13.0","13.3","91","0.0","0.0","0","13","0.7","archive","-23.558","-46.635","2026-09-20T16:31:34.073018-03:00"
"2026-05-13 01:00:00","12.2","12.2","94","0.0","0.0","1","41","2.0","archive","-23.558","-46.635","2026-09-20T16:31:34.073018-03:00"
"2026-05-13 02:00:00","11.0","10.6","100","0.0","0.0","3","100","4.2","archive","-23.558","-46.635","2026-09-20T16:31:34.073018-03:00"
"2026-05-13 03:00:00","10.5","10.2","100","0.0","0.0","3","100","2.7","archive","-23.558","-46.635","2026-09-20T16:31:34.073018-03:00"
"2026-05-13 04:00:00","10.1","9.6","96","0.0","0.0","3","100","2.5","archive","-23.558","-46.635","2026-09-20T16:31:34.073018-03:00"
"2026-05-13 05:00:00","9.8","9.1","93","0.0","0.0","3","100","2.1","archive","-23.558","-46.635","2026-09-20T16:31:34.073018-03:00"
"2026-05-13 06:00:00","9.7","8.9","92","0.0","0.0","3","100","2.3","archive","-23.558","-46.635","2026-09-20T16:31:34.073018-03:00"
"2026-05-13 07:00:00","9.7","8.9","91","0.0","0.0","3","100","2.2","archive","-23.558","-46.635","2026-09-20T16:31:34.073018-03:00"
"2026-05-13 08:00:00","10.3","9.7","92","0.0","0.0","3","100","1.9","archive","-23.558","-46.635","2026-09-20T16:31:34.073018-03:00"
"2026-05-13 09:00:00","11.9","11.7","91","0.0","0.0","3","98","2.0","archive","-23.558","-46.635","2026-09-20T16:31:34.073018-03:00"
"2026-05-13 10:00:00","14.9","15.5","83","0.0","0.0","3","83","0.2","archive","-23.558","-46.635","2026-09-20T16:31:34.073018-03:00"
"2026-05-13 11:00:00","18.6","19.8","68","0.0","0.0","1","26","1.3","archive","-23.558","-46.635","2026-09-20T16:31:34.073018-03:00"
"2026-05-13 12:00:00","21.4","22.8","54","0.0","0.0","2","57","3.3","archive","-23.558","-46.635","2026-09-20T16:31:34.073018-03:00"
"2026-05-13 13:00:00","22.9","23.7","45","0.0","0.0","3","95","4.3","archive","-23.558","-46.635","2026-09-20T16:31:34.073018-03:00"
"2026-05-13 14:00:00","23.4","23.0","41","0.0","0.0","3","95","4.5","archive","-23.558","-46.635","2026-09-20T16:31:34.073018-03:00"
"2026-05-13 15:00:00","23.6","22.2","35","0.0","0.0","3","100","4.4","archive","-23.558","-46.635","2026-09-20T16:31:34.073018-03:00"
"2026-05-13 16:00:00","23.3","21.8","36","0.0","0.0","3","100","4.9","archive","-23.558","-46.635","2026-09-20T16:31:34.073018-03:00"
"2026-05-13 17:00:00","22.1","22.0","50","0.0","0.0","3","100","2.5","archive","-23.558","-46.635","2026-09-20T16:31:34.073018-03:00"
"2026-05-13 18:00:00","19.5","19.1","60","0.0","0.0","3","100","5.5","archive","-23.558","-46.635","2026-09-20T16:31:34.073018-03:00"
"2026-05-13 19:00:00","17.8","17.9","73","0.0","0.0","3","100","5.6","archive","-23.558","-46.635","2026-09-20T16:31:34.073018-03:00"
"2026-05-13 20:00:00","16.8","17.3","80","0.0","0.0","3","100","3.6","archive","-23.558","-46.635","2026-09-20T16:31:34.073018-03:00"
"2026-05-13 21:00:00","16.4","17.0","80","0.0","0.0","3","98","2.6","archive","-23.558","-46.635","2026-09-20T16:31:34.073018-03:00"
"2026-05-13 22:00:00","16.0","16.6","82","0.0","0.0","3","100","2.5","archive","-23.558","-46.635","2026-09-20T16:31:34.073018-03:00"
"2026-05-13 23:00:00","15.5","16.1","85","0.0","0.0","2","77","2.0","archive","-23.558","-46.635","2026-09-20T16:31:34.073018-03:00"
"2026-05-14 00:00:00","14.9","15.6","87","0.0","0.0","3","94","1.5","archive","-23.558","-46.635","2026-09-20T16:31:34.073018-03:00"
"2026-05-14 01:00:00","14.6","15.3","88","0.0","0.0","3","100","1.0","archive","-23.558","-46.635","2026-09-20T16:31:34.073018-03:00"
"2026-05-14 02:00:00","14.3","14.9","90","0.0","0.0","3","99","1.2","archive","-23.558","-46.635","2026-09-20T16:31:34.073018-03:00"
"2026-05-14 03:00:00","13.9","14.5","92","0.0","0.0","3","100","1.7","archive","-23.558","-46.635","2026-09-20T16:31:34.073018-03:00"
"2026-05-14 04:00:00","13.7","14.1","93","0.0","0.0","3","96","2.8","archive","-23.558","-46.635","2026-09-20T16:31:34.073018-03:00"
"2026-05-14 05:00:00","13.6","13.9","93","0.0","0.0","3","95","2.9","archive","-23.558","-46.635","2026-09-20T16:31:34.073018-03:00"
"2026-05-14 06:00:00","13.3","13.6","93","0.0","0.0","1","48","2.8","archive","-23.558","-46.635","2026-09-20T16:31:34.073018-03:00"
"2026-05-14 07:00:00","13.3","13.5","93","0.0","0.0","1","38","2.9","archive","-23.558","-46.635","2026-09-20T16:31:34.073018-03:00"
"2026-05-14 08:00:00","14.7","15.2","89","0.0","0.0","2","79","3.1","archive","-23.558","-46.635","2026-09-20T16:31:34.073018-03:00"
"2026-05-14 09:00:00","15.4","16.2","90","0.0","0.0","3","92","3.1","archive","-23.558","-46.635","2026-09-20T16:31:34.073018-03:00"
"2026-05-14 10:00:00","17.8","19.1","82","0.0","0.0","3","80","1.6","archive","-23.558","-46.635","2026-09-20T16:31:34.073018-03:00"
"2026-05-14 11:00:00","20.8","22.8","67","0.0","0.0","2","66","0.2","archive","-23.558","-46.635","2026-09-20T16:31:34.073018-03:00"
"2026-05-14 12:00:00","23.0","24.7","51","0.0","0.0","2","66","1.7","archive","-23.558","-46.635","2026-09-20T16:31:34.073018-03:00"
"2026-05-14 13:00:00","24.2","25.3","46","0.0","0.0","3","99","3.8","archive","-23.558","-46.635","2026-09-20T16:31:34.073018-03:00"
"2026-05-14 14:00:00","24.8","24.7","42","0.0","0.0","3","98","4.8","archive","-23.558","-46.635","2026-09-20T16:31:34.073018-03:00"
"2026-05-14 15:00:00","25.1","24.2","40","0.0","0.0","3","91","7.1","archive","-23.558","-46.635","2026-09-20T16:31:34.073018-03:00"
"2026-05-14 16:00:00","24.9","23.2","38","0.0","0.0","3","100","10.5","archive","-23.558","-46.635","2026-09-20T16:31:34.073018-03:00"
"2026-05-14 17:00:00","23.8","22.4","42","0.0","0.0","2","73","9.3","archive","-23.558","-46.635","2026-09-20T16:31:34.073018-03:00"
"2026-05-14 18:00:00","21.4","21.5","56","0.0","0.0","3","82","3.7","archive","-23.558","-46.635","2026-09-20T16:31:34.073018-03:00"
"2026-05-14 19:00:00","19.7","20.1","70","0.0","0.0","2","73","6.5","archive","-23.558","-46.635","2026-09-20T16:31:34.073018-03:00"
"2026-05-14 20:00:00","17.9","19.1","91","0.0","0.0","3","90","6.6","archive","-23.558","-46.635","2026-09-20T16:31:34.073018-03:00"
"2026-05-14 21:00:00","17.6","19.4","94","0.0","0.0","3","100","3.4","archive","-23.558","-46.635","2026-09-20T16:31:34.073018-03:00"
"2026-05-14 22:00:00","17.3","19.1","94","0.0","0.0","3","100","2.7","archive","-23.558","-46.635","2026-09-20T16:31:34.073018-03:00"
"2026-05-14 23:00:00","17.2","18.9","93","0.0","0.0","3","98","2.2","archive","-23.558","-46.635","2026-09-20T16:31:34.073018-03:00"
"2026-05-15 00:00:00","16.9","18.9","94","0.0","0.0","3","100","0.3","archive","-23.558","-46.635","2026-09-20T16:31:34.073018-03:00"
"2026-05-15 01:00:00","16.9","18.6","93","0.0","0.0","3","97","1.7","archive","-23.558","-46.635","2026-09-20T16:31:34.073018-03:00"
"2026-05-15 02:00:00","16.6","18.4","94","0.0","0.0","3","100","1.1","archive","-23.558","-46.635","2026-09-20T16:31:34.073018-03:00"
"2026-05-15 03:00:00","16.5","18.1","95","0.0","0.0","3","100","2.0","archive","-23.558","-46.635","2026-09-20T16:31:34.073018-03:00"
"2026-05-15 04:00:00","16.4","17.9","93","0.0","0.0","3","100","2.2","archive","-23.558","-46.635","2026-09-20T16:31:34.073018-03:00"
"2026-05-15 05:00:00","16.3","17.9","93","0.0","0.0","3","94","0.7","archive","-23.558","-46.635","2026-09-20T16:31:34.073018-03:00"
"2026-05-15 06:00:00","16.2","17.7","95","0.0","0.0","3","98","1.5","archive","-23.558","-46.635","2026-09-20T16:31:34.073018-03:00"
"2026-05-15 07:00:00","15.9","17.5","97","0.0","0.0","3","100","1.8","archive","-23.558","-46.635","2026-09-20T16:31:34.073018-03:00"
"2026-05-15 08:00:00","17.1","18.5","86","0.0","0.0","3","100","1.3","archive","-23.558","-46.635","2026-09-20T16:31:34.073018-03:00"
"2026-05-15 09:00:00","17.2","18.5","85","0.1","0.1","51","100","1.9","archive","-23.558","-46.635","2026-09-20T16:31:34.073018-03:00"
"2026-05-15 10:00:00","17.7","18.5","82","0.9","0.9","53","100","4.5","archive","-23.558","-46.635","2026-09-20T16:31:34.073018-03:00"
"2026-05-15 11:00:00","18.4","19.3","76","0.6","0.6","53","100","3.1","archive","-23.558","-46.635","2026-09-20T16:31:34.073018-03:00"
"2026-05-15 12:00:00","17.8","18.8","86","2.1","2.1","61","99","5.2","archive","-23.558","-46.635","2026-09-20T16:31:34.073018-03:00"
"2026-05-15 13:00:00","19.1","19.9","78","0.5","0.5","53","100","6.1","archive","-23.558","-46.635","2026-09-20T16:31:34.073018-03:00"
"2026-05-15 14:00:00","19.0","19.9","80","0.2","0.2","51","100","6.7","archive","-23.558","-46.635","2026-09-20T16:31:34.073018-03:00"
"2026-05-15 15:00:00","19.0","20.0","80","0.0","0.0","3","100","5.9","archive","-23.558","-46.635","2026-09-20T16:31:34.073018-03:00"
"2026-05-15 16:00:00","18.4","19.5","86","1.1","1.1","55","100","6.3","archive","-23.558","-46.635","2026-09-20T16:31:34.073018-03:00"
"2026-05-15 17:00:00","17.8","19.4","92","1.4","1.4","61","100","4.8","archive","-23.558","-46.635","2026-09-20T16:31:34.073018-03:00"
"2026-05-15 18:00:00","17.6","19.1","93","0.5","0.5","53","100","4.9","archive","-23.558","-46.635","2026-09-20T16:31:34.073018-03:00"
"2026-05-15 19:00:00","17.4","19.0","94","0.2","0.2","51","99","3.5","archive","-23.558","-46.635","2026-09-20T16:31:34.073018-03:00"
"2026-05-15 20:00:00","17.2","19.0","95","0.4","0.4","51","97","2.5","archive","-23.558","-46.635","2026-09-20T16:31:34.073018-03:00"
"2026-05-15 21:00:00","17.8","19.9","93","0.4","0.4","51","80","1.4","archive","-23.558","-46.635","2026-09-20T16:31:34.073018-03:00"
"2026-05-15 22:00:00","17.2","19.0","97","0.5","0.5","53","28","3.8","archive","-23.558","-46.635","2026-09-20T16:31:34.073018-03:00"
"2026-05-15 23:00:00","16.5","17.9","97","0.0","0.0","0","2","4.3","archive","-23.558","-46.635","2026-09-20T16:31:34.073018-03:00"
"2026-05-16 00:00:00","15.8","17.0","97","0.0","0.0","0","3","3.8","archive","-23.558","-46.635","2026-09-20T16:31:34.073018-03:00"
"2026-05-16 01:00:00","15.5","16.4","96","0.0","0.0","0","2","4.4","archive","-23.558","-46.635","2026-09-20T16:31:34.073018-03:00"
"2026-05-16 02:00:00","15.2","16.2","95","0.0","0.0","0","1","2.6","archive","-23.558","-46.635","2026-09-20T16:31:34.073018-03:00"
"2026-05-16 03:00:00","14.6","15.7","100","0.0","0.0","0","14","2.6","archive","-23.558","-46.635","2026-09-20T16:31:34.073018-03:00"
"2026-05-16 04:00:00","14.3","15.4","100","0.0","0.0","3","100","1.8","archive","-23.558","-46.635","2026-09-20T16:31:34.073018-03:00"
"2026-05-16 05:00:00","14.4","15.6","99","0.0","0.0","3","100","1.3","archive","-23.558","-46.635","2026-09-20T16:31:34.073018-03:00"
"2026-05-16 06:00:00","14.4","15.5","100","0.0","0.0","3","100","1.9","archive","-23.558","-46.635","2026-09-20T16:31:34.073018-03:00"
"2026-05-16 07:00:00","14.3","15.4","100","0.0","0.0","3","100","2.4","archive","-23.558","-46.635","2026-09-20T16:31:34.073018-03:00"
"2026-05-16 08:00:00","14.5","15.6","99","0.0","0.0","3","98","2.6","archive","-23.558","-46.635","2026-09-20T16:31:34.073018-03:00"
"2026-05-16 09:00:00","16.2","17.6","94","0.0","0.0","2","79","2.6","archive","-23.558","-46.635","2026-09-20T16:31:34.073018-03:00"
"2026-05-16 10:00:00","18.5","20.4","85","0.0","0.0","1","48","1.3","archive","-23.558","-46.635","2026-09-20T16:31:34.073018-03:00"
"2026-05-16 11:00:00","20.7","22.9","78","0.0","0.0","1","46","0.7","archive","-23.558","-46.635","2026-09-20T16:31:34.073018-03:00"
"2026-05-16 12:00:00","22.5","24.9","72","0.0","0.0","2","56","2.7","archive","-23.558","-46.635","2026-09-20T16:31:34.073018-03:00"
"2026-05-16 13:00:00","23.9","26.0","65","0.0","0.0","1","32","5.3","archive","-23.558","-46.635","2026-09-20T16:31:34.073018-03:00"
"2026-05-16 14:00:00","24.7","26.3","60","0.0","0.0","1","22","7.3","archive","-23.558","-46.635","2026-09-20T16:31:34.073018-03:00"
"2026-05-16 15:00:00","25.0","25.9","55","0.0","0.0","1","31","6.1","archive","-23.558","-46.635","2026-09-20T16:31:34.073018-03:00"
"2026-05-16 16:00:00","25.2","25.6","53","0.0","0.0","1","25","7.7","archive","-23.558","-46.635","2026-09-20T16:31:34.073018-03:00"
"2026-05-16 17:00:00","22.1","23.0","67","0.3","0.3","51","54","6.6","archive","-23.558","-46.635","2026-09-20T16:31:34.073018-03:00"
"2026-05-16 18:00:00","21.3","23.3","76","0.1","0.1","51","51","2.7","archive","-23.558","-46.635","2026-09-20T16:31:34.073018-03:00"
"2026-05-16 19:00:00","19.7","20.4","81","0.1","0.1","51","75","10.0","archive","-23.558","-46.635","2026-09-20T16:31:34.073018-03:00"
"2026-05-16 20:00:00","17.9","19.6","93","2.0","2.0","61","50","4.3","archive","-23.558","-46.635","2026-09-20T16:31:34.073018-03:00"
"2026-05-16 21:00:00","17.9","18.9","94","0.0","0.0","3","87","9.5","archive","-23.558","-46.635","2026-09-20T16:31:34.073018-03:00"
"2026-05-16 22:00:00","17.8","19.6","95","4.3","4.3","63","98","4.3","archive","-23.558","-46.635","2026-09-20T16:31:34.073018-03:00"
"2026-05-16 23:00:00","17.8","19.5","95","0.8","0.8","53","99","5.6","archive","-23.558","-46.635","2026-09-20T16:31:34.073018-03:00"
"2026-05-17 00:00:00","17.8","19.9","97","0.5","0.5","53","98","2.6","archive","-23.558","-46.635","2026-09-20T16:31:34.073018-03:00"
"2026-05-17 01:00:00","17.4","19.0","97","0.1","0.1","51","77","6.1","archive","-23.558","-46.635","2026-09-20T16:31:34.073018-03:00"
"2026-05-17 02:00:00","17.1","18.6","96","0.0","0.0","2","60","5.4","archive","-23.558","-46.635","2026-09-20T16:31:34.073018-03:00"
"2026-05-17 03:00:00","17.9","20.0","98","0.0","0.0","3","97","3.3","archive","-23.558","-46.635","2026-09-20T16:31:34.073018-03:00"
"2026-05-17 04:00:00","17.7","19.9","98","0.0","0.0","3","100","3.1","archive","-23.558","-46.635","2026-09-20T16:31:34.073018-03:00"
"2026-05-17 05:00:00","17.8","20.1","98","0.1","0.1","51","100","2.7","archive","-23.558","-46.635","2026-09-20T16:31:34.073018-03:00"
"2026-05-17 06:00:00","17.8","19.8","98","0.2","0.2","51","100","4.8","archive","-23.558","-46.635","2026-09-20T16:31:34.073018-03:00"
"2026-05-17 07:00:00","17.8","19.7","98","0.2","0.2","51","100","5.4","archive","-23.558","-46.635","2026-09-20T16:31:34.073018-03:00"
"2026-05-17 08:00:00","18.4","20.4","96","0.2","0.2","51","99","5.6","archive","-23.558","-46.635","2026-09-20T16:31:34.073018-03:00"
"2026-05-17 09:00:00","19.4","21.1","85","0.0","0.0","3","100","4.7","archive","-23.558","-46.635","2026-09-20T16:31:34.073018-03:00"
"2026-05-17 10:00:00","20.0","21.6","81","0.0","0.0","3","99","4.5","archive","-23.558","-46.635","2026-09-20T16:31:34.073018-03:00"
"2026-05-17 11:00:00","21.4","23.1","75","0.0","0.0","3","98","4.2","archive","-23.558","-46.635","2026-09-20T16:31:34.073018-03:00"
"2026-05-17 12:00:00","22.2","24.1","72","0.0","0.0","3","100","4.0","archive","-23.558","-46.635","2026-09-20T16:31:34.073018-03:00"
"2026-05-17 13:00:00","22.7","24.5","71","0.0","0.0","3","100","4.6","archive","-23.558","-46.635","2026-09-20T16:31:34.073018-03:00"
"2026-05-17 14:00:00","21.9","23.7","75","0.2","0.2","51","100","5.3","archive","-23.558","-46.635","2026-09-20T16:31:34.073018-03:00"
"2026-05-17 15:00:00","21.5","23.0","73","0.3","0.3","51","100","4.7","archive","-23.558","-46.635","2026-09-20T16:31:34.073018-03:00"
"2026-05-17 16:00:00","20.3","21.3","82","1.0","1.0","55","100","10.6","archive","-23.558","-46.635","2026-09-20T16:31:34.073018-03:00"
"2026-05-17 17:00:00","18.1","19.0","94","3.4","3.4","63","100","10.6","archive","-23.558","-46.635","2026-09-20T16:31:34.073018-03:00"
"2026-05-17 18:00:00","17.8","18.6","92","1.8","1.8","61","100","9.6","archive","-23.558","-46.635","2026-09-20T16:31:34.073018-03:00"
"2026-05-17 19:00:00","17.3","17.7","93","2.1","2.1","61","100","10.9","archive","-23.558","-46.635","2026-09-20T16:31:34.073018-03:00"
"2026-05-17 20:00:00","17.4","18.3","94","0.7","0.7","53","100","8.2","archive","-23.558","-46.635","2026-09-20T16:31:34.073018-03:00"
"2026-05-17 21:00:00","17.8","19.1","94","0.2","0.2","51","99","7.4","archive","-23.558","-46.635","2026-09-20T16:31:34.073018-03:00"
"2026-05-17 22:00:00","17.3","19.3","95","0.1","0.1","51","89","2.1","archive","-23.558","-46.635","2026-09-20T16:31:34.073018-03:00"
"2026-05-17 23:00:00","17.1","19.2","96","0.1","0.1","51","87","1.2","archive","-23.558","-46.635","2026-09-20T16:31:34.073018-03:00"
"2026-05-18 00:00:00","16.8","18.3","96","0.0","0.0","3","98","4.0","archive","-23.558","-46.635","2026-09-20T16:31:34.073018-03:00"
"2026-05-18 01:00:00","16.6","17.9","95","0.0","0.0","3","99","5.1","archive","-23.558","-46.635","2026-09-20T16:31:34.073018-03:00"
"2026-05-18 02:00:00","16.4","18.0","96","0.2","0.2","51","99","2.4","archive","-23.558","-46.635","2026-09-20T16:31:34.073018-03:00"
"2026-05-18 03:00:00","16.7","18.2","97","0.0","0.0","3","80","3.9","archive","-23.558","-46.635","2026-09-20T16:31:34.073018-03:00"
"2026-05-18 04:00:00","16.3","17.5","97","0.0","0.0","3","80","5.0","archive","-23.558","-46.635","2026-09-20T16:31:34.073018-03:00"
"2026-05-18 05:00:00","16.0","17.3","97","0.0","0.0","3","95","3.4","archive","-23.558","-46.635","2026-09-20T16:31:34.073018-03:00"
"2026-05-18 06:00:00","16.0","17.2","96","0.0","0.0","3","98","4.4","archive","-23.558","-46.635","2026-09-20T16:31:34.073018-03:00"
"2026-05-18 07:00:00","16.2","17.1","95","0.0","0.0","3","100","6.6","archive","-23.558","-46.635","2026-09-20T16:31:34.073018-03:00"
"2026-05-18 08:00:00","16.7","17.2","93","0.1","0.1","51","100","9.3","archive","-23.558","-46.635","2026-09-20T16:31:34.073018-03:00"
"2026-05-18 09:00:00","18.3","19.4","89","0.3","0.3","51","100","7.2","archive","-23.558","-46.635","2026-09-20T16:31:34.073018-03:00"
"2026-05-18 10:00:00","18.7","19.6","85","0.1","0.1","51","100","8.3","archive","-23.558","-46.635","2026-09-20T16:31:34.073018-03:00"
"2026-05-18 11:00:00","19.7","20.5","79","0.1","0.1","51","100","8.1","archive","-23.558","-46.635","2026-09-20T16:31:34.073018-03:00"
"2026-05-18 12:00:00","20.2","21.1","77","0.1","0.1","51","100","7.9","archive","-23.558","-46.635","2026-09-20T16:31:34.073018-03:00"
"2026-05-18 13:00:00","20.0","21.2","79","0.2","0.2","51","99","6.5","archive","-23.558","-46.635","2026-09-20T16:31:34.073018-03:00"
"2026-05-18 14:00:00","19.8","21.1","81","0.7","0.7","53","100","6.2","archive","-23.558","-46.635","2026-09-20T16:31:34.073018-03:00"
"2026-05-18 15:00:00","19.2","20.5","83","0.7","0.7","53","100","5.9","archive","-23.558","-46.635","2026-09-20T16:31:34.073018-03:00"
"2026-05-18 16:00:00","18.6","19.8","87","0.1","0.1","51","100","6.7","archive","-23.558","-46.635","2026-09-20T16:31:34.073018-03:00"
"2026-05-18 17:00:00","18.3","19.5","88","0.0","0.0","3","100","6.7","archive","-23.558","-46.635","2026-09-20T16:31:34.073018-03:00"
"2026-05-18 18:00:00","18.0","19.1","91","0.0","0.0","3","100","7.2","archive","-23.558","-46.635","2026-09-20T16:31:34.073018-03:00"
"2026-05-18 19:00:00","17.7","19.0","92","0.0","0.0","3","100","6.1","archive","-23.558","-46.635","2026-09-20T16:31:34.073018-03:00"
"2026-05-18 20:00:00","17.6","18.8","92","0.0","0.0","3","100","6.0","archive","-23.558","-46.635","2026-09-20T16:31:34.073018-03:00"
"2026-05-18 21:00:00","17.1","18.1","92","0.1","0.1","51","100","6.0","archive","-23.558","-46.635","2026-09-20T16:31:34.073018-03:00"
"2026-05-18 22:00:00","17.0","17.8","91","0.4","0.4","51","100","7.1","archive","-23.558","-46.635","2026-09-20T16:31:34.073018-03:00"
"2026-05-18 23:00:00","16.5","17.5","95","1.2","1.2","55","100","6.3","archive","-23.558","-46.635","2026-09-20T16:31:34.073018-03:00"
"2026-05-19 00:00:00","16.4","17.5","96","0.1","0.1","51","100","5.8","archive","-23.558","-46.635","2026-09-20T16:31:34.073018-03:00"
"2026-05-19 01:00:00","16.3","17.5","96","0.1","0.1","51","100","5.0","archive","-23.558","-46.635","2026-09-20T16:31:34.073018-03:00"
"2026-05-19 02:00:00","16.3","17.3","95","0.1","0.1","51","100","5.6","archive","-23.558","-46.635","2026-09-20T16:31:34.073018-03:00"
"2026-05-19 03:00:00","15.7","16.8","97","0.1","0.1","51","100","4.5","archive","-23.558","-46.635","2026-09-20T16:31:34.073018-03:00"
"2026-05-19 04:00:00","15.7","16.8","97","0.1","0.1","51","100","4.1","archive","-23.558","-46.635","2026-09-20T16:31:34.073018-03:00"
"2026-05-19 05:00:00","15.6","16.7","97","0.1","0.1","51","100","4.1","archive","-23.558","-46.635","2026-09-20T16:31:34.073018-03:00"
"2026-05-19 06:00:00","15.7","16.8","97","0.0","0.0","3","100","4.0","archive","-23.558","-46.635","2026-09-20T16:31:34.073018-03:00"
"2026-05-19 07:00:00","15.7","16.8","97","0.0","0.0","3","100","4.3","archive","-23.558","-46.635","2026-09-20T16:31:34.073018-03:00"
"2026-05-19 08:00:00","15.7","16.8","96","0.0","0.0","3","100","4.2","archive","-23.558","-46.635","2026-09-20T16:31:34.073018-03:00"
"2026-05-19 09:00:00","16.6","17.8","91","0.0","0.0","3","99","3.8","archive","-23.558","-46.635","2026-09-20T16:31:34.073018-03:00"
"2026-05-19 10:00:00","17.3","18.3","88","1.5","1.5","61","100","5.5","archive","-23.558","-46.635","2026-09-20T16:31:34.073018-03:00"
"2026-05-19 11:00:00","18.0","19.4","83","0.5","0.5","53","100","2.5","archive","-23.558","-46.635","2026-09-20T16:31:34.073018-03:00"
"2026-05-19 12:00:00","18.6","19.9","81","0.4","0.4","51","100","2.4","archive","-23.558","-46.635","2026-09-20T16:31:34.073018-03:00"
"2026-05-19 13:00:00","18.5","19.8","81","0.1","0.1","51","100","2.9","archive","-23.558","-46.635","2026-09-20T16:31:34.073018-03:00"
"2026-05-19 14:00:00","19.0","20.2","79","0.0","0.0","3","100","3.3","archive","-23.558","-46.635","2026-09-20T16:31:34.073018-03:00"
"2026-05-19 15:00:00","18.3","18.8","80","0.0","0.0","3","100","7.7","archive","-23.558","-46.635","2026-09-20T16:31:34.073018-03:00"
"2026-05-19 16:00:00","17.7","18.2","83","0.1","0.1","51","100","7.8","archive","-23.558","-46.635","2026-09-20T16:31:34.073018-03:00"
"2026-05-19 17:00:00","17.0","17.5","86","0.0","0.0","3","100","7.3","archive","-23.558","-46.635","2026-09-20T16:31:34.073018-03:00"
"2026-05-19 18:00:00","16.6","17.0","87","0.0","0.0","3","100","6.9","archive","-23.558","-46.635","2026-09-20T16:31:34.073018-03:00"
"2026-05-19 19:00:00","16.4","16.9","88","0.0","0.0","3","100","6.2","archive","-23.558","-46.635","2026-09-20T16:31:34.073018-03:00"
"2026-05-19 20:00:00","16.2","16.6","90","0.0","0.0","3","100","6.7","archive","-23.558","-46.635","2026-09-20T16:31:34.073018-03:00"
"2026-05-19 21:00:00","16.6","17.4","91","0.0","0.0","3","100","6.2","archive","-23.558","-46.635","2026-09-20T16:31:34.073018-03:00"
"2026-05-19 22:00:00","16.5","17.4","91","0.0","0.0","3","100","5.7","archive","-23.558","-46.635","2026-09-20T16:31:34.073018-03:00"
"2026-05-19 23:00:00","16.3","17.1","92","0.0","0.0","3","100","5.8","archive","-23.558","-46.635","2026-09-20T16:31:34.073018-03:00"
"2026-05-20 00:00:00","16.1","17.2","94","0.0","0.0","3","100","4.3","archive","-23.558","-46.635","2026-09-20T16:31:34.073018-03:00"
"2026-05-20 01:00:00","16.1","17.3","93","0.0","0.0","3","100","3.1","archive","-23.558","-46.635","2026-09-20T16:31:34.073018-03:00"
"2026-05-20 02:00:00","16.2","17.3","92","0.0","0.0","3","100","4.0","archive","-23.558","-46.635","2026-09-20T16:31:34.073018-03:00"
"2026-05-20 03:00:00","15.9","16.8","96","0.1","0.1","51","99","6.0","archive","-23.558","-46.635","2026-09-20T16:31:34.073018-03:00"
"2026-05-20 04:00:00","15.7","17.2","97","1.1","1.1","55","100","1.0","archive","-23.558","-46.635","2026-09-20T16:31:34.073018-03:00"
"2026-05-20 05:00:00","15.3","16.5","98","0.2","0.2","51","100","2.8","archive","-23.558","-46.635","2026-09-20T16:31:34.073018-03:00"
"2026-05-20 06:00:00","15.3","16.8","98","0.6","0.6","53","100","0.8","archive","-23.558","-46.635","2026-09-20T16:31:34.073018-03:00"
"2026-05-20 07:00:00","15.1","16.2","99","2.3","2.3","61","100","3.3","archive","-23.558","-46.635","2026-09-20T16:31:34.073018-03:00"
"2026-05-20 08:00:00","15.5","16.7","98","0.7","0.7","53","97","3.1","archive","-23.558","-46.635","2026-09-20T16:31:34.073018-03:00"
"2026-05-20 09:00:00","17.3","18.7","88","0.2","0.2","51","100","2.4","archive","-23.558","-46.635","2026-09-20T16:31:34.073018-03:00"
"2026-05-20 10:00:00","18.2","19.5","83","0.1","0.1","51","100","2.6","archive","-23.558","-46.635","2026-09-20T16:31:34.073018-03:00"
"2026-05-20 11:00:00","19.1","20.4","78","0.1","0.1","51","84","2.7","archive","-23.558","-46.635","2026-09-20T16:31:34.073018-03:00"
"2026-05-20 12:00:00","19.9","21.0","73","0.1","0.1","51","96","3.8","archive","-23.558","-46.635","2026-09-20T16:31:34.073018-03:00"
"2026-05-20 13:00:00","20.4","21.3","72","0.0","0.0","3","97","5.2","archive","-23.558","-46.635","2026-09-20T16:31:34.073018-03:00"
"2026-05-20 14:00:00","20.7","21.4","69","0.0","0.0","2","53","6.3","archive","-23.558","-46.635","2026-09-20T16:31:34.073018-03:00"
"2026-05-20 15:00:00","20.5","21.4","71","0.0","0.0","3","89","4.6","archive","-23.558","-46.635","2026-09-20T16:31:34.073018-03:00"
"2026-05-20 16:00:00","19.8","20.6","73","0.1","0.1","51","96","5.3","archive","-23.558","-46.635","2026-09-20T16:31:34.073018-03:00"
"2026-05-20 17:00:00","18.6","19.1","80","0.1","0.1","51","97","8.2","archive","-23.558","-46.635","2026-09-20T16:31:34.073018-03:00"
"2026-05-20 18:00:00","17.4","18.2","89","0.1","0.1","51","100","7.9","archive","-23.558","-46.635","2026-09-20T16:31:34.073018-03:00"
"2026-05-20 19:00:00","16.9","17.9","92","0.0","0.0","3","100","5.8","archive","-23.558","-46.635","2026-09-20T16:31:34.073018-03:00"
"2026-05-20 20:00:00","16.7","17.7","92","0.0","0.0","3","100","5.1","archive","-23.558","-46.635","2026-09-20T16:31:34.073018-03:00"
"2026-05-20 21:00:00","16.5","17.4","91","0.0","0.0","3","100","4.7","archive","-23.558","-46.635","2026-09-20T16:31:34.073018-03:00"
"2026-05-20 22:00:00","16.4","17.3","92","0.0","0.0","2","74","5.0","archive","-23.558","-46.635","2026-09-20T16:31:34.073018-03:00"
"2026-05-20 23:00:00","16.3","17.2","92","0.0","0.0","2","70","4.6","archive","-23.558","-46.635","2026-09-20T16:31:34.073018-03:00"
"2026-05-21 00:00:00","16.2","17.3","92","0.0","0.0","3","98","4.0","archive","-23.558","-46.635","2026-09-20T16:31:34.073018-03:00"
"2026-05-21 01:00:00","16.0","17.0","93","0.0","0.0","3","100","3.9","archive","-23.558","-46.635","2026-09-20T16:31:34.073018-03:00"
"2026-05-21 02:00:00","15.9","17.0","94","0.0","0.0","3","100","4.0","archive","-23.558","-46.635","2026-09-20T16:31:34.073018-03:00"
"2026-05-21 03:00:00","15.7","16.3","91","0.1","0.1","51","100","5.1","archive","-23.558","-46.635","2026-09-20T16:31:34.073018-03:00"
"2026-05-21 04:00:00","15.4","15.9","92","0.0","0.0","2","78","5.6","archive","-23.558","-46.635","2026-09-20T16:31:34.073018-03:00"
"2026-05-21 05:00:00","14.9","15.4","95","0.0","0.0","3","93","5.2","archive","-23.558","-46.635","2026-09-20T16:31:34.073018-03:00"
"2026-05-21 06:00:00","14.6","14.9","96","0.0","0.0","3","100","6.7","archive","-23.558","-46.635","2026-09-20T16:31:34.073018-03:00"
"2026-05-21 07:00:00","14.9","15.1","94","0.1","0.1","51","100","6.7","archive","-23.558","-46.635","2026-09-20T16:31:34.073018-03:00"
"2026-05-21 08:00:00","15.3","15.4","92","0.1","0.1","51","88","7.6","archive","-23.558","-46.635","2026-09-20T16:31:34.073018-03:00"
"2026-05-21 09:00:00","15.8","15.7","90","0.1","0.1","51","100","10.1","archive","-23.558","-46.635","2026-09-20T16:31:34.073018-03:00"
"2026-05-21 10:00:00","16.3","15.8","83","0.2","0.2","51","100","10.6","archive","-23.558","-46.635","2026-09-20T16:31:34.073018-03:00"
"2026-05-21 11:00:00","16.5","15.9","81","0.0","0.0","3","100","11.0","archive","-23.558","-46.635","2026-09-20T16:31:34.073018-03:00"
"2026-05-21 12:00:00","16.8","16.2","80","0.0","0.0","3","100","11.0","archive","-23.558","-46.635","2026-09-20T16:31:34.073018-03:00"
"2026-05-21 13:00:00","16.9","16.3","79","0.2","0.2","51","100","10.9","archive","-23.558","-46.635","2026-09-20T16:31:34.073018-03:00"
"2026-05-21 14:00:00","17.1","16.5","77","0.4","0.4","51","100","10.8","archive","-23.558","-46.635","2026-09-20T16:31:34.073018-03:00"
"2026-05-21 15:00:00","15.9","15.1","82","0.4","0.4","51","100","12.1","archive","-23.558","-46.635","2026-09-20T16:31:34.073018-03:00"
"2026-05-21 16:00:00","15.0","14.1","86","0.1","0.1","51","100","11.4","archive","-23.558","-46.635","2026-09-20T16:31:34.073018-03:00"
"2026-05-21 17:00:00","14.7","13.8","86","0.0","0.0","3","100","10.5","archive","-23.558","-46.635","2026-09-20T16:31:34.073018-03:00"
"2026-05-21 18:00:00","14.2","13.6","89","0.0","0.0","3","100","9.3","archive","-23.558","-46.635","2026-09-20T16:31:34.073018-03:00"
"2026-05-21 19:00:00","14.0","13.3","89","0.0","0.0","3","98","9.9","archive","-23.558","-46.635","2026-09-20T16:31:34.073018-03:00"
"2026-05-21 20:00:00","14.0","13.4","90","0.0","0.0","3","99","9.4","archive","-23.558","-46.635","2026-09-20T16:31:34.073018-03:00"
"2026-05-21 21:00:00","14.0","13.7","92","0.1","0.1","51","100","8.0","archive","-23.558","-46.635","2026-09-20T16:31:34.073018-03:00"
"2026-05-21 22:00:00","13.9","13.2","90","0.0","0.0","3","100","9.7","archive","-23.558","-46.635","2026-09-20T16:31:34.073018-03:00"
"2026-05-21 23:00:00","13.9","13.0","90","0.0","0.0","3","98","10.3","archive","-23.558","-46.635","2026-09-20T16:31:34.073018-03:00"
"2026-05-22 00:00:00","13.7","13.1","92","0.0","0.0","3","100","9.1","archive","-23.558","-46.635","2026-09-20T16:31:34.073018-03:00"
"2026-05-22 01:00:00","13.8","13.1","91","0.0","0.0","3","100","9.6","archive","-23.558","-46.635","2026-09-20T16:31:34.073018-03:00"
"2026-05-22 02:00:00","13.8","13.0","91","0.0","0.0","3","100","10.2","archive","-23.558","-46.635","2026-09-20T16:31:34.073018-03:00"
"2026-05-22 03:00:00","13.8","13.1","91","0.0","0.0","3","100","9.3","archive","-23.558","-46.635","2026-09-20T16:31:34.073018-03:00"
"2026-05-22 04:00:00","13.6","13.2","92","0.0","0.0","3","100","8.0","archive","-23.558","-46.635","2026-09-20T16:31:34.073018-03:00"
"2026-05-22 05:00:00","13.6","13.1","92","0.0","0.0","3","100","8.2","archive","-23.558","-46.635","2026-09-20T16:31:34.073018-03:00"
"2026-05-22 06:00:00","13.6","13.2","92","0.0","0.0","3","100","7.6","archive","-23.558","-46.635","2026-09-20T16:31:34.073018-03:00"
"2026-05-22 07:00:00","13.6","13.4","93","0.0","0.0","3","100","7.0","archive","-23.558","-46.635","2026-09-20T16:31:34.073018-03:00"
"2026-05-22 08:00:00","13.8","13.2","92","0.0","0.0","3","100","9.4","archive","-23.558","-46.635","2026-09-20T16:31:34.073018-03:00"
"2026-05-22 09:00:00","14.7","14.0","88","0.0","0.0","3","100","10.6","archive","-23.558","-46.635","2026-09-20T16:31:34.073018-03:00"
"2026-05-22 10:00:00","15.3","14.7","85","0.0","0.0","3","100","9.8","archive","-23.558","-46.635","2026-09-20T16:31:34.073018-03:00"
"2026-05-22 11:00:00","15.3","14.9","86","0.2","0.2","51","100","9.1","archive","-23.558","-46.635","2026-09-20T16:31:34.073018-03:00"
"2026-05-22 12:00:00","15.4","15.0","86","0.3","0.3","51","100","9.6","archive","-23.558","-46.635","2026-09-20T16:31:34.073018-03:00"
"2026-05-22 13:00:00","15.8","15.2","84","0.1","0.1","51","100","10.0","archive","-23.558","-46.635","2026-09-20T16:31:34.073018-03:00"
"2026-05-22 14:00:00","15.7","15.1","84","0.0","0.0","3","100","10.1","archive","-23.558","-46.635","2026-09-20T16:31:34.073018-03:00"
"2026-05-22 15:00:00","16.1","15.6","83","0.0","0.0","3","100","9.9","archive","-23.558","-46.635","2026-09-20T16:31:34.073018-03:00"
"2026-05-22 16:00:00","16.1","15.7","83","0.0","0.0","3","100","9.7","archive","-23.558","-46.635","2026-09-20T16:31:34.073018-03:00"
"2026-05-22 17:00:00","15.4","15.1","87","0.0","0.0","3","100","8.5","archive","-23.558","-46.635","2026-09-20T16:31:34.073018-03:00"
"2026-05-22 18:00:00","14.6","14.4","91","0.0","0.0","3","100","8.4","archive","-23.558","-46.635","2026-09-20T16:31:34.073018-03:00"
"2026-05-22 19:00:00","14.4","14.3","94","0.0","0.0","3","100","7.7","archive","-23.558","-46.635","2026-09-20T16:31:34.073018-03:00"
"2026-05-22 20:00:00","14.2","14.1","95","0.0","0.0","3","100","8.2","archive","-23.558","-46.635","2026-09-20T16:31:34.073018-03:00"
"2026-05-22 21:00:00","14.2","14.3","95","0.0","0.0","3","97","6.5","archive","-23.558","-46.635","2026-09-20T16:31:34.073018-03:00"
"2026-05-22 22:00:00","14.0","14.2","96","0.1","0.1","51","98","5.5","archive","-23.558","-46.635","2026-09-20T16:31:34.073018-03:00"
"2026-05-22 23:00:00","14.3","14.5","96","0.0","0.0","3","100","6.4","archive","-23.558","-46.635","2026-09-20T16:31:34.073018-03:00"
"2026-05-23 00:00:00","14.4","14.6","96","0.0","0.0","3","100","6.9","archive","-23.558","-46.635","2026-09-20T16:31:34.073018-03:00"
"2026-05-23 01:00:00","14.8","15.2","96","0.0","0.0","3","100","6.0","archive","-23.558","-46.635","2026-09-20T16:31:34.073018-03:00"
"2026-05-23 02:00:00","15.0","15.5","96","0.0","0.0","3","100","5.7","archive","-23.558","-46.635","2026-09-20T16:31:34.073018-03:00"
"2026-05-23 03:00:00","14.9","15.4","97","0.0","0.0","3","100","6.1","archive","-23.558","-46.635","2026-09-20T16:31:34.073018-03:00"
"2026-05-23 04:00:00","14.6","15.3","98","0.0","0.0","3","100","4.6","archive","-23.558","-46.635","2026-09-20T16:31:34.073018-03:00"
"2026-05-23 05:00:00","14.7","15.4","98","0.0","0.0","3","100","4.2","archive","-23.558","-46.635","2026-09-20T16:31:34.073018-03:00"
"2026-05-23 06:00:00","14.7","15.3","98","0.0","0.0","3","100","6.1","archive","-23.558","-46.635","2026-09-20T16:31:34.073018-03:00"
"2026-05-23 07:00:00","14.8","15.4","98","0.0","0.0","3","99","5.8","archive","-23.558","-46.635","2026-09-20T16:31:34.073018-03:00"
"2026-05-23 08:00:00","15.4","16.1","95","0.2","0.2","51","99","4.9","archive","-23.558","-46.635","2026-09-20T16:31:34.073018-03:00"
"2026-05-23 09:00:00","15.6","16.0","95","0.6","0.6","53","100","8.6","archive","-23.558","-46.635","2026-09-20T16:31:34.073018-03:00"
"2026-05-23 10:00:00","15.9","17.2","94","7.7","7.7","65","70","2.1","archive","-23.558","-46.635","2026-09-20T16:31:34.073018-03:00"
"2026-05-23 11:00:00","18.7","19.8","78","0.0","0.0","3","93","2.5","archive","-23.558","-46.635","2026-09-20T16:31:34.073018-03:00"
"2026-05-23 12:00:00","19.3","20.2","77","0.0","0.0","3","100","5.1","archive","-23.558","-46.635","2026-09-20T16:31:34.073018-03:00"
"2026-05-23 13:00:00","19.9","21.1","77","0.0","0.0","3","100","5.4","archive","-23.558","-46.635","2026-09-20T16:31:34.073018-03:00"
"2026-05-23 14:00:00","20.5","22.1","77","0.1","0.1","51","100","3.9","archive","-23.558","-46.635","2026-09-20T16:31:34.073018-03:00"
"2026-05-23 15:00:00","19.5","20.6","81","0.3","0.3","51","82","6.1","archive","-23.558","-46.635","2026-09-20T16:31:34.073018-03:00"
"2026-05-23 16:00:00","18.8","20.2","86","2.3","2.3","61","61","5.2","archive","-23.558","-46.635","2026-09-20T16:31:34.073018-03:00"
"2026-05-23 17:00:00","18.1","19.3","91","0.6","0.6","53","42","7.3","archive","-23.558","-46.635","2026-09-20T16:31:34.073018-03:00"
"2026-05-23 18:00:00","16.6","17.6","96","1.7","1.7","61","99","6.6","archive","-23.558","-46.635","2026-09-20T16:31:34.073018-03:00"
"2026-05-23 19:00:00","16.1","17.2","97","0.5","0.5","53","91","5.7","archive","-23.558","-46.635","2026-09-20T16:31:34.073018-03:00"
"2026-05-23 20:00:00","15.6","16.1","97","1.4","1.4","61","100","7.9","archive","-23.558","-46.635","2026-09-20T16:31:34.073018-03:00"
"2026-05-23 21:00:00","16.5","17.5","97","2.6","2.6","63","93","6.9","archive","-23.558","-46.635","2026-09-20T16:31:34.073018-03:00"
"2026-05-23 22:00:00","16.3","17.3","97","0.5","0.5","53","91","6.7","archive","-23.558","-46.635","2026-09-20T16:31:34.073018-03:00"
"2026-05-23 23:00:00","16.1","17.0","97","2.6","2.6","63","82","6.0","archive","-23.558","-46.635","2026-09-20T16:31:34.073018-03:00"
"2026-05-24 00:00:00","15.9","16.8","97","0.9","0.9","53","87","6.3","archive","-23.558","-46.635","2026-09-20T16:31:34.073018-03:00"
"2026-05-24 01:00:00","15.7","17.0","97","0.4","0.4","51","57","3.1","archive","-23.558","-46.635","2026-09-20T16:31:34.073018-03:00"
"2026-05-24 02:00:00","15.6","17.3","98","0.3","0.3","51","87","0.4","archive","-23.558","-46.635","2026-09-20T16:31:34.073018-03:00"
"2026-05-24 03:00:00","16.1","17.6","99","0.8","0.8","53","99","3.5","archive","-23.558","-46.635","2026-09-20T16:31:34.073018-03:00"
"2026-05-24 04:00:00","16.0","17.6","99","0.9","0.9","53","74","2.1","archive","-23.558","-46.635","2026-09-20T16:31:34.073018-03:00"
"2026-05-24 05:00:00","15.6","17.5","100","0.6","0.6","53","100","0.2","archive","-23.558","-46.635","2026-09-20T16:31:34.073018-03:00"
"2026-05-24 06:00:00","15.7","16.8","99","0.7","0.7","53","95","4.8","archive","-23.558","-46.635","2026-09-20T16:31:34.073018-03:00"
"2026-05-24 07:00:00","16.2","17.7","98","0.5","0.5","53","94","2.9","archive","-23.558","-46.635","2026-09-20T16:31:34.073018-03:00"
"2026-05-24 08:00:00","16.8","18.7","97","0.4","0.4","51","95","2.1","archive","-23.558","-46.635","2026-09-20T16:31:34.073018-03:00"
"2026-05-24 09:00:00","18.2","20.1","94","0.2","0.2","51","81","3.6","archive","-23.558","-46.635","2026-09-20T16:31:34.073018-03:00"
"2026-05-24 10:00:00","20.5","22.9","83","0.0","0.0","1","33","1.1","archive","-23.558","-46.635","2026-09-20T16:31:34.073018-03:00"
"2026-05-24 11:00:00","22.0","23.9","74","0.0","0.0","2","63","4.2","archive","-23.558","-46.635","2026-09-20T16:31:34.073018-03:00"
"2026-05-24 12:00:00","22.8","24.7","72","0.1","0.1","51","57","6.5","archive","-23.558","-46.635","2026-09-20T16:31:34.073018-03:00"
"2026-05-24 13:00:00","23.5","25.0","69","0.1","0.1","51","99","8.4","archive","-23.558","-46.635","2026-09-20T16:31:34.073018-03:00"
"2026-05-24 14:00:00","20.0","20.8","82","1.6","1.6","61","95","11.4","archive","-23.558","-46.635","2026-09-20T16:31:34.073018-03:00"
"2026-05-24 15:00:00","20.1","21.7","82","1.4","1.4","61","95","5.0","archive","-23.558","-46.635","2026-09-20T16:31:34.073018-03:00"
"2026-05-24 16:00:00","20.4","22.5","81","0.0","0.0","3","99","2.3","archive","-23.558","-46.635","2026-09-20T16:31:34.073018-03:00"
"2026-05-24 17:00:00","20.0","22.3","86","0.5","0.5","53","99","3.3","archive","-23.558","-46.635","2026-09-20T16:31:34.073018-03:00"
"2026-05-24 18:00:00","19.1","21.2","91","0.6","0.6","53","98","3.9","archive","-23.558","-46.635","2026-09-20T16:31:34.073018-03:00"
"2026-05-24 19:00:00","18.4","20.8","94","0.0","0.0","3","95","2.1","archive","-23.558","-46.635","2026-09-20T16:31:34.073018-03:00"
"2026-05-24 20:00:00","18.2","20.4","95","0.1","0.1","51","99","2.4","archive","-23.558","-46.635","2026-09-20T16:31:34.073018-03:00"
"2026-05-24 21:00:00","17.2","18.6","93","0.5","0.5","53","100","4.4","archive","-23.558","-46.635","2026-09-20T16:31:34.073018-03:00"
"2026-05-24 22:00:00","17.5","18.8","93","2.3","2.3","61","100","6.4","archive","-23.558","-46.635","2026-09-20T16:31:34.073018-03:00"
"2026-05-24 23:00:00","17.0","17.7","96","0.1","0.1","51","100","10.1","archive","-23.558","-46.635","2026-09-20T16:31:34.073018-03:00"
"2026-05-25 00:00:00","15.9","16.4","96","0.0","0.0","3","100","8.6","archive","-23.558","-46.635","2026-09-20T16:31:34.073018-03:00"
"2026-05-25 01:00:00","15.5","15.9","95","0.0","0.0","3","100","7.6","archive","-23.558","-46.635","2026-09-20T16:31:34.073018-03:00"
"2026-05-25 02:00:00","15.2","15.5","95","0.1","0.1","51","100","7.6","archive","-23.558","-46.635","2026-09-20T16:31:34.073018-03:00"
"2026-05-25 03:00:00","15.5","16.1","95","0.0","0.0","3","100","6.0","archive","-23.558","-46.635","2026-09-20T16:31:34.073018-03:00"
"2026-05-25 04:00:00","15.4","16.1","95","0.0","0.0","3","100","5.5","archive","-23.558","-46.635","2026-09-20T16:31:34.073018-03:00"
"2026-05-25 05:00:00","15.4","16.1","94","0.0","0.0","3","100","5.0","archive","-23.558","-46.635","2026-09-20T16:31:34.073018-03:00"
"2026-05-25 06:00:00","15.4","16.1","93","0.0","0.0","3","98","4.6","archive","-23.558","-46.635","2026-09-20T16:31:34.073018-03:00"
"2026-05-25 07:00:00","15.3","16.2","95","0.0","0.0","3","99","3.2","archive","-23.558","-46.635","2026-09-20T16:31:34.073018-03:00"
"2026-05-25 08:00:00","15.8","16.6","91","0.0","0.0","3","88","4.1","archive","-23.558","-46.635","2026-09-20T16:31:34.073018-03:00"
"2026-05-25 09:00:00","17.0","17.9","88","0.0","0.0","3","97","5.1","archive","-23.558","-46.635","2026-09-20T16:31:34.073018-03:00"
"2026-05-25 10:00:00","18.4","19.3","81","0.2","0.2","51","100","5.4","archive","-23.558","-46.635","2026-09-20T16:31:34.073018-03:00"
"2026-05-25 11:00:00","20.1","21.2","74","0.1","0.1","51","96","5.0","archive","-23.558","-46.635","2026-09-20T16:31:34.073018-03:00"
"2026-05-25 12:00:00","21.7","22.9","69","0.0","0.0","3","97","5.3","archive","-23.558","-46.635","2026-09-20T16:31:34.073018-03:00"
"2026-05-25 13:00:00","22.9","24.9","64","0.0","0.0","2","64","3.9","archive","-23.558","-46.635","2026-09-20T16:31:34.073018-03:00"
"2026-05-25 14:00:00","23.0","24.5","65","0.0","0.0","2","50","3.4","archive","-23.558","-46.635","2026-09-20T16:31:34.073018-03:00"
"2026-05-25 15:00:00","22.7","24.0","65","0.1","0.1","51","66","4.8","archive","-23.558","-46.635","2026-09-20T16:31:34.073018-03:00"
"2026-05-25 16:00:00","21.4","22.5","74","0.2","0.2","51","25","8.1","archive","-23.558","-46.635","2026-09-20T16:31:34.073018-03:00"
"2026-05-25 17:00:00","19.3","20.3","86","0.0","0.0","2","70","9.7","archive","-23.558","-46.635","2026-09-20T16:31:34.073018-03:00"
"2026-05-25 18:00:00","17.3","18.4","94","0.0","0.0","3","100","7.7","archive","-23.558","-46.635","2026-09-20T16:31:34.073018-03:00"
"2026-05-25 19:00:00","16.7","17.8","96","0.0","0.0","3","100","6.5","archive","-23.558","-46.635","2026-09-20T16:31:34.073018-03:00"
"2026-05-25 20:00:00","16.4","17.4","97","0.0","0.0","3","100","7.1","archive","-23.558","-46.635","2026-09-20T16:31:34.073018-03:00"
"2026-05-25 21:00:00","16.8","18.2","94","0.0","0.0","3","100","4.4","archive","-23.558","-46.635","2026-09-20T16:31:34.073018-03:00"
"2026-05-25 22:00:00","16.9","18.1","94","0.0","0.0","3","99","4.9","archive","-23.558","-46.635","2026-09-20T16:31:34.073018-03:00"
"2026-05-25 23:00:00","16.8","18.0","94","0.0","0.0","3","97","4.9","archive","-23.558","-46.635","2026-09-20T16:31:34.073018-03:00"
"2026-05-26 00:00:00","16.7","18.0","95","0.0","0.0","3","90","5.0","archive","-23.558","-46.635","2026-09-20T16:31:34.073018-03:00"
"2026-05-26 01:00:00","16.5","17.8","96","0.0","0.0","3","100","5.1","archive","-23.558","-46.635","2026-09-20T16:31:34.073018-03:00"
"2026-05-26 02:00:00","16.3","17.6","97","0.0","0.0","3","100","4.4","archive","-23.558","-46.635","2026-09-20T16:31:34.073018-03:00"
"2026-05-26 03:00:00","16.7","18.2","97","0.0","0.0","3","100","4.1","archive","-23.558","-46.635","2026-09-20T16:31:34.073018-03:00"
"2026-05-26 04:00:00","16.8","18.2","97","0.0","0.0","3","100","4.9","archive","-23.558","-46.635","2026-09-20T16:31:34.073018-03:00"
"2026-05-26 05:00:00","16.7","17.9","97","0.0","0.0","3","100","6.5","archive","-23.558","-46.635","2026-09-20T16:31:34.073018-03:00"
"2026-05-26 06:00:00","16.7","17.7","96","0.0","0.0","3","100","6.9","archive","-23.558","-46.635","2026-09-20T16:31:34.073018-03:00"
"2026-05-26 07:00:00","16.7","17.7","96","0.0","0.0","3","100","6.8","archive","-23.558","-46.635","2026-09-20T16:31:34.073018-03:00"
"2026-05-26 08:00:00","17.1","18.1","94","0.0","0.0","3","100","7.4","archive","-23.558","-46.635","2026-09-20T16:31:34.073018-03:00"
"2026-05-26 09:00:00","18.1","19.3","93","0.0","0.0","3","100","7.7","archive","-23.558","-46.635","2026-09-20T16:31:34.073018-03:00"
"2026-05-26 10:00:00","19.7","21.2","84","0.1","0.1","51","98","6.6","archive","-23.558","-46.635","2026-09-20T16:31:34.073018-03:00"
"2026-05-26 11:00:00","21.8","23.6","76","0.0","0.0","1","46","5.8","archive","-23.558","-46.635","2026-09-20T16:31:34.073018-03:00"
"2026-05-26 12:00:00","23.5","25.9","71","0.0","0.0","1","35","6.5","archive","-23.558","-46.635","2026-09-20T16:31:34.073018-03:00"
"2026-05-26 13:00:00","24.7","26.4","63","0.0","0.0","1","20","8.6","archive","-23.558","-46.635","2026-09-20T16:31:34.073018-03:00"
"2026-05-26 14:00:00","23.5","24.1","65","0.1","0.1","51","81","11.1","archive","-23.558","-46.635","2026-09-20T16:31:34.073018-03:00"
"2026-05-26 15:00:00","25.9","26.4","52","1.6","1.6","61","66","8.7","archive","-23.558","-46.635","2026-09-20T16:31:34.073018-03:00"
"2026-05-26 16:00:00","25.1","26.2","57","0.0","0.0","2","55","6.6","archive","-23.558","-46.635","2026-09-20T16:31:34.073018-03:00"
"2026-05-26 17:00:00","23.9","25.8","66","0.0","0.0","2","59","4.5","archive","-23.558","-46.635","2026-09-20T16:31:34.073018-03:00"
"2026-05-26 18:00:00","22.7","25.0","74","0.0","0.0","2","66","3.0","archive","-23.558","-46.635","2026-09-20T16:31:34.073018-03:00"
"2026-05-26 19:00:00","21.8","24.1","78","0.0","0.0","2","72","2.8","archive","-23.558","-46.635","2026-09-20T16:31:34.073018-03:00"
"2026-05-26 20:00:00","21.1","23.7","84","0.0","0.0","0","16","2.5","archive","-23.558","-46.635","2026-09-20T16:31:34.073018-03:00"
"2026-05-26 21:00:00","20.5","22.5","83","0.0","0.0","2","62","4.6","archive","-23.558","-46.635","2026-09-20T16:31:34.073018-03:00"
"2026-05-26 22:00:00","19.9","22.2","86","0.0","0.0","0","13","2.1","archive","-23.558","-46.635","2026-09-20T16:31:34.073018-03:00"
"2026-05-26 23:00:00","19.2","21.5","89","0.0","0.0","0","11","1.9","archive","-23.558","-46.635","2026-09-20T16:31:34.073018-03:00"
"2026-05-27 00:00:00","18.6","20.5","91","0.0","0.0","0","2","4.2","archive","-23.558","-46.635","2026-09-20T16:31:34.073018-03:00"
"2026-05-27 01:00:00","17.9","19.8","93","0.0","0.0","0","1","3.7","archive","-23.558","-46.635","2026-09-20T16:31:34.073018-03:00"
"2026-05-27 02:00:00","17.5","19.1","94","0.0","0.0","0","9","4.4","archive","-23.558","-46.635","2026-09-20T16:31:34.073018-03:00"
"2026-05-27 03:00:00","18.1","20.3","91","0.0","0.0","2","67","1.0","archive","-23.558","-46.635","2026-09-20T16:31:34.073018-03:00"
"2026-05-27 04:00:00","17.4","19.3","94","0.0","0.0","1","48","2.1","archive","-23.558","-46.635","2026-09-20T16:31:34.073018-03:00"
"2026-05-27 05:00:00","17.0","18.7","95","0.0","0.0","0","2","2.9","archive","-23.558","-46.635","2026-09-20T16:31:34.073018-03:00"
"2026-05-27 06:00:00","16.5","18.0","97","0.0","0.0","0","2","3.8","archive","-23.558","-46.635","2026-09-20T16:31:34.073018-03:00"
"2026-05-27 07:00:00","16.4","17.9","97","0.0","0.0","0","10","3.8","archive","-23.558","-46.635","2026-09-20T16:31:34.073018-03:00"
"2026-05-27 08:00:00","17.5","19.3","95","0.0","0.0","1","32","3.8","archive","-23.558","-46.635","2026-09-20T16:31:34.073018-03:00"
"2026-05-27 09:00:00","18.5","20.6","93","0.1","0.1","51","73","2.9","archive","-23.558","-46.635","2026-09-20T16:31:34.073018-03:00"
"2026-05-27 10:00:00","20.8","23.0","82","0.1","0.1","51","33","3.4","archive","-23.558","-46.635","2026-09-20T16:31:34.073018-03:00"
"2026-05-27 11:00:00","22.1","23.8","76","0.1","0.1","51","63","6.5","archive","-23.558","-46.635","2026-09-20T16:31:34.073018-03:00"
"2026-05-27 12:00:00","22.7","24.2","71","0.1","0.1","51","100","6.9","archive","-23.558","-46.635","2026-09-20T16:31:34.073018-03:00"
"2026-05-27 13:00:00","21.3","22.2","75","0.5","0.5","53","66","9.9","archive","-23.558","-46.635","2026-09-20T16:31:34.073018-03:00"
"2026-05-27 14:00:00","20.2","21.0","82","0.8","0.8","53","100","10.7","archive","-23.558","-46.635","2026-09-20T16:31:34.073018-03:00"
"2026-05-27 15:00:00","19.9","20.5","79","0.2","0.2","51","100","10.1","archive","-23.558","-46.635","2026-09-20T16:31:34.073018-03:00"
"2026-05-27 16:00:00","18.6","19.0","83","0.1","0.1","51","100","10.3","archive","-23.558","-46.635","2026-09-20T16:31:34.073018-03:00"
"2026-05-27 17:00:00","17.6","18.1","85","0.0","0.0","3","100","8.4","archive","-23.558","-46.635","2026-09-20T16:31:34.073018-03:00"
"2026-05-27 18:00:00","16.7","17.2","88","0.0","0.0","3","100","7.3","archive","-23.558","-46.635","2026-09-20T16:31:34.073018-03:00"
"2026-05-27 19:00:00","16.3","16.6","89","0.0","0.0","3","98","7.4","archive","-23.558","-46.635","2026-09-20T16:31:34.073018-03:00"
"2026-05-27 20:00:00","15.9","16.4","88","0.0","0.0","1","35","5.7","archive","-23.558","-46.635","2026-09-20T16:31:34.073018-03:00"
"2026-05-27 21:00:00","15.9","16.3","89","0.0","0.0","2","67","6.0","archive","-23.558","-46.635","2026-09-20T16:31:34.073018-03:00"
"2026-05-27 22:00:00","15.1","15.1","92","0.0","0.0","3","84","7.8","archive","-23.558","-46.635","2026-09-20T16:31:34.073018-03:00"
"2026-05-27 23:00:00","14.7","14.8","92","0.0","0.0","3","100","6.4","archive","-23.558","-46.635","2026-09-20T16:31:34.073018-03:00"
"2026-05-28 00:00:00","14.6","14.7","92","0.0","0.0","3","100","5.8","archive","-23.558","-46.635","2026-09-20T16:31:34.073018-03:00"
"2026-05-28 01:00:00","14.6","14.7","90","0.0","0.0","1","30","5.8","archive","-23.558","-46.635","2026-09-20T16:31:34.073018-03:00"
"2026-05-28 02:00:00","13.7","13.8","94","0.0","0.0","1","20","5.2","archive","-23.558","-46.635","2026-09-20T16:31:34.073018-03:00"
"2026-05-28 03:00:00","13.0","13.4","98","0.0","0.0","0","19","2.7","archive","-23.558","-46.635","2026-09-20T16:31:34.073018-03:00"
"2026-05-28 04:00:00","12.3","12.4","99","0.0","0.0","0","16","4.1","archive","-23.558","-46.635","2026-09-20T16:31:34.073018-03:00"
"2026-05-28 05:00:00","11.9","11.7","98","0.0","0.0","1","23","4.4","archive","-23.558","-46.635","2026-09-20T16:31:34.073018-03:00"
"2026-05-28 06:00:00","11.5","11.4","100","0.0","0.0","1","28","3.1","archive","-23.558","-46.635","2026-09-20T16:31:34.073018-03:00"
"2026-05-28 07:00:00","11.5","11.6","100","0.0","0.0","3","100","2.2","archive","-23.558","-46.635","2026-09-20T16:31:34.073018-03:00"
"2026-05-28 08:00:00","12.1","12.2","98","0.0","0.0","3","98","2.5","archive","-23.558","-46.635","2026-09-20T16:31:34.073018-03:00"
"2026-05-28 09:00:00","14.1","14.3","90","0.0","0.0","3","95","3.4","archive","-23.558","-46.635","2026-09-20T16:31:34.073018-03:00"
"2026-05-28 10:00:00","15.2","15.4","84","0.0","0.0","3","95","3.8","archive","-23.558","-46.635","2026-09-20T16:31:34.073018-03:00"
"2026-05-28 11:00:00","16.8","16.6","73","0.0","0.0","2","50","5.3","archive","-23.558","-46.635","2026-09-20T16:31:34.073018-03:00"
"2026-05-28 12:00:00","18.5","18.4","61","0.0","0.0","1","26","4.8","archive","-23.558","-46.635","2026-09-20T16:31:34.073018-03:00"
"2026-05-28 13:00:00","19.4","19.4","58","0.0","0.0","0","16","4.2","archive","-23.558","-46.635","2026-09-20T16:31:34.073018-03:00"
"2026-05-28 14:00:00","19.8","19.5","56","0.0","0.0","0","15","4.6","archive","-23.558","-46.635","2026-09-20T16:31:34.073018-03:00"
"2026-05-28 15:00:00","20.1","19.3","57","0.0","0.0","0","5","7.6","archive","-23.558","-46.635","2026-09-20T16:31:34.073018-03:00"
"2026-05-28 16:00:00","19.0","18.2","64","0.0","0.0","0","9","10.0","archive","-23.558","-46.635","2026-09-20T16:31:34.073018-03:00"
"2026-05-28 17:00:00","17.3","16.7","76","0.0","0.0","0","5","10.5","archive","-23.558","-46.635","2026-09-20T16:31:34.073018-03:00"
"2026-05-28 18:00:00","16.0","15.7","85","0.0","0.0","0","12","9.9","archive","-23.558","-46.635","2026-09-20T16:31:34.073018-03:00"
"2026-05-28 19:00:00","15.1","15.1","92","0.0","0.0","1","30","8.2","archive","-23.558","-46.635","2026-09-20T16:31:34.073018-03:00"
"2026-05-28 20:00:00","14.7","14.9","94","0.0","0.0","2","73","7.2","archive","-23.558","-46.635","2026-09-20T16:31:34.073018-03:00"
"2026-05-28 21:00:00","15.3","15.2","88","0.0","0.0","1","32","7.2","archive","-23.558","-46.635","2026-09-20T16:31:34.073018-03:00"
"2026-05-28 22:00:00","14.3","14.4","93","0.0","0.0","1","33","5.9","archive","-23.558","-46.635","2026-09-20T16:31:34.073018-03:00"
"2026-05-28 23:00:00","13.9","14.0","95","0.0","0.0","2","63","5.4","archive","-23.558","-46.635","2026-09-20T16:31:34.073018-03:00"
"2026-05-29 00:00:00","13.9","14.2","96","0.0","0.0","2","56","5.4","archive","-23.558","-46.635","2026-09-20T16:31:34.073018-03:00"
"2026-05-29 01:00:00","14.1","14.2","96","0.0","0.0","3","99","6.6","archive","-23.558","-46.635","2026-09-20T16:31:34.073018-03:00"
"2026-05-29 02:00:00","14.2","14.4","96","0.0","0.0","3","100","6.1","archive","-23.558","-46.635","2026-09-20T16:31:34.073018-03:00"
"2026-05-29 03:00:00","13.7","14.0","97","0.0","0.0","3","99","5.4","archive","-23.558","-46.635","2026-09-20T16:31:34.073018-03:00"
"2026-05-29 04:00:00","14.0","14.0","96","0.0","0.0","3","100","6.9","archive","-23.558","-46.635","2026-09-20T16:31:34.073018-03:00"
"2026-05-29 05:00:00","14.0","14.0","94","0.0","0.0","3","100","6.5","archive","-23.558","-46.635","2026-09-20T16:31:34.073018-03:00"
"2026-05-29 06:00:00","14.2","14.0","91","0.0","0.0","3","93","7.5","archive","-23.558","-46.635","2026-09-20T16:31:34.073018-03:00"
"2026-05-29 07:00:00","14.0","13.6","91","0.0","0.0","3","88","7.8","archive","-23.558","-46.635","2026-09-20T16:31:34.073018-03:00"
"2026-05-29 08:00:00","14.6","14.0","85","0.0","0.0","3","95","8.4","archive","-23.558","-46.635","2026-09-20T16:31:34.073018-03:00"
"2026-05-29 09:00:00","15.6","15.3","84","0.0","0.0","1","30","8.1","archive","-23.558","-46.635","2026-09-20T16:31:34.073018-03:00"
"2026-05-29 10:00:00","16.9","16.5","76","0.0","0.0","3","95","8.5","archive","-23.558","-46.635","2026-09-20T16:31:34.073018-03:00"
"2026-05-29 11:00:00","18.1","17.4","67","0.0","0.0","1","42","8.3","archive","-23.558","-46.635","2026-09-20T16:31:34.073018-03:00"
"2026-05-29 12:00:00","19.2","18.5","59","0.0","0.0","2","62","6.8","archive","-23.558","-46.635","2026-09-20T16:31:34.073018-03:00"
"2026-05-29 13:00:00","20.0","19.5","55","0.0","0.0","1","34","5.3","archive","-23.558","-46.635","2026-09-20T16:31:34.073018-03:00"
"2026-05-29 14:00:00","20.4","19.8","56","0.0","0.0","0","16","6.5","archive","-23.558","-46.635","2026-09-20T16:31:34.073018-03:00"
"2026-05-29 15:00:00","19.5","18.8","68","0.0","0.0","2","77","11.4","archive","-23.558","-46.635","2026-09-20T16:31:34.073018-03:00"
"2026-05-29 16:00:00","18.2","17.8","77","0.1","0.1","51","55","11.9","archive","-23.558","-46.635","2026-09-20T16:31:34.073018-03:00"
"2026-05-29 17:00:00","16.8","16.4","83","0.0","0.0","2","72","10.8","archive","-23.558","-46.635","2026-09-20T16:31:34.073018-03:00"
"2026-05-29 18:00:00","15.9","15.8","88","0.0","0.0","2","50","9.2","archive","-23.558","-46.635","2026-09-20T16:31:34.073018-03:00"
"2026-05-29 19:00:00","15.4","15.3","90","0.0","0.0","2","64","9.2","archive","-23.558","-46.635","2026-09-20T16:31:34.073018-03:00"
"2026-05-29 20:00:00","15.1","15.1","92","0.0","0.0","3","95","8.4","archive","-23.558","-46.635","2026-09-20T16:31:34.073018-03:00"
"2026-05-29 21:00:00","15.4","15.3","91","0.0","0.0","3","97","9.3","archive","-23.558","-46.635","2026-09-20T16:31:34.073018-03:00"
"2026-05-29 22:00:00","15.5","15.5","90","0.0","0.0","3","86","8.5","archive","-23.558","-46.635","2026-09-20T16:31:34.073018-03:00"
"2026-05-29 23:00:00","15.5","15.5","90","0.0","0.0","2","52","7.9","archive","-23.558","-46.635","2026-09-20T16:31:34.073018-03:00"
"2026-05-30 00:00:00","15.3","15.5","92","0.0","0.0","1","40","7.2","archive","-23.558","-46.635","2026-09-20T16:31:34.073018-03:00"
"2026-05-30 01:00:00","15.1","15.4","92","0.0","0.0","3","100","6.2","archive","-23.558","-46.635","2026-09-20T16:31:34.073018-03:00"
"2026-05-30 02:00:00","15.0","15.3","93","0.0","0.0","3","100","5.8","archive","-23.558","-46.635","2026-09-20T16:31:34.073018-03:00"
"2026-05-30 03:00:00","15.1","15.6","92","0.0","0.0","3","100","5.3","archive","-23.558","-46.635","2026-09-20T16:31:34.073018-03:00"
"2026-05-30 04:00:00","15.1","15.6","93","0.0","0.0","3","100","5.0","archive","-23.558","-46.635","2026-09-20T16:31:34.073018-03:00"
"2026-05-30 05:00:00","15.1","15.6","92","0.0","0.0","3","100","5.4","archive","-23.558","-46.635","2026-09-20T16:31:34.073018-03:00"
"2026-05-30 06:00:00","15.1","15.4","92","0.0","0.0","3","98","6.0","archive","-23.558","-46.635","2026-09-20T16:31:34.073018-03:00"
"2026-05-30 07:00:00","15.3","15.5","90","0.0","0.0","3","82","6.5","archive","-23.558","-46.635","2026-09-20T16:31:34.073018-03:00"
"2026-05-30 08:00:00","15.7","15.6","88","0.0","0.0","2","66","8.6","archive","-23.558","-46.635","2026-09-20T16:31:34.073018-03:00"
"2026-05-30 09:00:00","16.2","16.6","87","0.0","0.0","3","100","5.3","archive","-23.558","-46.635","2026-09-20T16:31:34.073018-03:00"
"2026-05-30 10:00:00","16.7","17.5","85","0.0","0.0","3","100","3.5","archive","-23.558","-46.635","2026-09-20T16:31:34.073018-03:00"
"2026-05-30 11:00:00","18.3","19.4","80","0.0","0.0","3","100","2.6","archive","-23.558","-46.635","2026-09-20T16:31:34.073018-03:00"
"2026-05-30 12:00:00","19.2","20.4","77","0.0","0.0","3","100","3.5","archive","-23.558","-46.635","2026-09-20T16:31:34.073018-03:00"
"2026-05-30 13:00:00","20.3","21.3","71","0.0","0.0","3","89","4.3","archive","-23.558","-46.635","2026-09-20T16:31:34.073018-03:00"
"2026-05-30 14:00:00","20.8","22.1","69","0.0","0.0","3","89","2.2","archive","-23.558","-46.635","2026-09-20T16:31:34.073018-03:00"
"2026-05-30 15:00:00","21.4","22.9","67","0.0","0.0","3","95","0.9","archive","-23.558","-46.635","2026-09-20T16:31:34.073018-03:00"
"2026-05-30 16:00:00","21.8","22.9","65","0.0","0.0","3","98","2.8","archive","-23.558","-46.635","2026-09-20T16:31:34.073018-03:00"
"2026-05-30 17:00:00","21.4","22.3","66","0.0","0.0","3","98","4.7","archive","-23.558","-46.635","2026-09-20T16:31:34.073018-03:00"
"2026-05-30 18:00:00","19.9","20.3","72","0.0","0.0","2","65","7.0","archive","-23.558","-46.635","2026-09-20T16:31:34.073018-03:00"
"2026-05-30 19:00:00","17.6","18.1","90","0.0","0.0","3","91","9.8","archive","-23.558","-46.635","2026-09-20T16:31:34.073018-03:00"
"2026-05-30 20:00:00","16.9","17.9","93","0.0","0.0","3","100","6.4","archive","-23.558","-46.635","2026-09-20T16:31:34.073018-03:00"
"2026-05-30 21:00:00","17.0","17.9","91","0.1","0.1","51","100","6.5","archive","-23.558","-46.635","2026-09-20T16:31:34.073018-03:00"
"2026-05-30 22:00:00","16.8","17.7","91","0.1","0.1","51","100","5.3","archive","-23.558","-46.635","2026-09-20T16:31:34.073018-03:00"
"2026-05-30 23:00:00","16.6","17.6","91","0.0","0.0","3","100","4.7","archive","-23.558","-46.635","2026-09-20T16:31:34.073018-03:00"
"2026-05-31 00:00:00","16.4","17.2","91","0.0","0.0","3","100","5.6","archive","-23.558","-46.635","2026-09-20T16:31:34.073018-03:00"
"2026-05-31 01:00:00","16.1","16.9","93","0.0","0.0","2","59","5.3","archive","-23.558","-46.635","2026-09-20T16:31:34.073018-03:00"
"2026-05-31 02:00:00","15.8","16.7","94","0.0","0.0","1","35","4.7","archive","-23.558","-46.635","2026-09-20T16:31:34.073018-03:00"
"2026-05-31 03:00:00","15.1","15.7","96","0.0","0.0","3","98","5.4","archive","-23.558","-46.635","2026-09-20T16:31:34.073018-03:00"
"2026-05-31 04:00:00","14.7","15.3","97","0.0","0.0","3","100","5.2","archive","-23.558","-46.635","2026-09-20T16:31:34.073018-03:00"
"2026-05-31 05:00:00","14.8","15.6","95","0.0","0.0","3","100","3.8","archive","-23.558","-46.635","2026-09-20T16:31:34.073018-03:00"
"2026-05-31 06:00:00","15.1","15.8","92","0.0","0.0","3","100","3.1","archive","-23.558","-46.635","2026-09-20T16:31:34.073018-03:00"
"2026-05-31 07:00:00","15.2","15.9","91","0.0","0.0","3","100","3.3","archive","-23.558","-46.635","2026-09-20T16:31:34.073018-03:00"
"2026-05-31 08:00:00","15.7","16.3","87","0.1","0.1","51","100","3.9","archive","-23.558","-46.635","2026-09-20T16:31:34.073018-03:00"
"2026-05-31 09:00:00","16.7","17.2","82","0.0","0.0","3","100","5.0","archive","-23.558","-46.635","2026-09-20T16:31:34.073018-03:00"
"2026-05-31 10:00:00","17.5","18.1","78","0.0","0.0","3","100","3.4","archive","-23.558","-46.635","2026-09-20T16:31:34.073018-03:00"
"2026-05-31 11:00:00","18.5","19.2","71","0.1","0.1","51","99","1.8","archive","-23.558","-46.635","2026-09-20T16:31:34.073018-03:00"
"2026-05-31 12:00:00","19.1","19.6","67","0.0","0.0","3","100","2.3","archive","-23.558","-46.635","2026-09-20T16:31:34.073018-03:00"
"2026-05-31 13:00:00","19.8","20.0","63","0.0","0.0","3","100","3.5","archive","-23.558","-46.635","2026-09-20T16:31:34.073018-03:00"
"2026-05-31 14:00:00","20.4","20.6","60","0.0","0.0","1","34","3.3","archive","-23.558","-46.635","2026-09-20T16:31:34.073018-03:00"
"2026-05-31 15:00:00","20.7","21.0","58","0.0","0.0","3","87","1.9","archive","-23.558","-46.635","2026-09-20T16:31:34.073018-03:00"
"2026-05-31 16:00:00","20.3","20.4","58","0.0","0.0","3","94","3.4","archive","-23.558","-46.635","2026-09-20T16:31:34.073018-03:00"
"2026-05-31 17:00:00","18.5","18.5","76","0.0","0.0","2","77","8.8","archive","-23.558","-46.635","2026-09-20T16:31:34.073018-03:00"
"2026-05-31 18:00:00","16.6","17.1","89","0.0","0.0","2","66","7.9","archive","-23.558","-46.635","2026-09-20T16:31:34.073018-03:00"
"2026-05-31 19:00:00","16.1","16.7","93","0.0","0.0","2","57","6.6","archive","-23.558","-46.635","2026-09-20T16:31:34.073018-03:00"
"2026-05-31 20:00:00","15.6","16.3","94","0.0","0.0","2","53","5.7","archive","-23.558","-46.635","2026-09-20T16:31:34.073018-03:00"
"2026-05-31 21:00:00","15.3","16.2","93","0.0","0.0","0","10","3.0","archive","-23.558","-46.635","2026-09-20T16:31:34.073018-03:00"
"2026-05-31 22:00:00","14.8","15.5","95","0.0","0.0","1","22","3.4","archive","-23.558","-46.635","2026-09-20T16:31:34.073018-03:00"
"2026-05-31 23:00:00","14.5","15.2","95","0.0","0.0","1","22","3.6","archive","-23.558","-46.635","2026-09-20T16:31:34.073018-03:00"
"2026-06-01 00:00:00","14.3","15.0","96","0.0","0.0","3","95","3.2","archive","-23.558","-46.635","2026-09-20T16:31:34.073018-03:00"
"2026-06-01 01:00:00","14.1","14.8","97","0.0","0.0","3","99","3.2","archive","-23.558","-46.635","2026-09-20T16:31:34.073018-03:00"
"2026-06-01 02:00:00","13.7","14.3","97","0.0","0.0","3","99","2.9","archive","-23.558","-46.635","2026-09-20T16:31:34.073018-03:00"
"2026-06-01 03:00:00","13.7","14.2","96","0.0","0.0","3","100","2.8","archive","-23.558","-46.635","2026-09-20T16:31:34.073018-03:00"
"2026-06-01 04:00:00","13.4","13.9","98","0.0","0.0","3","100","2.8","archive","-23.558","-46.635","2026-09-20T16:31:34.073018-03:00"
"2026-06-01 05:00:00","13.3","13.7","97","0.0","0.0","3","100","3.1","archive","-23.558","-46.635","2026-09-20T16:31:34.073018-03:00"
"2026-06-01 06:00:00","13.2","13.6","97","0.0","0.0","3","100","3.0","archive","-23.558","-46.635","2026-09-20T16:31:34.073018-03:00"
"2026-06-01 07:00:00","13.3","13.6","96","0.0","0.0","3","100","2.9","archive","-23.558","-46.635","2026-09-20T16:31:34.073018-03:00"
"2026-06-01 08:00:00","13.5","14.0","94","0.0","0.0","3","100","2.0","archive","-23.558","-46.635","2026-09-20T16:31:34.073018-03:00"
"2026-06-01 09:00:00","14.4","14.7","92","0.0","0.0","3","100","4.2","archive","-23.558","-46.635","2026-09-20T16:31:34.073018-03:00"
"2026-06-01 10:00:00","15.4","15.7","85","0.0","0.0","3","100","4.7","archive","-23.558","-46.635","2026-09-20T16:31:34.073018-03:00"
"2026-06-01 11:00:00","16.3","16.7","80","0.0","0.0","3","100","3.8","archive","-23.558","-46.635","2026-09-20T16:31:34.073018-03:00"
"2026-06-01 12:00:00","17.8","18.3","72","0.0","0.0","3","95","1.9","archive","-23.558","-46.635","2026-09-20T16:31:34.073018-03:00"
"2026-06-01 13:00:00","19.2","19.5","63","0.0","0.0","1","40","1.5","archive","-23.558","-46.635","2026-09-20T16:31:34.073018-03:00"
"2026-06-01 14:00:00","20.0","20.5","58","0.0","0.0","0","2","2.3","archive","-23.558","-46.635","2026-09-20T16:31:34.073018-03:00"
"2026-06-01 15:00:00","20.2","19.5","56","0.0","0.0","0","16","7.0","archive","-23.558","-46.635","2026-09-20T16:31:34.073018-03:00"
"2026-06-01 16:00:00","19.1","18.0","62","0.0","0.0","2","66","10.5","archive","-23.558","-46.635","2026-09-20T16:31:34.073018-03:00"
"2026-06-01 17:00:00","17.2","16.6","76","0.0","0.0","1","27","10.6","archive","-23.558","-46.635","2026-09-20T16:31:34.073018-03:00"
"2026-06-01 18:00:00","15.9","15.4","83","0.0","0.0","0","14","10.0","archive","-23.558","-46.635","2026-09-20T16:31:34.073018-03:00"
"2026-06-01 19:00:00","14.9","14.7","88","0.0","0.0","0","7","7.4","archive","-23.558","-46.635","2026-09-20T16:31:34.073018-03:00"
"2026-06-01 20:00:00","14.1","13.7","90","0.0","0.0","0","6","7.4","archive","-23.558","-46.635","2026-09-20T16:31:34.073018-03:00"
"2026-06-01 21:00:00","14.2","13.9","91","0.0","0.0","3","91","8.0","archive","-23.558","-46.635","2026-09-20T16:31:34.073018-03:00"
"2026-06-01 22:00:00","14.3","14.0","90","0.0","0.0","1","38","7.8","archive","-23.558","-46.635","2026-09-20T16:31:34.073018-03:00"
"2026-06-01 23:00:00","13.9","13.6","92","0.0","0.0","3","85","7.5","archive","-23.558","-46.635","2026-09-20T16:31:34.073018-03:00"
"2026-06-02 00:00:00","13.7","13.7","93","0.0","0.0","1","48","6.0","archive","-23.558","-46.635","2026-09-20T16:31:34.073018-03:00"
"2026-06-02 01:00:00","13.0","12.9","95","0.0","0.0","1","20","5.3","archive","-23.558","-46.635","2026-09-20T16:31:34.073018-03:00"
"2026-06-02 02:00:00","12.4","12.5","98","0.0","0.0","1","27","3.6","archive","-23.558","-46.635","2026-09-20T16:31:34.073018-03:00"
"2026-06-02 03:00:00","12.1","12.2","100","0.0","0.0","3","100","3.2","archive","-23.558","-46.635","2026-09-20T16:31:34.073018-03:00"
"2026-06-02 04:00:00","12.0","11.7","98","0.0","0.0","3","100","5.0","archive","-23.558","-46.635","2026-09-20T16:31:34.073018-03:00"
"2026-06-02 05:00:00","11.7","11.6","100","0.0","0.0","3","100","4.0","archive","-23.558","-46.635","2026-09-20T16:31:34.073018-03:00"
"2026-06-02 06:00:00","11.9","11.7","99","0.0","0.0","3","100","5.0","archive","-23.558","-46.635","2026-09-20T16:31:34.073018-03:00"
"2026-06-02 07:00:00","12.2","12.0","99","0.0","0.0","3","100","5.6","archive","-23.558","-46.635","2026-09-20T16:31:34.073018-03:00"
"2026-06-02 08:00:00","13.4","12.9","92","0.0","0.0","3","100","7.5","archive","-23.558","-46.635","2026-09-20T16:31:34.073018-03:00"
"2026-06-02 09:00:00","15.2","14.4","82","0.0","0.0","3","100","10.2","archive","-23.558","-46.635","2026-09-20T16:31:34.073018-03:00"
"2026-06-02 10:00:00","16.6","15.7","72","0.0","0.0","1","47","9.1","archive","-23.558","-46.635","2026-09-20T16:31:34.073018-03:00"
"2026-06-02 11:00:00","18.4","17.3","61","0.0","0.0","2","66","8.9","archive","-23.558","-46.635","2026-09-20T16:31:34.073018-03:00"
"2026-06-02 12:00:00","19.6","18.6","55","0.0","0.0","3","88","8.5","archive","-23.558","-46.635","2026-09-20T16:31:34.073018-03:00"
"2026-06-02 13:00:00","20.0","18.8","52","0.0","0.0","3","95","7.5","archive","-23.558","-46.635","2026-09-20T16:31:34.073018-03:00"
"2026-06-02 14:00:00","19.9","18.6","52","0.0","0.0","1","30","8.4","archive","-23.558","-46.635","2026-09-20T16:31:34.073018-03:00"
"2026-06-02 15:00:00","19.6","18.3","59","0.0","0.0","2","52","11.8","archive","-23.558","-46.635","2026-09-20T16:31:34.073018-03:00"
"2026-06-02 16:00:00","17.9","16.9","70","0.0","0.0","0","13","11.7","archive","-23.558","-46.635","2026-09-20T16:31:34.073018-03:00"
"2026-06-02 17:00:00","16.8","15.9","78","0.0","0.0","0","10","11.9","archive","-23.558","-46.635","2026-09-20T16:31:34.073018-03:00"
"2026-06-02 18:00:00","15.6","14.9","85","0.0","0.0","2","52","11.1","archive","-23.558","-46.635","2026-09-20T16:31:34.073018-03:00"
"2026-06-02 19:00:00","15.2","14.7","88","0.0","0.0","3","100","10.0","archive","-23.558","-46.635","2026-09-20T16:31:34.073018-03:00"
"2026-06-02 20:00:00","15.1","14.6","88","0.0","0.0","3","98","9.7","archive","-23.558","-46.635","2026-09-20T16:31:34.073018-03:00"
"2026-06-02 21:00:00","15.4","15.2","88","0.0","0.0","3","90","8.9","archive","-23.558","-46.635","2026-09-20T16:31:34.073018-03:00"
"2026-06-02 22:00:00","15.2","15.1","90","0.0","0.0","3","100","8.4","archive","-23.558","-46.635","2026-09-20T16:31:34.073018-03:00"
"2026-06-02 23:00:00","15.1","15.0","90","0.0","0.0","3","100","8.4","archive","-23.558","-46.635","2026-09-20T16:31:34.073018-03:00"
"2026-06-03 00:00:00","15.1","15.0","90","0.0","0.0","3","100","8.7","archive","-23.558","-46.635","2026-09-20T16:31:34.073018-03:00"
"2026-06-03 01:00:00","15.1","15.0","90","0.0","0.0","3","100","8.3","archive","-23.558","-46.635","2026-09-20T16:31:34.073018-03:00"
"2026-06-03 02:00:00","15.0","15.1","91","0.0","0.0","3","100","6.9","archive","-23.558","-46.635","2026-09-20T16:31:34.073018-03:00"
"2026-06-03 03:00:00","14.5","14.7","94","0.0","0.0","3","100","6.0","archive","-23.558","-46.635","2026-09-20T16:31:34.073018-03:00"
"2026-06-03 04:00:00","14.5","14.6","93","0.0","0.0","3","100","6.8","archive","-23.558","-46.635","2026-09-20T16:31:34.073018-03:00"
"2026-06-03 05:00:00","14.5","14.6","91","0.0","0.0","3","100","5.9","archive","-23.558","-46.635","2026-09-20T16:31:34.073018-03:00"
"2026-06-03 06:00:00","14.6","14.5","90","0.0","0.0","2","63","6.8","archive","-23.558","-46.635","2026-09-20T16:31:34.073018-03:00"
"2026-06-03 07:00:00","14.6","14.4","90","0.0","0.0","2","55","7.2","archive","-23.558","-46.635","2026-09-20T16:31:34.073018-03:00"
"2026-06-03 08:00:00","15.2","14.9","84","0.0","0.0","2","73","7.7","archive","-23.558","-46.635","2026-09-20T16:31:34.073018-03:00"
"2026-06-03 09:00:00","16.7","16.6","81","0.1","0.1","51","100","7.9","archive","-23.558","-46.635","2026-09-20T16:31:34.073018-03:00"
"2026-06-03 10:00:00","18.1","17.9","71","0.0","0.0","3","99","7.3","archive","-23.558","-46.635","2026-09-20T16:31:34.073018-03:00"
"2026-06-03 11:00:00","19.4","18.9","62","0.0","0.0","1","48","7.4","archive","-23.558","-46.635","2026-09-20T16:31:34.073018-03:00"
"2026-06-03 12:00:00","20.5","19.8","55","0.0","0.0","1","45","6.7","archive","-23.558","-46.635","2026-09-20T16:31:34.073018-03:00"
"2026-06-03 13:00:00","21.6","20.9","49","0.0","0.0","2","52","6.5","archive","-23.558","-46.635","2026-09-20T16:31:34.073018-03:00"
"2026-06-03 14:00:00","21.9","21.0","46","0.0","0.0","2","54","6.3","archive","-23.558","-46.635","2026-09-20T16:31:34.073018-03:00"
"2026-06-03 15:00:00","20.8","20.0","61","0.0","0.0","1","41","11.9","archive","-23.558","-46.635","2026-09-20T16:31:34.073018-03:00"
"2026-06-03 16:00:00","19.1","18.6","73","0.0","0.0","1","36","12.0","archive","-23.558","-46.635","2026-09-20T16:31:34.073018-03:00"
"2026-06-03 17:00:00","17.8","17.5","80","0.0","0.0","1","42","11.0","archive","-23.558","-46.635","2026-09-20T16:31:34.073018-03:00"
"2026-06-03 18:00:00","16.8","16.7","86","0.0","0.0","3","100","10.3","archive","-23.558","-46.635","2026-09-20T16:31:34.073018-03:00"
"2026-06-03 19:00:00","16.3","16.4","88","0.0","0.0","3","100","8.7","archive","-23.558","-46.635","2026-09-20T16:31:34.073018-03:00"
"2026-06-03 20:00:00","16.4","16.5","87","0.0","0.0","3","100","8.6","archive","-23.558","-46.635","2026-09-20T16:31:34.073018-03:00"
"2026-06-03 21:00:00","16.2","16.3","87","0.0","0.0","3","92","7.4","archive","-23.558","-46.635","2026-09-20T16:31:34.073018-03:00"
"2026-06-03 22:00:00","16.0","16.1","88","0.0","0.0","2","77","7.7","archive","-23.558","-46.635","2026-09-20T16:31:34.073018-03:00"
"2026-06-03 23:00:00","15.7","15.9","89","0.0","0.0","3","98","7.7","archive","-23.558","-46.635","2026-09-20T16:31:34.073018-03:00"
"2026-06-04 00:00:00","15.2","15.4","92","0.0","0.0","3","100","7.7","archive","-23.558","-46.635","2026-09-20T16:31:34.073018-03:00"
"2026-06-04 01:00:00","15.1","15.2","91","0.0","0.0","3","100","7.4","archive","-23.558","-46.635","2026-09-20T16:31:34.073018-03:00"
"2026-06-04 02:00:00","15.1","15.1","90","0.0","0.0","3","100","7.3","archive","-23.558","-46.635","2026-09-20T16:31:34.073018-03:00"
"2026-06-04 03:00:00","14.9","15.0","91","0.0","0.0","3","91","6.6","archive","-23.558","-46.635","2026-09-20T16:31:34.073018-03:00"
"2026-06-04 04:00:00","14.8","14.8","90","0.0","0.0","3","100","7.0","archive","-23.558","-46.635","2026-09-20T16:31:34.073018-03:00"
"2026-06-04 05:00:00","15.0","14.8","89","0.0","0.0","3","100","7.9","archive","-23.558","-46.635","2026-09-20T16:31:34.073018-03:00"
"2026-06-04 06:00:00","14.9","14.7","89","0.0","0.0","3","100","7.9","archive","-23.558","-46.635","2026-09-20T16:31:34.073018-03:00"
"2026-06-04 07:00:00","14.5","14.4","91","0.0","0.0","3","100","7.4","archive","-23.558","-46.635","2026-09-20T16:31:34.073018-03:00"
"2026-06-04 08:00:00","14.8","14.4","88","0.0","0.0","3","100","8.9","archive","-23.558","-46.635","2026-09-20T16:31:34.073018-03:00"
"2026-06-04 09:00:00","15.8","15.5","83","0.0","0.0","3","100","8.3","archive","-23.558","-46.635","2026-09-20T16:31:34.073018-03:00"
"2026-06-04 10:00:00","17.7","17.1","72","0.0","0.0","2","55","8.9","archive","-23.558","-46.635","2026-09-20T16:31:34.073018-03:00"
"2026-06-04 11:00:00","19.4","18.5","62","0.0","0.0","2","56","9.8","archive","-23.558","-46.635","2026-09-20T16:31:34.073018-03:00"
"2026-06-04 12:00:00","20.7","19.6","54","0.0","0.0","2","55","9.5","archive","-23.558","-46.635","2026-09-20T16:31:34.073018-03:00"
"2026-06-04 13:00:00","22.0","20.8","47","0.0","0.0","2","55","8.3","archive","-23.558","-46.635","2026-09-20T16:31:34.073018-03:00"
"2026-06-04 14:00:00","22.6","21.8","47","0.0","0.0","2","78","7.7","archive","-23.558","-46.635","2026-09-20T16:31:34.073018-03:00"
"2026-06-04 15:00:00","21.2","20.3","59","0.0","0.0","1","34","12.5","archive","-23.558","-46.635","2026-09-20T16:31:34.073018-03:00"
"2026-06-04 16:00:00","19.3","18.8","72","0.2","0.2","51","14","12.3","archive","-23.558","-46.635","2026-09-20T16:31:34.073018-03:00"
"2026-06-04 17:00:00","18.2","18.0","77","0.0","0.0","0","16","10.6","archive","-23.558","-46.635","2026-09-20T16:31:34.073018-03:00"
"2026-06-04 18:00:00","17.1","17.0","84","0.0","0.0","1","23","10.0","archive","-23.558","-46.635","2026-09-20T16:31:34.073018-03:00"
"2026-06-04 19:00:00","16.2","16.4","89","0.0","0.0","1","37","8.7","archive","-23.558","-46.635","2026-09-20T16:31:34.073018-03:00"
"2026-06-04 20:00:00","15.7","15.9","91","0.0","0.0","1","47","8.0","archive","-23.558","-46.635","2026-09-20T16:31:34.073018-03:00"
"2026-06-04 21:00:00","15.4","15.5","92","0.0","0.0","1","42","8.7","archive","-23.558","-46.635","2026-09-20T16:31:34.073018-03:00"
"2026-06-04 22:00:00","15.0","15.0","93","0.0","0.0","2","53","8.0","archive","-23.558","-46.635","2026-09-20T16:31:34.073018-03:00"
"2026-06-04 23:00:00","14.7","14.5","93","0.0","0.0","3","88","8.3","archive","-23.558","-46.635","2026-09-20T16:31:34.073018-03:00"
"2026-06-05 00:00:00","14.3","14.2","94","0.0","0.0","3","100","7.7","archive","-23.558","-46.635","2026-09-20T16:31:34.073018-03:00"
"2026-06-05 01:00:00","14.1","13.9","93","0.0","0.0","3","84","7.6","archive","-23.558","-46.635","2026-09-20T16:31:34.073018-03:00"
"2026-06-05 02:00:00","14.1","13.7","92","0.0","0.0","3","86","7.9","archive","-23.558","-46.635","2026-09-20T16:31:34.073018-03:00"
"2026-06-05 03:00:00","13.7","13.6","93","0.0","0.0","2","62","5.7","archive","-23.558","-46.635","2026-09-20T16:31:34.073018-03:00"
"2026-06-05 04:00:00","13.1","12.8","96","0.0","0.0","3","100","6.6","archive","-23.558","-46.635","2026-09-20T16:31:34.073018-03:00"
"2026-06-05 05:00:00","12.5","12.2","98","0.0","0.0","3","100","6.7","archive","-23.558","-46.635","2026-09-20T16:31:34.073018-03:00"
"2026-06-05 06:00:00","12.1","11.8","97","0.0","0.0","3","100","5.8","archive","-23.558","-46.635","2026-09-20T16:31:34.073018-03:00"
"2026-06-05 07:00:00","12.0","11.5","96","0.0","0.0","3","91","6.2","archive","-23.558","-46.635","2026-09-20T16:31:34.073018-03:00"
"2026-06-05 08:00:00","12.7","12.2","90","0.0","0.0","1","23","5.3","archive","-23.558","-46.635","2026-09-20T16:31:34.073018-03:00"
"2026-06-05 09:00:00","14.8","14.1","80","0.0","0.0","1","46","7.5","archive","-23.558","-46.635","2026-09-20T16:31:34.073018-03:00"
"2026-06-05 10:00:00","16.9","15.9","69","0.0","0.0","3","100","8.7","archive","-23.558","-46.635","2026-09-20T16:31:34.073018-03:00"
"2026-06-05 11:00:00","18.2","17.1","61","0.0","0.0","3","100","8.5","archive","-23.558","-46.635","2026-09-20T16:31:34.073018-03:00"
"2026-06-05 12:00:00","19.4","18.1","53","0.0","0.0","1","32","7.9","archive","-23.558","-46.635","2026-09-20T16:31:34.073018-03:00"
"2026-06-05 13:00:00","20.3","19.2","49","0.0","0.0","0","16","6.3","archive","-23.558","-46.635","2026-09-20T16:31:34.073018-03:00"
"2026-06-05 14:00:00","20.8","20.1","47","0.0","0.0","0","8","4.2","archive","-23.558","-46.635","2026-09-20T16:31:34.073018-03:00"
"2026-06-05 15:00:00","21.2","20.5","47","0.0","0.0","1","29","4.0","archive","-23.558","-46.635","2026-09-20T16:31:34.073018-03:00"
"2026-06-05 16:00:00","20.7","19.4","49","0.0","0.0","0","17","8.0","archive","-23.558","-46.635","2026-09-20T16:31:34.073018-03:00"
"2026-06-05 17:00:00","17.6","16.2","70","0.0","0.0","2","50","13.5","archive","-23.558","-46.635","2026-09-20T16:31:34.073018-03:00"
"2026-06-05 18:00:00","15.7","15.1","82","0.0","0.0","1","33","9.4","archive","-23.558","-46.635","2026-09-20T16:31:34.073018-03:00"
"2026-06-05 19:00:00","15.3","15.1","86","0.0","0.0","1","27","7.5","archive","-23.558","-46.635","2026-09-20T16:31:34.073018-03:00"
"2026-06-05 20:00:00","14.8","14.7","90","0.0","0.0","1","27","6.9","archive","-23.558","-46.635","2026-09-20T16:31:34.073018-03:00"
"2026-06-05 21:00:00","15.1","14.8","88","0.0","0.0","3","100","8.1","archive","-23.558","-46.635","2026-09-20T16:31:34.073018-03:00"
"2026-06-05 22:00:00","14.9","14.9","87","0.0","0.0","3","99","5.5","archive","-23.558","-46.635","2026-09-20T16:31:34.073018-03:00"
"2026-06-05 23:00:00","14.5","14.8","89","0.0","0.0","3","100","3.5","archive","-23.558","-46.635","2026-09-20T16:31:34.073018-03:00"
"2026-06-06 00:00:00","14.3","14.5","90","0.0","0.0","3","100","4.1","archive","-23.558","-46.635","2026-09-20T16:31:34.073018-03:00"
"2026-06-06 01:00:00","13.8","14.0","92","0.0","0.0","3","100","4.1","archive","-23.558","-46.635","2026-09-20T16:31:34.073018-03:00"
"2026-06-06 02:00:00","13.2","13.1","95","0.0","0.0","3","99","5.3","archive","-23.558","-46.635","2026-09-20T16:31:34.073018-03:00"
"2026-06-06 03:00:00","12.9","13.1","94","0.0","0.0","3","100","2.6","archive","-23.558","-46.635","2026-09-20T16:31:34.073018-03:00"
"2026-06-06 04:00:00","12.4","12.4","95","0.0","0.0","3","100","2.7","archive","-23.558","-46.635","2026-09-20T16:31:34.073018-03:00"
"2026-06-06 05:00:00","12.2","12.0","92","0.0","0.0","3","100","3.4","archive","-23.558","-46.635","2026-09-20T16:31:34.073018-03:00"
"2026-06-06 06:00:00","11.9","11.3","91","0.0","0.0","3","96","4.7","archive","-23.558","-46.635","2026-09-20T16:31:34.073018-03:00"
"2026-06-06 07:00:00","11.7","10.9","91","0.0","0.0","3","89","5.6","archive","-23.558","-46.635","2026-09-20T16:31:34.073018-03:00"
"2026-06-06 08:00:00","12.4","11.8","86","0.0","0.0","1","26","4.2","archive","-23.558","-46.635","2026-09-20T16:31:34.073018-03:00"
"2026-06-06 09:00:00","14.0","13.5","80","0.0","0.0","1","28","4.7","archive","-23.558","-46.635","2026-09-20T16:31:34.073018-03:00"
"2026-06-06 10:00:00","16.1","15.7","70","0.0","0.0","0","17","3.8","archive","-23.558","-46.635","2026-09-20T16:31:34.073018-03:00"
"2026-06-06 11:00:00","18.2","18.0","60","0.0","0.0","0","1","4.5","archive","-23.558","-46.635","2026-09-20T16:31:34.073018-03:00"
"2026-06-06 12:00:00","20.1","19.8","50","0.0","0.0","0","0","6.0","archive","-23.558","-46.635","2026-09-20T16:31:34.073018-03:00"
"2026-06-06 13:00:00","21.4","20.7","42","0.0","0.0","0","0","6.9","archive","-23.558","-46.635","2026-09-20T16:31:34.073018-03:00"
"2026-06-06 14:00:00","22.0","20.8","40","0.0","0.0","0","0","7.8","archive","-23.558","-46.635","2026-09-20T16:31:34.073018-03:00"
"2026-06-06 15:00:00","22.3","20.3","37","0.0","0.0","0","0","8.0","archive","-23.558","-46.635","2026-09-20T16:31:34.073018-03:00"
"2026-06-06 16:00:00","21.5","19.4","39","0.0","0.0","0","0","9.6","archive","-23.558","-46.635","2026-09-20T16:31:34.073018-03:00"
"2026-06-06 17:00:00","20.2","18.0","44","0.0","0.0","0","0","9.9","archive","-23.558","-46.635","2026-09-20T16:31:34.073018-03:00"
"2026-06-06 18:00:00","18.8","17.0","50","0.0","0.0","0","0","9.0","archive","-23.558","-46.635","2026-09-20T16:31:34.073018-03:00"
"2026-06-06 19:00:00","17.7","16.2","56","0.0","0.0","0","0","7.9","archive","-23.558","-46.635","2026-09-20T16:31:34.073018-03:00"
"2026-06-06 20:00:00","16.9","15.6","61","0.0","0.0","0","0","7.9","archive","-23.558","-46.635","2026-09-20T16:31:34.073018-03:00"
"2026-06-06 21:00:00","16.4","15.7","69","0.0","0.0","0","0","5.8","archive","-23.558","-46.635","2026-09-20T16:31:34.073018-03:00"
"2026-06-06 22:00:00","15.2","14.5","75","0.0","0.0","0","0","6.2","archive","-23.558","-46.635","2026-09-20T16:31:34.073018-03:00"
"2026-06-06 23:00:00","14.5","13.9","78","0.0","0.0","0","0","5.4","archive","-23.558","-46.635","2026-09-20T16:31:34.073018-03:00"
"2026-06-07 00:00:00","13.9","13.3","80","0.0","0.0","0","0","4.9","archive","-23.558","-46.635","2026-09-20T16:31:34.073018-03:00"
"2026-06-07 01:00:00","13.3","12.7","82","0.0","0.0","0","0","4.9","archive","-23.558","-46.635","2026-09-20T16:31:34.073018-03:00"
"2026-06-07 02:00:00","12.8","12.1","83","0.0","0.0","0","0","5.1","archive","-23.558","-46.635","2026-09-20T16:31:34.073018-03:00"
"2026-06-07 03:00:00","12.2","11.4","86","0.0","0.0","0","0","4.9","archive","-23.558","-46.635","2026-09-20T16:31:34.073018-03:00"
"2026-06-07 04:00:00","11.6","10.5","87","0.0","0.0","0","0","6.6","archive","-23.558","-46.635","2026-09-20T16:31:34.073018-03:00"
"2026-06-07 05:00:00","11.3","10.1","87","0.0","0.0","0","0","6.2","archive","-23.558","-46.635","2026-09-20T16:31:34.073018-03:00"
"2026-06-07 06:00:00","10.9","9.7","87","0.0","0.0","0","0","5.7","archive","-23.558","-46.635","2026-09-20T16:31:34.073018-03:00"
"2026-06-07 07:00:00","10.5","9.3","88","0.0","0.0","1","36","5.5","archive","-23.558","-46.635","2026-09-20T16:31:34.073018-03:00"
"2026-06-07 08:00:00","12.3","11.4","82","0.0","0.0","1","42","4.7","archive","-23.558","-46.635","2026-09-20T16:31:34.073018-03:00"
"2026-06-07 09:00:00","15.0","14.8","73","0.0","0.0","0","11","2.2","archive","-23.558","-46.635","2026-09-20T16:31:34.073018-03:00"
"2026-06-07 10:00:00","17.4","17.2","64","0.0","0.0","1","49","2.3","archive","-23.558","-46.635","2026-09-20T16:31:34.073018-03:00"
"2026-06-07 11:00:00","19.2","19.3","53","0.0","0.0","2","79","1.7","archive","-23.558","-46.635","2026-09-20T16:31:34.073018-03:00"
"2026-06-07 12:00:00","20.5","20.8","47","0.0","0.0","2","77","1.5","archive","-23.558","-46.635","2026-09-20T16:31:34.073018-03:00"
"2026-06-07 13:00:00","21.3","21.3","43","0.0","0.0","2","71","3.2","archive","-23.558","-46.635","2026-09-20T16:31:34.073018-03:00"
"2026-06-07 14:00:00","21.7","20.9","40","0.0","0.0","2","53","4.6","archive","-23.558","-46.635","2026-09-20T16:31:34.073018-03:00"
"2026-06-07 15:00:00","22.2","20.4","34","0.0","0.0","2","51","4.4","archive","-23.558","-46.635","2026-09-20T16:31:34.073018-03:00"
"2026-06-07 16:00:00","22.1","20.0","31","0.0","0.0","0","0","4.9","archive","-23.558","-46.635","2026-09-20T16:31:34.073018-03:00"
"2026-06-07 17:00:00","21.3","19.8","39","0.0","0.0","0","0","4.1","archive","-23.558","-46.635","2026-09-20T16:31:34.073018-03:00"
"2026-06-07 18:00:00","19.7","18.2","43","0.0","0.0","0","0","4.5","archive","-23.558","-46.635","2026-09-20T16:31:34.073018-03:00"
"2026-06-07 19:00:00","18.2","17.5","61","0.0","0.0","0","0","5.6","archive","-23.558","-46.635","2026-09-20T16:31:34.073018-03:00"
"2026-06-07 20:00:00","16.8","17.0","76","0.0","0.0","0","0","4.1","archive","-23.558","-46.635","2026-09-20T16:31:34.073018-03:00"
"2026-06-07 21:00:00","15.9","16.5","83","0.0","0.0","0","0","2.1","archive","-23.558","-46.635","2026-09-20T16:31:34.073018-03:00"
"2026-06-07 22:00:00","15.3","15.8","84","0.0","0.0","0","0","2.3","archive","-23.558","-46.635","2026-09-20T16:31:34.073018-03:00"
"2026-06-07 23:00:00","14.8","15.0","86","0.0","0.0","0","1","3.5","archive","-23.558","-46.635","2026-09-20T16:31:34.073018-03:00"
"2026-06-08 00:00:00","14.2","14.4","87","0.0","0.0","0","2","3.0","archive","-23.558","-46.635","2026-09-20T16:31:34.073018-03:00"
"2026-06-08 01:00:00","13.7","13.7","87","0.0","0.0","0","2","2.9","archive","-23.558","-46.635","2026-09-20T16:31:34.073018-03:00"
"2026-06-08 02:00:00","13.2","13.0","87","0.0","0.0","0","0","3.1","archive","-23.558","-46.635","2026-09-20T16:31:34.073018-03:00"
"2026-06-08 03:00:00","12.5","12.1","89","0.0","0.0","0","0","3.6","archive","-23.558","-46.635","2026-09-20T16:31:34.073018-03:00"
"2026-06-08 04:00:00","12.1","11.4","88","0.0","0.0","0","0","4.7","archive","-23.558","-46.635","2026-09-20T16:31:34.073018-03:00"
"2026-06-08 05:00:00","11.7","11.2","88","0.0","0.0","0","0","3.4","archive","-23.558","-46.635","2026-09-20T16:31:34.073018-03:00"
"2026-06-08 06:00:00","11.1","10.5","90","0.0","0.0","0","0","3.1","archive","-23.558","-46.635","2026-09-20T16:31:34.073018-03:00"
"2026-06-08 07:00:00","10.0","9.1","97","0.0","0.0","0","5","4.6","archive","-23.558","-46.635","2026-09-20T16:31:34.073018-03:00"
"2026-06-08 08:00:00","11.0","10.5","93","0.0","0.0","0","16","3.6","archive","-23.558","-46.635","2026-09-20T16:31:34.073018-03:00"
"2026-06-08 09:00:00","12.7","12.6","87","0.0","0.0","1","23","1.9","archive","-23.558","-46.635","2026-09-20T16:31:34.073018-03:00"
"2026-06-08 10:00:00","16.1","16.0","70","0.0","0.0","0","0","2.0","archive","-23.558","-46.635","2026-09-20T16:31:34.073018-03:00"
"2026-06-08 11:00:00","19.7","19.7","52","0.0","0.0","0","0","2.2","archive","-23.558","-46.635","2026-09-20T16:31:34.073018-03:00"
"2026-06-08 12:00:00","22.0","21.3","38","0.0","0.0","0","0","5.1","archive","-23.558","-46.635","2026-09-20T16:31:34.073018-03:00"
"2026-06-08 13:00:00","23.0","21.7","33","0.0","0.0","0","0","8.0","archive","-23.558","-46.635","2026-09-20T16:31:34.073018-03:00"
"2026-06-08 14:00:00","23.3","21.6","34","0.0","0.0","0","0","8.2","archive","-23.558","-46.635","2026-09-20T16:31:34.073018-03:00"
"2026-06-08 15:00:00","23.9","21.6","32","0.0","0.0","0","0","8.3","archive","-23.558","-46.635","2026-09-20T16:31:34.073018-03:00"
"2026-06-08 16:00:00","23.4","20.9","32","0.0","0.0","0","0","9.3","archive","-23.558","-46.635","2026-09-20T16:31:34.073018-03:00"
"2026-06-08 17:00:00","22.1","19.8","36","0.0","0.0","0","0","9.3","archive","-23.558","-46.635","2026-09-20T16:31:34.073018-03:00"
"2026-06-08 18:00:00","20.4","18.7","45","0.0","0.0","0","0","7.8","archive","-23.558","-46.635","2026-09-20T16:31:34.073018-03:00"
"2026-06-08 19:00:00","19.3","18.2","53","0.0","0.0","0","0","6.1","archive","-23.558","-46.635","2026-09-20T16:31:34.073018-03:00"
"2026-06-08 20:00:00","18.5","17.6","58","0.0","0.0","0","1","6.0","archive","-23.558","-46.635","2026-09-20T16:31:34.073018-03:00"
"2026-06-08 21:00:00","17.7","17.4","64","0.0","0.0","0","0","3.8","archive","-23.558","-46.635","2026-09-20T16:31:34.073018-03:00"
"2026-06-08 22:00:00","16.8","16.4","66","0.0","0.0","0","0","3.7","archive","-23.558","-46.635","2026-09-20T16:31:34.073018-03:00"
"2026-06-08 23:00:00","16.0","15.7","71","0.0","0.0","0","0","3.3","archive","-23.558","-46.635","2026-09-20T16:31:34.073018-03:00"
"2026-06-09 00:00:00","15.5","15.2","73","0.0","0.0","0","17","3.1","archive","-23.558","-46.635","2026-09-20T16:31:34.073018-03:00"
"2026-06-09 01:00:00","14.7","14.1","75","0.0","0.0","1","42","4.7","archive","-23.558","-46.635","2026-09-20T16:31:34.073018-03:00"
"2026-06-09 02:00:00","14.2","13.9","78","0.0","0.0","2","77","2.9","archive","-23.558","-46.635","2026-09-20T16:31:34.073018-03:00"
"2026-06-09 03:00:00","13.6","13.1","79","0.0","0.0","2","72","3.6","archive","-23.558","-46.635","2026-09-20T16:31:34.073018-03:00"
"2026-06-09 04:00:00","12.8","12.1","81","0.0","0.0","3","97","4.3","archive","-23.558","-46.635","2026-09-20T16:31:34.073018-03:00"
"2026-06-09 05:00:00","12.3","11.6","84","0.0","0.0","3","95","3.8","archive","-23.558","-46.635","2026-09-20T16:31:34.073018-03:00"
"2026-06-09 06:00:00","11.9","11.1","84","0.0","0.0","3","99","4.2","archive","-23.558","-46.635","2026-09-20T16:31:34.073018-03:00"
"2026-06-09 07:00:00","11.9","10.9","82","0.0","0.0","3","100","5.0","archive","-23.558","-46.635","2026-09-20T16:31:34.073018-03:00"
"2026-06-09 08:00:00","13.6","12.5","73","0.0","0.0","3","98","5.6","archive","-23.558","-46.635","2026-09-20T16:31:34.073018-03:00"
"2026-06-09 09:00:00","16.6","15.8","61","0.0","0.0","3","95","3.2","archive","-23.558","-46.635","2026-09-20T16:31:34.073018-03:00"
"2026-06-09 10:00:00","19.2","18.3","54","0.0","0.0","3","100","4.7","archive","-23.558","-46.635","2026-09-20T16:31:34.073018-03:00"
"2026-06-09 11:00:00","21.1","19.7","47","0.0","0.0","3","99","8.5","archive","-23.558","-46.635","2026-09-20T16:31:34.073018-03:00"
"2026-06-09 12:00:00","22.1","20.8","44","0.0","0.0","3","100","10.1","archive","-23.558","-46.635","2026-09-20T16:31:34.073018-03:00"
"2026-06-09 13:00:00","23.0","20.8","37","0.0","0.0","3","100","12.6","archive","-23.558","-46.635","2026-09-20T16:31:34.073018-03:00"
"2026-06-09 14:00:00","23.3","20.7","35","0.0","0.0","1","20","12.9","archive","-23.558","-46.635","2026-09-20T16:31:34.073018-03:00"
"2026-06-09 15:00:00","23.3","20.9","34","0.0","0.0","2","56","10.4","archive","-23.558","-46.635","2026-09-20T16:31:34.073018-03:00"
"2026-06-09 16:00:00","22.7","20.5","36","0.0","0.0","1","28","9.6","archive","-23.558","-46.635","2026-09-20T16:31:34.073018-03:00"
"2026-06-09 17:00:00","21.7","19.9","41","0.0","0.0","2","73","8.6","archive","-23.558","-46.635","2026-09-20T16:31:34.073018-03:00"
"2026-06-09 18:00:00","20.2","19.1","51","0.0","0.0","1","20","6.4","archive","-23.558","-46.635","2026-09-20T16:31:34.073018-03:00"
"2026-06-09 19:00:00","19.2","18.7","58","0.0","0.0","1","48","4.8","archive","-23.558","-46.635","2026-09-20T16:31:34.073018-03:00"
"2026-06-09 20:00:00","18.5","18.1","62","0.0","0.0","3","80","4.5","archive","-23.558","-46.635","2026-09-20T16:31:34.073018-03:00"
"2026-06-09 21:00:00","18.0","17.6","64","0.0","0.0","3","98","4.9","archive","-23.558","-46.635","2026-09-20T16:31:34.073018-03:00"
"2026-06-09 22:00:00","17.5","16.6","64","0.0","0.0","2","66","7.3","archive","-23.558","-46.635","2026-09-20T16:31:34.073018-03:00"
"2026-06-09 23:00:00","16.5","16.1","69","0.0","0.0","2","59","4.6","archive","-23.558","-46.635","2026-09-20T16:31:34.073018-03:00"
"2026-06-10 00:00:00","15.8","15.6","73","0.0","0.0","1","43","3.5","archive","-23.558","-46.635","2026-09-20T16:31:34.073018-03:00"
"2026-06-10 01:00:00","15.4","15.0","74","0.0","0.0","1","28","3.7","archive","-23.558","-46.635","2026-09-20T16:31:34.073018-03:00"
"2026-06-10 02:00:00","14.8","14.2","75","0.0","0.0","3","98","5.0","archive","-23.558","-46.635","2026-09-20T16:31:34.073018-03:00"
"2026-06-10 03:00:00","14.2","13.9","79","0.0","0.0","3","95","3.5","archive","-23.558","-46.635","2026-09-20T16:31:34.073018-03:00"
"2026-06-10 04:00:00","13.7","13.4","79","0.0","0.0","3","94","2.2","archive","-23.558","-46.635","2026-09-20T16:31:34.073018-03:00"
"2026-06-10 05:00:00","13.4","13.3","80","0.0","0.0","3","99","0.6","archive","-23.558","-46.635","2026-09-20T16:31:34.073018-03:00"
"2026-06-10 06:00:00","13.3","13.3","81","0.0","0.0","3","100","0.2","archive","-23.558","-46.635","2026-09-20T16:31:34.073018-03:00"
"2026-06-10 07:00:00","13.2","13.0","82","0.0","0.0","3","90","1.1","archive","-23.558","-46.635","2026-09-20T16:31:34.073018-03:00"
"2026-06-10 08:00:00","14.5","14.2","76","0.0","0.0","1","34","2.0","archive","-23.558","-46.635","2026-09-20T16:31:34.073018-03:00"
"2026-06-10 09:00:00","16.5","16.3","69","0.0","0.0","3","84","2.2","archive","-23.558","-46.635","2026-09-20T16:31:34.073018-03:00"
"2026-06-10 10:00:00","18.7","18.4","58","0.0","0.0","3","80","2.8","archive","-23.558","-46.635","2026-09-20T16:31:34.073018-03:00"
"2026-06-10 11:00:00","20.7","20.3","49","0.0","0.0","1","27","2.5","archive","-23.558","-46.635","2026-09-20T16:31:34.073018-03:00"
"2026-06-10 12:00:00","22.3","22.6","42","0.0","0.0","2","64","1.3","archive","-23.558","-46.635","2026-09-20T16:31:34.073018-03:00"
"2026-06-10 13:00:00","23.2","23.4","40","0.0","0.0","2","76","0.6","archive","-23.558","-46.635","2026-09-20T16:31:34.073018-03:00"
"2026-06-10 14:00:00","23.8","23.3","38","0.0","0.0","3","95","1.8","archive","-23.558","-46.635","2026-09-20T16:31:34.073018-03:00"
"2026-06-10 15:00:00","24.1","23.1","38","0.0","0.0","3","98","4.8","archive","-23.558","-46.635","2026-09-20T16:31:34.073018-03:00"
"2026-06-10 16:00:00","23.4","22.3","41","0.0","0.0","3","100","6.5","archive","-23.558","-46.635","2026-09-20T16:31:34.073018-03:00"
"2026-06-10 17:00:00","19.6","19.2","71","0.0","0.0","3","100","12.2","archive","-23.558","-46.635","2026-09-20T16:31:34.073018-03:00"
"2026-06-10 18:00:00","17.1","17.4","86","0.1","0.1","51","100","8.7","archive","-23.558","-46.635","2026-09-20T16:31:34.073018-03:00"
"2026-06-10 19:00:00","17.3","18.0","85","0.1","0.1","51","100","5.4","archive","-23.558","-46.635","2026-09-20T16:31:34.073018-03:00"
"2026-06-10 20:00:00","17.4","18.5","86","0.4","0.4","51","100","3.6","archive","-23.558","-46.635","2026-09-20T16:31:34.073018-03:00"
"2026-06-10 21:00:00","16.7","18.3","93","0.3","0.3","51","100","1.6","archive","-23.558","-46.635","2026-09-20T16:31:34.073018-03:00"
"2026-06-10 22:00:00","16.7","18.3","94","2.0","2.0","61","100","2.3","archive","-23.558","-46.635","2026-09-20T16:31:34.073018-03:00"
"2026-06-10 23:00:00","16.7","18.5","96","0.9","0.9","53","100","1.5","archive","-23.558","-46.635","2026-09-20T16:31:34.073018-03:00"
"2026-06-11 00:00:00","16.8","18.6","97","0.2","0.2","51","100","2.3","archive","-23.558","-46.635","2026-09-20T16:31:34.073018-03:00"
"2026-06-11 01:00:00","16.8","18.4","96","0.6","0.6","53","100","3.6","archive","-23.558","-46.635","2026-09-20T16:31:34.073018-03:00"
"2026-06-11 02:00:00","16.6","17.8","93","1.2","1.2","55","100","4.1","archive","-23.558","-46.635","2026-09-20T16:31:34.073018-03:00"
"2026-06-11 03:00:00","16.1","16.7","91","0.9","0.9","53","100","5.5","archive","-23.558","-46.635","2026-09-20T16:31:34.073018-03:00"
"2026-06-11 04:00:00","15.7","16.2","91","1.9","1.9","61","100","5.9","archive","-23.558","-46.635","2026-09-20T16:31:34.073018-03:00"
"2026-06-11 05:00:00","15.5","15.9","92","1.1","1.1","55","100","6.5","archive","-23.558","-46.635","2026-09-20T16:31:34.073018-03:00"
"2026-06-11 06:00:00","15.3","15.5","92","0.6","0.6","53","100","6.9","archive","-23.558","-46.635","2026-09-20T16:31:34.073018-03:00"
"2026-06-11 07:00:00","15.2","15.6","92","0.4","0.4","51","100","5.8","archive","-23.558","-46.635","2026-09-20T16:31:34.073018-03:00"
"2026-06-11 08:00:00","15.4","15.8","92","0.4","0.4","51","100","6.5","archive","-23.558","-46.635","2026-09-20T16:31:34.073018-03:00"
"2026-06-11 09:00:00","16.3","17.4","93","0.2","0.2","51","100","4.7","archive","-23.558","-46.635","2026-09-20T16:31:34.073018-03:00"
"2026-06-11 10:00:00","16.7","17.7","92","0.2","0.2","51","100","5.2","archive","-23.558","-46.635","2026-09-20T16:31:34.073018-03:00"
"2026-06-11 11:00:00","17.4","18.0","86","0.2","0.2","51","100","7.8","archive","-23.558","-46.635","2026-09-20T16:31:34.073018-03:00"
"2026-06-11 12:00:00","18.5","18.2","77","0.1","0.1","51","100","11.5","archive","-23.558","-46.635","2026-09-20T16:31:34.073018-03:00"
"2026-06-11 13:00:00","18.9","18.6","72","0.0","0.0","3","98","10.4","archive","-23.558","-46.635","2026-09-20T16:31:34.073018-03:00"
"2026-06-11 14:00:00","18.8","18.6","73","0.0","0.0","3","100","9.3","archive","-23.558","-46.635","2026-09-20T16:31:34.073018-03:00"
"2026-06-11 15:00:00","18.7","19.2","77","0.0","0.0","3","100","6.3","archive","-23.558","-46.635","2026-09-20T16:31:34.073018-03:00"
"2026-06-11 16:00:00","18.6","19.5","77","0.1","0.1","51","21","4.1","archive","-23.558","-46.635","2026-09-20T16:31:34.073018-03:00"
"2026-06-11 17:00:00","18.4","19.5","80","0.0","0.0","0","14","3.1","archive","-23.558","-46.635","2026-09-20T16:31:34.073018-03:00"
"2026-06-11 18:00:00","17.5","18.9","84","0.0","0.0","0","14","0.9","archive","-23.558","-46.635","2026-09-20T16:31:34.073018-03:00"
"2026-06-11 19:00:00","16.8","17.5","86","0.0","0.0","0","6","4.9","archive","-23.558","-46.635","2026-09-20T16:31:34.073018-03:00"
"2026-06-11 20:00:00","16.5","16.9","87","0.0","0.0","0","17","6.7","archive","-23.558","-46.635","2026-09-20T16:31:34.073018-03:00"
"2026-06-11 21:00:00","16.7","17.6","88","0.0","0.0","0","13","4.8","archive","-23.558","-46.635","2026-09-20T16:31:34.073018-03:00"
"2026-06-11 22:00:00","16.1","16.7","89","0.0","0.0","0","10","5.4","archive","-23.558","-46.635","2026-09-20T16:31:34.073018-03:00"
"2026-06-11 23:00:00","15.7","16.2","90","0.0","0.0","0","11","5.9","archive","-23.558","-46.635","2026-09-20T16:31:34.073018-03:00"
"2026-06-12 00:00:00","15.5","15.7","88","0.0","0.0","0","11","6.6","archive","-23.558","-46.635","2026-09-20T16:31:34.073018-03:00"
"2026-06-12 01:00:00","15.4","15.5","86","0.0","0.0","2","66","5.6","archive","-23.558","-46.635","2026-09-20T16:31:34.073018-03:00"
"2026-06-12 02:00:00","15.1","15.4","86","0.0","0.0","2","73","3.6","archive","-23.558","-46.635","2026-09-20T16:31:34.073018-03:00"
"2026-06-12 03:00:00","14.8","14.9","86","0.0","0.0","3","93","4.4","archive","-23.558","-46.635","2026-09-20T16:31:34.073018-03:00"
"2026-06-12 04:00:00","15.2","14.6","81","0.0","0.0","2","51","7.7","archive","-23.558","-46.635","2026-09-20T16:31:34.073018-03:00"
"2026-06-12 05:00:00","15.1","14.4","80","0.0","0.0","2","79","7.7","archive","-23.558","-46.635","2026-09-20T16:31:34.073018-03:00"
"2026-06-12 06:00:00","14.9","14.4","80","0.0","0.0","2","72","6.4","archive","-23.558","-46.635","2026-09-20T16:31:34.073018-03:00"
"2026-06-12 07:00:00","15.2","14.4","79","0.0","0.0","2","63","8.9","archive","-23.558","-46.635","2026-09-20T16:31:34.073018-03:00"
"2026-06-12 08:00:00","17.0","16.2","73","0.0","0.0","3","98","9.9","archive","-23.558","-46.635","2026-09-20T16:31:34.073018-03:00"
"2026-06-12 09:00:00","16.0","16.1","87","0.0","0.0","3","100","7.6","archive","-23.558","-46.635","2026-09-20T16:31:34.073018-03:00"
"2026-06-12 10:00:00","16.0","15.7","90","1.9","1.9","61","100","11.5","archive","-23.558","-46.635","2026-09-20T16:31:34.073018-03:00"
"2026-06-12 11:00:00","18.1","18.2","84","0.2","0.2","51","98","11.2","archive","-23.558","-46.635","2026-09-20T16:31:34.073018-03:00"
"2026-06-12 12:00:00","18.6","17.4","79","0.1","0.1","51","92","19.2","archive","-23.558","-46.635","2026-09-20T16:31:34.073018-03:00"
"2026-06-12 13:00:00","19.3","18.3","77","0.4","0.4","51","78","19.1","archive","-23.558","-46.635","2026-09-20T16:31:34.073018-03:00"
"2026-06-12 14:00:00","20.2","18.8","74","0.2","0.2","51","55","21.7","archive","-23.558","-46.635","2026-09-20T16:31:34.073018-03:00"
"2026-06-12 15:00:00","19.9","18.8","77","0.0","0.0","3","98","20.4","archive","-23.558","-46.635","2026-09-20T16:31:34.073018-03:00"
"2026-06-12 16:00:00","20.0","19.8","79","0.0","0.0","2","63","16.1","archive","-23.558","-46.635","2026-09-20T16:31:34.073018-03:00"
"2026-06-12 17:00:00","19.5","18.6","81","0.0","0.0","2","74","20.4","archive","-23.558","-46.635","2026-09-20T16:31:34.073018-03:00"
"2026-06-12 18:00:00","18.5","17.6","84","0.0","0.0","3","86","19.5","archive","-23.558","-46.635","2026-09-20T16:31:34.073018-03:00"
"2026-06-12 19:00:00","18.0","17.2","87","0.0","0.0","2","75","19.0","archive","-23.558","-46.635","2026-09-20T16:31:34.073018-03:00"
"2026-06-12 20:00:00","18.2","17.1","88","0.0","0.0","3","95","21.2","archive","-23.558","-46.635","2026-09-20T16:31:34.073018-03:00"
"2026-06-12 21:00:00","19.3","19.3","83","0.0","0.0","3","94","15.2","archive","-23.558","-46.635","2026-09-20T16:31:34.073018-03:00"
"2026-06-12 22:00:00","19.0","19.0","85","0.0","0.0","2","76","15.2","archive","-23.558","-46.635","2026-09-20T16:31:34.073018-03:00"
"2026-06-12 23:00:00","18.4","17.9","87","0.0","0.0","2","63","18.1","archive","-23.558","-46.635","2026-09-20T16:31:34.073018-03:00"
"2026-06-13 00:00:00","17.4","16.9","89","0.0","0.0","3","89","16.3","archive","-23.558","-46.635","2026-09-20T16:31:34.073018-03:00"
"2026-06-13 01:00:00","17.6","17.0","88","0.0","0.0","3","100","16.6","archive","-23.558","-46.635","2026-09-20T16:31:34.073018-03:00"
"2026-06-13 02:00:00","17.5","17.5","90","0.0","0.0","3","100","13.6","archive","-23.558","-46.635","2026-09-20T16:31:34.073018-03:00"
"2026-06-13 03:00:00","17.3","17.3","87","0.0","0.0","3","98","12.3","archive","-23.558","-46.635","2026-09-20T16:31:34.073018-03:00"
"2026-06-13 04:00:00","16.6","16.4","89","0.0","0.0","3","99","11.8","archive","-23.558","-46.635","2026-09-20T16:31:34.073018-03:00"
"2026-06-13 05:00:00","16.0","16.0","91","0.3","0.3","51","95","10.4","archive","-23.558","-46.635","2026-09-20T16:31:34.073018-03:00"
"2026-06-13 06:00:00","16.0","15.6","91","0.2","0.2","51","98","13.2","archive","-23.558","-46.635","2026-09-20T16:31:34.073018-03:00"
"2026-06-13 07:00:00","15.9","15.5","92","0.1","0.1","51","99","12.9","archive","-23.558","-46.635","2026-09-20T16:31:34.073018-03:00"
"2026-06-13 08:00:00","16.5","16.3","91","0.0","0.0","3","99","12.6","archive","-23.558","-46.635","2026-09-20T16:31:34.073018-03:00"
"2026-06-13 09:00:00","17.7","17.6","86","0.0","0.0","3","100","12.8","archive","-23.558","-46.635","2026-09-20T16:31:34.073018-03:00"
"2026-06-13 10:00:00","18.1","18.2","84","0.2","0.2","51","94","12.0","archive","-23.558","-46.635","2026-09-20T16:31:34.073018-03:00"
"2026-06-13 11:00:00","19.4","19.0","78","0.1","0.1","51","64","15.4","archive","-23.558","-46.635","2026-09-20T16:31:34.073018-03:00"
"2026-06-13 12:00:00","20.4","20.1","74","0.0","0.0","1","42","15.1","archive","-23.558","-46.635","2026-09-20T16:31:34.073018-03:00"
"2026-06-13 13:00:00","21.5","21.1","67","0.0","0.0","1","45","15.8","archive","-23.558","-46.635","2026-09-20T16:31:34.073018-03:00"
"2026-06-13 14:00:00","21.9","21.3","64","0.0","0.0","0","16","15.1","archive","-23.558","-46.635","2026-09-20T16:31:34.073018-03:00"
"2026-06-13 15:00:00","21.7","21.3","64","0.0","0.0","0","18","13.3","archive","-23.558","-46.635","2026-09-20T16:31:34.073018-03:00"
"2026-06-13 16:00:00","20.7","20.3","69","0.1","0.1","51","6","13.6","archive","-23.558","-46.635","2026-09-20T16:31:34.073018-03:00"
"2026-06-13 17:00:00","19.6","19.7","76","0.0","0.0","1","23","11.6","archive","-23.558","-46.635","2026-09-20T16:31:34.073018-03:00"
"2026-06-13 18:00:00","18.6","18.8","81","0.0","0.0","0","19","10.9","archive","-23.558","-46.635","2026-09-20T16:31:34.073018-03:00"
"2026-06-13 19:00:00","17.7","18.4","87","0.0","0.0","0","16","8.1","archive","-23.558","-46.635","2026-09-20T16:31:34.073018-03:00"
"2026-06-13 20:00:00","17.3","18.0","89","0.0","0.0","2","66","8.1","archive","-23.558","-46.635","2026-09-20T16:31:34.073018-03:00"
"2026-06-13 21:00:00","17.4","17.8","91","0.0","0.0","2","69","10.7","archive","-23.558","-46.635","2026-09-20T16:31:34.073018-03:00"
"2026-06-13 22:00:00","16.7","17.4","94","0.6","0.6","53","74","8.8","archive","-23.558","-46.635","2026-09-20T16:31:34.073018-03:00"
"2026-06-13 23:00:00","16.4","17.2","94","0.4","0.4","51","26","7.5","archive","-23.558","-46.635","2026-09-20T16:31:34.073018-03:00"
"2026-06-14 00:00:00","15.9","17.0","96","0.0","0.0","3","100","4.2","archive","-23.558","-46.635","2026-09-20T16:31:34.073018-03:00"
"2026-06-14 01:00:00","16.0","17.4","96","0.0","0.0","3","100","3.0","archive","-23.558","-46.635","2026-09-20T16:31:34.073018-03:00"
"2026-06-14 02:00:00","16.4","17.8","95","0.0","0.0","3","100","3.4","archive","-23.558","-46.635","2026-09-20T16:31:34.073018-03:00"
"2026-06-14 03:00:00","16.8","17.8","97","0.0","0.0","3","94","7.3","archive","-23.558","-46.635","2026-09-20T16:31:34.073018-03:00"
"2026-06-14 04:00:00","16.8","18.5","96","0.0","0.0","3","100","3.3","archive","-23.558","-46.635","2026-09-20T16:31:34.073018-03:00"
"2026-06-14 05:00:00","16.9","18.8","96","0.1","0.1","51","100","2.1","archive","-23.558","-46.635","2026-09-20T16:31:34.073018-03:00"
"2026-06-14 06:00:00","17.0","18.4","96","0.3","0.3","51","100","5.5","archive","-23.558","-46.635","2026-09-20T16:31:34.073018-03:00"
"2026-06-14 07:00:00","17.1","18.3","95","0.1","0.1","51","100","6.1","archive","-23.558","-46.635","2026-09-20T16:31:34.073018-03:00"
"2026-06-14 08:00:00","17.4","18.6","94","0.2","0.2","51","100","7.0","archive","-23.558","-46.635","2026-09-20T16:31:34.073018-03:00"
"2026-06-14 09:00:00","18.6","19.4","87","0.1","0.1","51","63","9.5","archive","-23.558","-46.635","2026-09-20T16:31:34.073018-03:00"
"2026-06-14 10:00:00","19.8","20.0","79","0.1","0.1","51","100","12.1","archive","-23.558","-46.635","2026-09-20T16:31:34.073018-03:00"
"2026-06-14 11:00:00","20.6","20.6","73","0.1","0.1","51","100","13.3","archive","-23.558","-46.635","2026-09-20T16:31:34.073018-03:00"
"2026-06-14 12:00:00","21.1","21.3","71","0.1","0.1","51","100","11.3","archive","-23.558","-46.635","2026-09-20T16:31:34.073018-03:00"
"2026-06-14 13:00:00","21.3","21.5","70","0.1","0.1","51","99","11.3","archive","-23.558","-46.635","2026-09-20T16:31:34.073018-03:00"
"2026-06-14 14:00:00","21.8","21.6","67","0.1","0.1","51","99","13.2","archive","-23.558","-46.635","2026-09-20T16:31:34.073018-03:00"
"2026-06-14 15:00:00","21.3","21.1","68","0.1","0.1","51","99","13.0","archive","-23.558","-46.635","2026-09-20T16:31:34.073018-03:00"
"2026-06-14 16:00:00","20.8","21.0","71","0.0","0.0","3","95","11.4","archive","-23.558","-46.635","2026-09-20T16:31:34.073018-03:00"
"2026-06-14 17:00:00","20.1","20.9","76","0.0","0.0","3","100","8.2","archive","-23.558","-46.635","2026-09-20T16:31:34.073018-03:00"
"2026-06-14 18:00:00","19.7","20.5","79","0.0","0.0","3","100","8.2","archive","-23.558","-46.635","2026-09-20T16:31:34.073018-03:00"
"2026-06-14 19:00:00","19.2","20.3","83","0.0","0.0","3","100","7.5","archive","-23.558","-46.635","2026-09-20T16:31:34.073018-03:00"
"2026-06-14 20:00:00","18.8","20.1","87","0.1","0.1","51","16","6.4","archive","-23.558","-46.635","2026-09-20T16:31:34.073018-03:00"
"2026-06-14 21:00:00","17.2","18.5","95","0.0","0.0","2","68","6.1","archive","-23.558","-46.635","2026-09-20T16:31:34.073018-03:00"
"2026-06-14 22:00:00","16.5","17.5","94","0.6","0.6","53","57","6.4","archive","-23.558","-46.635","2026-09-20T16:31:34.073018-03:00"
"2026-06-14 23:00:00","16.1","17.3","94","0.7","0.7","53","88","3.1","archive","-23.558","-46.635","2026-09-20T16:31:34.073018-03:00"
"2026-06-15 00:00:00","16.3","17.7","94","0.5","0.5","53","100","2.8","archive","-23.558","-46.635","2026-09-20T16:31:34.073018-03:00"
"2026-06-15 01:00:00","16.2","17.5","95","3.0","3.0","63","100","4.1","archive","-23.558","-46.635","2026-09-20T16:31:34.073018-03:00"
"2026-06-15 02:00:00","16.2","17.6","97","4.9","4.9","63","100","3.4","archive","-23.558","-46.635","2026-09-20T16:31:34.073018-03:00"
"2026-06-15 03:00:00","16.4","17.7","97","0.6","0.6","53","100","5.1","archive","-23.558","-46.635","2026-09-20T16:31:34.073018-03:00"
"2026-06-15 04:00:00","16.4","17.8","97","1.2","1.2","55","100","4.2","archive","-23.558","-46.635","2026-09-20T16:31:34.073018-03:00"
"2026-06-15 05:00:00","16.1","17.1","97","4.4","4.4","63","100","6.1","archive","-23.558","-46.635","2026-09-20T16:31:34.073018-03:00"
"2026-06-15 06:00:00","15.9","17.0","97","0.7","0.7","53","100","5.4","archive","-23.558","-46.635","2026-09-20T16:31:34.073018-03:00"
"2026-06-15 07:00:00","16.0","17.1","97","0.2","0.2","51","100","4.7","archive","-23.558","-46.635","2026-09-20T16:31:34.073018-03:00"
"2026-06-15 08:00:00","16.0","16.7","96","0.2","0.2","51","100","6.8","archive","-23.558","-46.635","2026-09-20T16:31:34.073018-03:00"
"2026-06-15 09:00:00","16.3","16.8","93","0.1","0.1","51","100","7.7","archive","-23.558","-46.635","2026-09-20T16:31:34.073018-03:00"
"2026-06-15 10:00:00","16.7","17.0","90","0.2","0.2","51","100","9.2","archive","-23.558","-46.635","2026-09-20T16:31:34.073018-03:00"
"2026-06-15 11:00:00","16.8","16.9","87","0.1","0.1","51","100","9.2","archive","-23.558","-46.635","2026-09-20T16:31:34.073018-03:00"
"2026-06-15 12:00:00","16.4","16.5","88","0.2","0.2","51","100","8.8","archive","-23.558","-46.635","2026-09-20T16:31:34.073018-03:00"
"2026-06-15 13:00:00","16.3","16.4","87","0.2","0.2","51","100","8.6","archive","-23.558","-46.635","2026-09-20T16:31:34.073018-03:00"
"2026-06-15 14:00:00","16.3","16.3","86","0.1","0.1","51","100","8.7","archive","-23.558","-46.635","2026-09-20T16:31:34.073018-03:00"
"2026-06-15 15:00:00","15.7","15.6","88","0.1","0.1","51","100","8.8","archive","-23.558","-46.635","2026-09-20T16:31:34.073018-03:00"
"2026-06-15 16:00:00","15.4","15.3","90","0.6","0.6","53","100","8.9","archive","-23.558","-46.635","2026-09-20T16:31:34.073018-03:00"
"2026-06-15 17:00:00","15.2","15.2","90","0.2","0.2","51","100","8.2","archive","-23.558","-46.635","2026-09-20T16:31:34.073018-03:00"
"2026-06-15 18:00:00","15.0","15.0","92","0.4","0.4","51","100","7.6","archive","-23.558","-46.635","2026-09-20T16:31:34.073018-03:00"
"2026-06-15 19:00:00","14.7","15.0","95","0.8","0.8","53","100","6.7","archive","-23.558","-46.635","2026-09-20T16:31:34.073018-03:00"
"2026-06-15 20:00:00","14.6","14.9","97","0.4","0.4","51","100","6.8","archive","-23.558","-46.635","2026-09-20T16:31:34.073018-03:00"
"2026-06-15 21:00:00","14.6","14.8","96","0.2","0.2","51","100","7.4","archive","-23.558","-46.635","2026-09-20T16:31:34.073018-03:00"
"2026-06-15 22:00:00","14.6","14.7","96","0.0","0.0","3","100","8.2","archive","-23.558","-46.635","2026-09-20T16:31:34.073018-03:00"
"2026-06-15 23:00:00","14.5","14.7","96","0.0","0.0","3","100","7.0","archive","-23.558","-46.635","2026-09-20T16:31:34.073018-03:00"
"2026-06-16 00:00:00","14.5","14.8","95","0.0","0.0","3","100","6.2","archive","-23.558","-46.635","2026-09-20T16:31:34.073018-03:00"
"2026-06-16 01:00:00","14.4","14.8","95","0.0","0.0","3","100","5.6","archive","-23.558","-46.635","2026-09-20T16:31:34.073018-03:00"
"2026-06-16 02:00:00","14.4","14.5","95","0.0","0.0","3","100","6.5","archive","-23.558","-46.635","2026-09-20T16:31:34.073018-03:00"
"2026-06-16 03:00:00","14.4","14.5","95","0.0","0.0","3","100","7.0","archive","-23.558","-46.635","2026-09-20T16:31:34.073018-03:00"
"2026-06-16 04:00:00","14.3","14.3","94","0.0","0.0","3","100","7.4","archive","-23.558","-46.635","2026-09-20T16:31:34.073018-03:00"
"2026-06-16 05:00:00","14.4","14.4","94","0.0","0.0","3","100","6.9","archive","-23.558","-46.635","2026-09-20T16:31:34.073018-03:00"
"2026-06-16 06:00:00","14.5","14.8","94","0.1","0.1","51","100","5.6","archive","-23.558","-46.635","2026-09-20T16:31:34.073018-03:00"
"2026-06-16 07:00:00","14.5","14.8","94","0.0","0.0","3","99","4.9","archive","-23.558","-46.635","2026-09-20T16:31:34.073018-03:00"
"2026-06-16 08:00:00","14.7","15.0","92","0.0","0.0","3","100","5.1","archive","-23.558","-46.635","2026-09-20T16:31:34.073018-03:00"
"2026-06-16 09:00:00","15.3","15.3","89","0.0","0.0","3","100","7.8","archive","-23.558","-46.635","2026-09-20T16:31:34.073018-03:00"
"2026-06-16 10:00:00","15.9","15.8","86","0.1","0.1","51","100","7.7","archive","-23.558","-46.635","2026-09-20T16:31:34.073018-03:00"
"2026-06-16 11:00:00","15.9","15.9","85","0.1","0.1","51","100","7.6","archive","-23.558","-46.635","2026-09-20T16:31:34.073018-03:00"
"2026-06-16 12:00:00","16.1","16.2","84","0.1","0.1","51","100","6.5","archive","-23.558","-46.635","2026-09-20T16:31:34.073018-03:00"
"2026-06-16 13:00:00","16.2","16.4","83","0.0","0.0","3","100","5.5","archive","-23.558","-46.635","2026-09-20T16:31:34.073018-03:00"
"2026-06-16 14:00:00","16.8","17.2","80","0.1","0.1","51","100","4.2","archive","-23.558","-46.635","2026-09-20T16:31:34.073018-03:00"
"2026-06-16 15:00:00","17.4","17.7","79","0.0","0.0","2","55","5.3","archive","-23.558","-46.635","2026-09-20T16:31:34.073018-03:00"
"2026-06-16 16:00:00","17.5","17.7","77","0.0","0.0","1","20","6.3","archive","-23.558","-46.635","2026-09-20T16:31:34.073018-03:00"
"2026-06-16 17:00:00","16.6","16.8","83","0.0","0.0","1","23","7.0","archive","-23.558","-46.635","2026-09-20T16:31:34.073018-03:00"
"2026-06-16 18:00:00","15.2","15.3","91","0.0","0.0","1","24","6.9","archive","-23.558","-46.635","2026-09-20T16:31:34.073018-03:00"
"2026-06-16 19:00:00","14.5","14.8","95","0.0","0.0","3","95","5.5","archive","-23.558","-46.635","2026-09-20T16:31:34.073018-03:00"
"2026-06-16 20:00:00","14.2","14.5","96","0.0","0.0","3","93","5.6","archive","-23.558","-46.635","2026-09-20T16:31:34.073018-03:00"
"2026-06-16 21:00:00","14.5","15.0","92","0.0","0.0","3","97","3.5","archive","-23.558","-46.635","2026-09-20T16:31:34.073018-03:00"
"2026-06-16 22:00:00","14.4","14.8","92","0.0","0.0","3","100","3.7","archive","-23.558","-46.635","2026-09-20T16:31:34.073018-03:00"
"2026-06-16 23:00:00","14.4","15.0","91","0.0","0.0","3","100","2.5","archive","-23.558","-46.635","2026-09-20T16:31:34.073018-03:00"
"2026-06-17 00:00:00","14.1","14.6","93","0.0","0.0","3","98","2.6","archive","-23.558","-46.635","2026-09-20T16:31:34.073018-03:00"
"2026-06-17 01:00:00","13.7","14.2","95","0.0","0.0","3","100","2.4","archive","-23.558","-46.635","2026-09-20T16:31:34.073018-03:00"
"2026-06-17 02:00:00","13.5","14.0","95","0.0","0.0","3","92","2.7","archive","-23.558","-46.635","2026-09-20T16:31:34.073018-03:00"
"2026-06-17 03:00:00","12.5","12.9","97","0.0","0.0","1","22","1.2","archive","-23.558","-46.635","2026-09-20T16:31:34.073018-03:00"
"2026-06-17 04:00:00","11.7","12.1","99","0.0","0.0","1","21","0.8","archive","-23.558","-46.635","2026-09-20T16:31:34.073018-03:00"
"2026-06-17 05:00:00","11.3","11.5","100","0.0","0.0","3","100","0.9","archive","-23.558","-46.635","2026-09-20T16:31:34.073018-03:00"
"2026-06-17 06:00:00","11.3","11.6","99","0.0","0.0","3","100","0.3","archive","-23.558","-46.635","2026-09-20T16:31:34.073018-03:00"
"2026-06-17 07:00:00","11.2","11.4","99","0.0","0.0","3","100","1.1","archive","-23.558","-46.635","2026-09-20T16:31:34.073018-03:00"
"2026-06-17 08:00:00","11.3","11.5","99","0.0","0.0","3","100","0.9","archive","-23.558","-46.635","2026-09-20T16:31:34.073018-03:00"
"2026-06-17 09:00:00","12.8","13.2","94","0.0","0.0","3","100","1.1","archive","-23.558","-46.635","2026-09-20T16:31:34.073018-03:00"
"2026-06-17 10:00:00","13.7","13.8","87","0.0","0.0","2","59","2.6","archive","-23.558","-46.635","2026-09-20T16:31:34.073018-03:00"
"2026-06-17 11:00:00","15.4","15.5","77","0.0","0.0","1","45","2.0","archive","-23.558","-46.635","2026-09-20T16:31:34.073018-03:00"
"2026-06-17 12:00:00","16.5","17.4","71","0.0","0.0","0","16","0.6","archive","-23.558","-46.635","2026-09-20T16:31:34.073018-03:00"
"2026-06-17 13:00:00","17.6","18.0","57","0.0","0.0","0","16","1.3","archive","-23.558","-46.635","2026-09-20T16:31:34.073018-03:00"
"2026-06-17 14:00:00","18.2","17.6","46","0.0","0.0","0","0","1.5","archive","-23.558","-46.635","2026-09-20T16:31:34.073018-03:00"
"2026-06-17 15:00:00","18.8","17.3","39","0.0","0.0","0","3","1.0","archive","-23.558","-46.635","2026-09-20T16:31:34.073018-03:00"
"2026-06-17 16:00:00","18.7","17.6","46","0.0","0.0","0","0","1.6","archive","-23.558","-46.635","2026-09-20T16:31:34.073018-03:00"
"2026-06-17 17:00:00","18.1","17.7","57","0.0","0.0","0","2","2.1","archive","-23.558","-46.635","2026-09-20T16:31:34.073018-03:00"
"2026-06-17 18:00:00","16.6","15.4","66","0.0","0.0","1","21","8.6","archive","-23.558","-46.635","2026-09-20T16:31:34.073018-03:00"
"2026-06-17 19:00:00","15.1","15.0","91","0.0","0.0","1","38","8.4","archive","-23.558","-46.635","2026-09-20T16:31:34.073018-03:00"
"2026-06-17 20:00:00","14.4","14.4","93","0.0","0.0","1","28","6.7","archive","-23.558","-46.635","2026-09-20T16:31:34.073018-03:00"
"2026-06-17 21:00:00","13.2","13.1","93","0.0","0.0","0","3","5.4","archive","-23.558","-46.635","2026-09-20T16:31:34.073018-03:00"
"2026-06-17 22:00:00","12.3","11.7","93","0.0","0.0","0","2","6.0","archive","-23.558","-46.635","2026-09-20T16:31:34.073018-03:00"
"2026-06-17 23:00:00","11.7","11.0","92","0.0","0.0","0","3","5.6","archive","-23.558","-46.635","2026-09-20T16:31:34.073018-03:00"
"2026-06-18 00:00:00","11.4","10.7","91","0.0","0.0","0","5","4.8","archive","-23.558","-46.635","2026-09-20T16:31:34.073018-03:00"
"2026-06-18 01:00:00","11.2","10.6","92","0.0","0.0","0","13","4.2","archive","-23.558","-46.635","2026-09-20T16:31:34.073018-03:00"
"2026-06-18 02:00:00","11.1","10.4","92","0.0","0.0","0","13","4.3","archive","-23.558","-46.635","2026-09-20T16:31:34.073018-03:00"
"2026-06-18 03:00:00","11.1","10.4","94","0.0","0.0","0","10","5.0","archive","-23.558","-46.635","2026-09-20T16:31:34.073018-03:00"
"2026-06-18 04:00:00","10.4","9.5","97","0.0","0.0","1","38","6.3","archive","-23.558","-46.635","2026-09-20T16:31:34.073018-03:00"
"2026-06-18 05:00:00","10.8","9.8","97","0.0","0.0","3","100","7.5","archive","-23.558","-46.635","2026-09-20T16:31:34.073018-03:00"
"2026-06-18 06:00:00","11.0","10.0","96","0.0","0.0","3","89","8.1","archive","-23.558","-46.635","2026-09-20T16:31:34.073018-03:00"
"2026-06-18 07:00:00","11.1","9.9","94","0.0","0.0","2","79","8.7","archive","-23.558","-46.635","2026-09-20T16:31:34.073018-03:00"
"2026-06-18 08:00:00","11.7","10.5","90","0.0","0.0","1","34","8.2","archive","-23.558","-46.635","2026-09-20T16:31:34.073018-03:00"
"2026-06-18 09:00:00","13.2","11.9","80","0.0","0.0","1","37","8.4","archive","-23.558","-46.635","2026-09-20T16:31:34.073018-03:00"
"2026-06-18 10:00:00","14.5","12.9","66","0.0","0.0","0","14","8.0","archive","-23.558","-46.635","2026-09-20T16:31:34.073018-03:00"
"2026-06-18 11:00:00","15.8","14.2","58","0.0","0.0","1","38","8.1","archive","-23.558","-46.635","2026-09-20T16:31:34.073018-03:00"
"2026-06-18 12:00:00","16.8","15.7","54","0.0","0.0","1","43","8.3","archive","-23.558","-46.635","2026-09-20T16:31:34.073018-03:00"
"2026-06-18 13:00:00","17.5","16.3","52","0.0","0.0","1","46","9.0","archive","-23.558","-46.635","2026-09-20T16:31:34.073018-03:00"
"2026-06-18 14:00:00","17.8","16.2","51","0.0","0.0","1","47","9.3","archive","-23.558","-46.635","2026-09-20T16:31:34.073018-03:00"
"2026-06-18 15:00:00","18.1","16.1","49","0.0","0.0","1","43","8.7","archive","-23.558","-46.635","2026-09-20T16:31:34.073018-03:00"
"2026-06-18 16:00:00","17.2","15.3","56","0.0","0.0","2","58","9.7","archive","-23.558","-46.635","2026-09-20T16:31:34.073018-03:00"
"2026-06-18 17:00:00","15.4","13.7","69","0.0","0.0","2","70","11.2","archive","-23.558","-46.635","2026-09-20T16:31:34.073018-03:00"
"2026-06-18 18:00:00","13.8","12.3","79","0.0","0.0","2","66","10.0","archive","-23.558","-46.635","2026-09-20T16:31:34.073018-03:00"
"2026-06-18 19:00:00","12.8","11.5","84","0.0","0.0","0","5","9.1","archive","-23.558","-46.635","2026-09-20T16:31:34.073018-03:00"
"2026-06-18 20:00:00","12.3","11.2","87","0.0","0.0","1","20","8.0","archive","-23.558","-46.635","2026-09-20T16:31:34.073018-03:00"
"2026-06-18 21:00:00","12.0","11.1","88","0.0","0.0","3","87","6.1","archive","-23.558","-46.635","2026-09-20T16:31:34.073018-03:00"
"2026-06-18 22:00:00","11.6","10.5","90","0.0","0.0","2","55","7.6","archive","-23.558","-46.635","2026-09-20T16:31:34.073018-03:00"
"2026-06-18 23:00:00","11.2","10.0","91","0.0","0.0","1","27","8.0","archive","-23.558","-46.635","2026-09-20T16:31:34.073018-03:00"
"2026-06-19 00:00:00","11.0","9.7","92","0.0","0.0","1","20","8.4","archive","-23.558","-46.635","2026-09-20T16:31:34.073018-03:00"
"2026-06-19 01:00:00","10.9","9.3","91","0.0","0.0","0","15","10.1","archive","-23.558","-46.635","2026-09-20T16:31:34.073018-03:00"
"2026-06-19 02:00:00","10.8","9.0","90","0.0","0.0","1","30","11.2","archive","-23.558","-46.635","2026-09-20T16:31:34.073018-03:00"
"2026-06-19 03:00:00","10.5","8.8","93","0.0","0.0","0","13","10.5","archive","-23.558","-46.635","2026-09-20T16:31:34.073018-03:00"
"2026-06-19 04:00:00","10.3","8.6","95","0.0","0.0","3","85","10.1","archive","-23.558","-46.635","2026-09-20T16:31:34.073018-03:00"
"2026-06-19 05:00:00","9.9","8.4","96","0.0","0.0","3","95","9.5","archive","-23.558","-46.635","2026-09-20T16:31:34.073018-03:00"
"2026-06-19 06:00:00","9.8","8.4","96","0.0","0.0","2","70","8.3","archive","-23.558","-46.635","2026-09-20T16:31:34.073018-03:00"
"2026-06-19 07:00:00","9.8","8.5","95","0.0","0.0","2","63","7.0","archive","-23.558","-46.635","2026-09-20T16:31:34.073018-03:00"
"2026-06-19 08:00:00","10.2","9.3","95","0.0","0.0","2","59","5.3","archive","-23.558","-46.635","2026-09-20T16:31:34.073018-03:00"
"2026-06-19 09:00:00","11.8","11.1","92","0.0","0.0","1","32","6.4","archive","-23.558","-46.635","2026-09-20T16:31:34.073018-03:00"
"2026-06-19 10:00:00","14.8","14.6","81","0.0","0.0","1","34","4.4","archive","-23.558","-46.635","2026-09-20T16:31:34.073018-03:00"
"2026-06-19 11:00:00","17.9","18.5","70","0.0","0.0","1","25","2.5","archive","-23.558","-46.635","2026-09-20T16:31:34.073018-03:00"
"2026-06-19 12:00:00","21.0","21.5","57","0.0","0.0","1","23","5.6","archive","-23.558","-46.635","2026-09-20T16:31:34.073018-03:00"
"2026-06-19 13:00:00","22.8","22.1","47","0.0","0.0","1","47","11.9","archive","-23.558","-46.635","2026-09-20T16:31:34.073018-03:00"
"2026-06-19 14:00:00","23.2","22.0","46","0.0","0.0","2","63","12.8","archive","-23.558","-46.635","2026-09-20T16:31:34.073018-03:00"
"2026-06-19 15:00:00","23.4","21.9","45","0.0","0.0","2","61","11.4","archive","-23.558","-46.635","2026-09-20T16:31:34.073018-03:00"
"2026-06-19 16:00:00","22.8","22.0","49","0.0","0.0","2","52","8.6","archive","-23.558","-46.635","2026-09-20T16:31:34.073018-03:00"
"2026-06-19 17:00:00","21.3","21.0","57","0.0","0.0","2","76","6.7","archive","-23.558","-46.635","2026-09-20T16:31:34.073018-03:00"
"2026-06-19 18:00:00","19.4","19.4","66","0.0","0.0","2","76","5.6","archive","-23.558","-46.635","2026-09-20T16:31:34.073018-03:00"
"2026-06-19 19:00:00","18.6","18.5","69","0.0","0.0","1","41","6.4","archive","-23.558","-46.635","2026-09-20T16:31:34.073018-03:00"
"2026-06-19 20:00:00","18.0","17.8","70","0.0","0.0","3","91","7.1","archive","-23.558","-46.635","2026-09-20T16:31:34.073018-03:00"
"2026-06-19 21:00:00","17.1","17.2","76","0.0","0.0","1","32","5.4","archive","-23.558","-46.635","2026-09-20T16:31:34.073018-03:00"
"2026-06-19 22:00:00","16.6","16.3","75","0.0","0.0","1","49","6.0","archive","-23.558","-46.635","2026-09-20T16:31:34.073018-03:00"
"2026-06-19 23:00:00","16.2","15.9","74","0.0","0.0","1","43","4.9","archive","-23.558","-46.635","2026-09-20T16:31:34.073018-03:00"
"2026-06-20 00:00:00","15.9","15.6","74","0.0","0.0","3","98","4.4","archive","-23.558","-46.635","2026-09-20T16:31:34.073018-03:00"
"2026-06-20 01:00:00","15.5","15.4","75","0.0","0.0","2","66","2.7","archive","-23.558","-46.635","2026-09-20T16:31:34.073018-03:00"
"2026-06-20 02:00:00","15.0","14.9","76","0.0","0.0","1","32","2.7","archive","-23.558","-46.635","2026-09-20T16:31:34.073018-03:00"
"2026-06-20 03:00:00","14.7","14.3","77","0.0","0.0","3","87","3.6","archive","-23.558","-46.635","2026-09-20T16:31:34.073018-03:00"
"2026-06-20 04:00:00","14.3","13.9","78","0.0","0.0","2","74","4.0","archive","-23.558","-46.635","2026-09-20T16:31:34.073018-03:00"
"2026-06-20 05:00:00","14.2","13.4","78","0.0","0.0","3","83","6.2","archive","-23.558","-46.635","2026-09-20T16:31:34.073018-03:00"
"2026-06-20 06:00:00","14.2","13.4","78","0.0","0.0","3","96","6.1","archive","-23.558","-46.635","2026-09-20T16:31:34.073018-03:00"
"2026-06-20 07:00:00","14.4","13.7","77","0.0","0.0","3","96","5.1","archive","-23.558","-46.635","2026-09-20T16:31:34.073018-03:00"
"2026-06-20 08:00:00","15.9","15.1","71","0.0","0.0","2","71","6.7","archive","-23.558","-46.635","2026-09-20T16:31:34.073018-03:00"
"2026-06-20 09:00:00","17.9","17.7","70","0.0","0.0","2","76","6.0","archive","-23.558","-46.635","2026-09-20T16:31:34.073018-03:00"
"2026-06-20 10:00:00","20.5","20.7","63","0.0","0.0","2","78","5.1","archive","-23.558","-46.635","2026-09-20T16:31:34.073018-03:00"
"2026-06-20 11:00:00","22.5","21.9","54","0.0","0.0","3","97","10.1","archive","-23.558","-46.635","2026-09-20T16:31:34.073018-03:00"
"2026-06-20 12:00:00","22.7","21.8","55","0.0","0.0","3","86","12.5","archive","-23.558","-46.635","2026-09-20T16:31:34.073018-03:00"
"2026-06-20 13:00:00","22.6","21.4","55","0.0","0.0","3","95","14.9","archive","-23.558","-46.635","2026-09-20T16:31:34.073018-03:00"
"2026-06-20 14:00:00","22.0","21.1","59","0.0","0.0","3","94","13.9","archive","-23.558","-46.635","2026-09-20T16:31:34.073018-03:00"
"2026-06-20 15:00:00","22.1","22.2","60","0.0","0.0","3","99","8.4","archive","-23.558","-46.635","2026-09-20T16:31:34.073018-03:00"
"2026-06-20 16:00:00","21.1","21.4","69","0.3","0.3","51","98","9.5","archive","-23.558","-46.635","2026-09-20T16:31:34.073018-03:00"
"2026-06-20 17:00:00","20.0","20.5","77","0.3","0.3","51","98","9.3","archive","-23.558","-46.635","2026-09-20T16:31:34.073018-03:00"
"2026-06-20 18:00:00","19.0","19.3","82","0.1","0.1","51","100","11.2","archive","-23.558","-46.635","2026-09-20T16:31:34.073018-03:00"
"2026-06-20 19:00:00","17.9","18.0","87","0.6","0.6","53","99","12.2","archive","-23.558","-46.635","2026-09-20T16:31:34.073018-03:00"
"2026-06-20 20:00:00","16.8","16.5","94","1.6","1.6","61","100","15.4","archive","-23.558","-46.635","2026-09-20T16:31:34.073018-03:00"
"2026-06-20 21:00:00","17.1","17.4","93","4.0","4.0","63","96","12.0","archive","-23.558","-46.635","2026-09-20T16:31:34.073018-03:00"
"2026-06-20 22:00:00","16.8","17.4","90","0.1","0.1","51","95","7.9","archive","-23.558","-46.635","2026-09-20T16:31:34.073018-03:00"
"2026-06-20 23:00:00","16.3","16.6","89","0.0","0.0","3","100","7.7","archive","-23.558","-46.635","2026-09-20T16:31:34.073018-03:00"
"2026-06-21 00:00:00","16.1","16.4","91","0.0","0.0","2","79","8.1","archive","-23.558","-46.635","2026-09-20T16:31:34.073018-03:00"
"2026-06-21 01:00:00","15.6","15.6","92","0.0","0.0","3","100","9.5","archive","-23.558","-46.635","2026-09-20T16:31:34.073018-03:00"
"2026-06-21 02:00:00","15.4","15.1","91","0.0","0.0","3","100","10.3","archive","-23.558","-46.635","2026-09-20T16:31:34.073018-03:00"
"2026-06-21 03:00:00","14.5","13.6","88","0.0","0.0","3","84","11.0","archive","-23.558","-46.635","2026-09-20T16:31:34.073018-03:00"
"2026-06-21 04:00:00","13.6","13.0","89","0.0","0.0","1","38","8.3","archive","-23.558","-46.635","2026-09-20T16:31:34.073018-03:00"
"2026-06-21 05:00:00","12.6","11.9","93","0.0","0.0","0","5","8.3","archive","-23.558","-46.635","2026-09-20T16:31:34.073018-03:00"
"2026-06-21 06:00:00","12.0","11.4","95","0.0","0.0","3","100","6.7","archive","-23.558","-46.635","2026-09-20T16:31:34.073018-03:00"
"2026-06-21 07:00:00","11.7","11.2","96","0.0","0.0","3","100","5.4","archive","-23.558","-46.635","2026-09-20T16:31:34.073018-03:00"
"2026-06-21 08:00:00","12.1","11.2","90","0.0","0.0","3","99","7.1","archive","-23.558","-46.635","2026-09-20T16:31:34.073018-03:00"
"2026-06-21 09:00:00","13.8","13.2","84","0.0","0.0","1","41","6.2","archive","-23.558","-46.635","2026-09-20T16:31:34.073018-03:00"
"2026-06-21 10:00:00","14.8","14.2","77","0.0","0.0","1","20","6.0","archive","-23.558","-46.635","2026-09-20T16:31:34.073018-03:00"
"2026-06-21 11:00:00","16.2","15.8","71","0.0","0.0","0","7","5.3","archive","-23.558","-46.635","2026-09-20T16:31:34.073018-03:00"
"2026-06-21 12:00:00","17.5","18.0","66","0.0","0.0","0","5","3.3","archive","-23.558","-46.635","2026-09-20T16:31:34.073018-03:00"
"2026-06-21 13:00:00","18.4","19.4","62","0.0","0.0","0","4","1.8","archive","-23.558","-46.635","2026-09-20T16:31:34.073018-03:00"
"2026-06-21 14:00:00","19.1","19.7","60","0.0","0.0","0","2","1.5","archive","-23.558","-46.635","2026-09-20T16:31:34.073018-03:00"
"2026-06-21 15:00:00","19.8","19.5","54","0.0","0.0","0","0","2.2","archive","-23.558","-46.635","2026-09-20T16:31:34.073018-03:00"
"2026-06-21 16:00:00","19.8","19.6","54","0.0","0.0","0","0","2.1","archive","-23.558","-46.635","2026-09-20T16:31:34.073018-03:00"
"2026-06-21 17:00:00","19.2","19.5","63","0.0","0.0","0","0","2.0","archive","-23.558","-46.635","2026-09-20T16:31:34.073018-03:00"
"2026-06-21 18:00:00","17.8","18.2","68","0.0","0.0","0","0","1.4","archive","-23.558","-46.635","2026-09-20T16:31:34.073018-03:00"
"2026-06-21 19:00:00","16.8","16.9","70","0.0","0.0","0","2","2.4","archive","-23.558","-46.635","2026-09-20T16:31:34.073018-03:00"
"2026-06-21 20:00:00","15.6","15.8","77","0.0","0.0","0","4","2.0","archive","-23.558","-46.635","2026-09-20T16:31:34.073018-03:00"
"2026-06-21 21:00:00","14.5","15.0","85","0.0","0.0","0","4","0.6","archive","-23.558","-46.635","2026-09-20T16:31:34.073018-03:00"
"2026-06-21 22:00:00","13.7","14.1","88","0.0","0.0","0","2","0.5","archive","-23.558","-46.635","2026-09-20T16:31:34.073018-03:00"
"2026-06-21 23:00:00","12.8","12.8","92","0.0","0.0","0","7","2.7","archive","-23.558","-46.635","2026-09-20T16:31:34.073018-03:00"
"2026-06-22 00:00:00","11.7","11.3","99","0.0","0.0","0","15","5.3","archive","-23.558","-46.635","2026-09-20T16:31:34.073018-03:00"
"2026-06-22 01:00:00","10.9","10.5","100","0.0","0.0","3","99","4.3","archive","-23.558","-46.635","2026-09-20T16:31:34.073018-03:00"
"2026-06-22 02:00:00","10.9","10.3","97","0.0","0.0","3","86","4.5","archive","-23.558","-46.635","2026-09-20T16:31:34.073018-03:00"
"2026-06-22 03:00:00","11.1","10.5","93","0.0","0.0","1","34","3.9","archive","-23.558","-46.635","2026-09-20T16:31:34.073018-03:00"
"2026-06-22 04:00:00","10.9","10.1","91","0.0","0.0","1","33","4.2","archive","-23.558","-46.635","2026-09-20T16:31:34.073018-03:00"
"2026-06-22 05:00:00","10.9","10.1","90","0.0","0.0","1","28","4.0","archive","-23.558","-46.635","2026-09-20T16:31:34.073018-03:00"
"2026-06-22 06:00:00","10.9","10.1","88","0.0","0.0","1","34","3.7","archive","-23.558","-46.635","2026-09-20T16:31:34.073018-03:00"
"2026-06-22 07:00:00","10.7","10.0","88","0.0","0.0","1","27","2.8","archive","-23.558","-46.635","2026-09-20T16:31:34.073018-03:00"
"2026-06-22 08:00:00","12.6","11.5","79","0.0","0.0","0","14","5.6","archive","-23.558","-46.635","2026-09-20T16:31:34.073018-03:00"
"2026-06-22 09:00:00","16.4","15.5","66","0.0","0.0","0","1","6.5","archive","-23.558","-46.635","2026-09-20T16:31:34.073018-03:00"
"2026-06-22 10:00:00","19.6","19.2","59","0.0","0.0","0","0","5.6","archive","-23.558","-46.635","2026-09-20T16:31:34.073018-03:00"
"2026-06-22 11:00:00","21.9","21.3","53","0.0","0.0","0","2","9.9","archive","-23.558","-46.635","2026-09-20T16:31:34.073018-03:00"
"2026-06-22 12:00:00","23.5","22.5","46","0.0","0.0","0","0","13.9","archive","-23.558","-46.635","2026-09-20T16:31:34.073018-03:00"
"2026-06-22 13:00:00","24.4","23.1","41","0.0","0.0","0","0","14.8","archive","-23.558","-46.635","2026-09-20T16:31:34.073018-03:00"
"2026-06-22 14:00:00","24.8","23.2","41","0.0","0.0","0","13","14.3","archive","-23.558","-46.635","2026-09-20T16:31:34.073018-03:00"
"2026-06-22 15:00:00","25.4","23.7","41","0.0","0.0","1","33","13.7","archive","-23.558","-46.635","2026-09-20T16:31:34.073018-03:00"
"2026-06-22 16:00:00","24.8","23.9","46","0.0","0.0","0","2","10.7","archive","-23.558","-46.635","2026-09-20T16:31:34.073018-03:00"
"2026-06-22 17:00:00","23.2","23.0","53","0.0","0.0","0","19","7.2","archive","-23.558","-46.635","2026-09-20T16:31:34.073018-03:00"
"2026-06-22 18:00:00","21.0","20.7","60","0.0","0.0","3","82","8.3","archive","-23.558","-46.635","2026-09-20T16:31:34.073018-03:00"
"2026-06-22 19:00:00","20.4","19.7","62","0.0","0.0","3","83","10.5","archive","-23.558","-46.635","2026-09-20T16:31:34.073018-03:00"
"2026-06-22 20:00:00","20.0","19.1","62","0.0","0.0","3","94","11.1","archive","-23.558","-46.635","2026-09-20T16:31:34.073018-03:00"
"2026-06-22 21:00:00","20.1","19.4","63","0.0","0.0","3","97","10.9","archive","-23.558","-46.635","2026-09-20T16:31:34.073018-03:00"
"2026-06-22 22:00:00","20.1","18.7","61","0.0","0.0","3","98","13.9","archive","-23.558","-46.635","2026-09-20T16:31:34.073018-03:00"
"2026-06-22 23:00:00","20.5","18.6","56","0.0","0.0","3","97","15.9","archive","-23.558","-46.635","2026-09-20T16:31:34.073018-03:00"
"2026-06-23 00:00:00","20.3","18.4","55","0.0","0.0","3","96","15.3","archive","-23.558","-46.635","2026-09-20T16:31:34.073018-03:00"
"2026-06-23 01:00:00","19.3","17.7","60","0.0","0.0","3","98","13.4","archive","-23.558","-46.635","2026-09-20T16:31:34.073018-03:00"
"2026-06-23 02:00:00","17.4","16.2","73","1.2","1.2","55","99","13.0","archive","-23.558","-46.635","2026-09-20T16:31:34.073018-03:00"
"2026-06-23 03:00:00","16.7","16.3","81","1.8","1.8","61","98","10.2","archive","-23.558","-46.635","2026-09-20T16:31:34.073018-03:00"
"2026-06-23 04:00:00","17.4","17.1","82","0.0","0.0","3","95","11.1","archive","-23.558","-46.635","2026-09-20T16:31:34.073018-03:00"
"2026-06-23 05:00:00","17.5","17.5","85","0.0","0.0","3","100","11.8","archive","-23.558","-46.635","2026-09-20T16:31:34.073018-03:00"
"2026-06-23 06:00:00","17.3","17.5","89","0.7","0.7","53","93","10.6","archive","-23.558","-46.635","2026-09-20T16:31:34.073018-03:00"
"2026-06-23 07:00:00","16.9","17.4","92","0.3","0.3","51","92","9.1","archive","-23.558","-46.635","2026-09-20T16:31:34.073018-03:00"
"2026-06-23 08:00:00","17.3","17.9","94","1.3","1.3","61","91","10.2","archive","-23.558","-46.635","2026-09-20T16:31:34.073018-03:00"
"2026-06-23 09:00:00","17.7","18.8","94","0.0","0.0","3","100","9.0","archive","-23.558","-46.635","2026-09-20T16:31:34.073018-03:00"
"2026-06-23 10:00:00","17.7","18.9","94","1.2","1.2","55","100","7.5","archive","-23.558","-46.635","2026-09-20T16:31:34.073018-03:00"
"2026-06-23 11:00:00","18.0","19.5","91","0.1","0.1","51","98","5.0","archive","-23.558","-46.635","2026-09-20T16:31:34.073018-03:00"
"2026-06-23 12:00:00","20.0","20.6","80","0.0","0.0","3","100","10.8","archive","-23.558","-46.635","2026-09-20T16:31:34.073018-03:00"
"2026-06-23 13:00:00","20.6","21.1","76","0.0","0.0","3","100","11.5","archive","-23.558","-46.635","2026-09-20T16:31:34.073018-03:00"
"2026-06-23 14:00:00","20.7","21.6","77","0.1","0.1","51","97","8.8","archive","-23.558","-46.635","2026-09-20T16:31:34.073018-03:00"
"2026-06-23 15:00:00","19.6","20.3","81","0.7","0.7","53","100","9.6","archive","-23.558","-46.635","2026-09-20T16:31:34.073018-03:00"
"2026-06-23 16:00:00","19.2","20.0","81","1.0","1.0","55","100","7.8","archive","-23.558","-46.635","2026-09-20T16:31:34.073018-03:00"
"2026-06-23 17:00:00","18.5","20.4","86","0.4","0.4","51","100","1.1","archive","-23.558","-46.635","2026-09-20T16:31:34.073018-03:00"
"2026-06-23 18:00:00","15.6","15.5","95","3.8","3.8","63","100","11.8","archive","-23.558","-46.635","2026-09-20T16:31:34.073018-03:00"
"2026-06-23 19:00:00","14.2","14.1","97","4.4","4.4","63","100","8.7","archive","-23.558","-46.635","2026-09-20T16:31:34.073018-03:00"
"2026-06-23 20:00:00","14.2","14.2","97","2.6","2.6","63","100","7.4","archive","-23.558","-46.635","2026-09-20T16:31:34.073018-03:00"
"2026-06-23 21:00:00","13.8","13.6","96","1.8","1.8","61","100","7.6","archive","-23.558","-46.635","2026-09-20T16:31:34.073018-03:00"
"2026-06-23 22:00:00","13.5","13.4","96","2.9","2.9","63","100","6.6","archive","-23.558","-46.635","2026-09-20T16:31:34.073018-03:00"
"2026-06-23 23:00:00","13.3","13.3","96","1.3","1.3","61","100","5.4","archive","-23.558","-46.635","2026-09-20T16:31:34.073018-03:00"
"2026-06-24 00:00:00","12.9","12.6","97","1.4","1.4","61","100","7.2","archive","-23.558","-46.635","2026-09-20T16:31:34.073018-03:00"
"2026-06-24 01:00:00","12.6","12.0","97","0.3","0.3","51","100","7.9","archive","-23.558","-46.635","2026-09-20T16:31:34.073018-03:00"
"2026-06-24 02:00:00","12.7","12.5","96","3.2","3.2","63","100","6.1","archive","-23.558","-46.635","2026-09-20T16:31:34.073018-03:00"
"2026-06-24 03:00:00","12.6","12.3","96","0.9","0.9","53","100","6.0","archive","-23.558","-46.635","2026-09-20T16:31:34.073018-03:00"
"2026-06-24 04:00:00","12.4","11.9","96","1.0","1.0","55","100","7.2","archive","-23.558","-46.635","2026-09-20T16:31:34.073018-03:00"
"2026-06-24 05:00:00","12.4","12.0","96","2.5","2.5","63","100","6.5","archive","-23.558","-46.635","2026-09-20T16:31:34.073018-03:00"
"2026-06-24 06:00:00","12.3","11.7","95","1.3","1.3","61","100","7.6","archive","-23.558","-46.635","2026-09-20T16:31:34.073018-03:00"
"2026-06-24 07:00:00","12.2","11.7","95","1.4","1.4","61","100","6.3","archive","-23.558","-46.635","2026-09-20T16:31:34.073018-03:00"
"2026-06-24 08:00:00","12.3","11.8","95","1.7","1.7","61","100","6.8","archive","-23.558","-46.635","2026-09-20T16:31:34.073018-03:00"
"2026-06-24 09:00:00","12.8","12.2","94","1.5","1.5","61","100","7.9","archive","-23.558","-46.635","2026-09-20T16:31:34.073018-03:00"
"2026-06-24 10:00:00","12.9","12.5","95","1.6","1.6","61","100","6.8","archive","-23.558","-46.635","2026-09-20T16:31:34.073018-03:00"
"2026-06-24 11:00:00","13.3","12.8","92","1.1","1.1","55","100","7.8","archive","-23.558","-46.635","2026-09-20T16:31:34.073018-03:00"
"2026-06-24 12:00:00","14.9","14.4","83","0.1","0.1","51","100","7.3","archive","-23.558","-46.635","2026-09-20T16:31:34.073018-03:00"
"2026-06-24 13:00:00","15.0","14.7","83","0.1","0.1","51","100","5.8","archive","-23.558","-46.635","2026-09-20T16:31:34.073018-03:00"
"2026-06-24 14:00:00","14.5","14.3","86","0.5","0.5","53","100","6.0","archive","-23.558","-46.635","2026-09-20T16:31:34.073018-03:00"
"2026-06-24 15:00:00","14.3","14.1","83","0.2","0.2","51","100","4.3","archive","-23.558","-46.635","2026-09-20T16:31:34.073018-03:00"
"2026-06-24 16:00:00","14.1","13.9","85","0.0","0.0","3","100","4.1","archive","-23.558","-46.635","2026-09-20T16:31:34.073018-03:00"
"2026-06-24 17:00:00","13.6","13.5","88","0.0","0.0","3","100","4.5","archive","-23.558","-46.635","2026-09-20T16:31:34.073018-03:00"
"2026-06-24 18:00:00","13.3","13.0","90","0.0","0.0","3","100","5.0","archive","-23.558","-46.635","2026-09-20T16:31:34.073018-03:00"
"2026-06-24 19:00:00","12.8","12.4","92","0.0","0.0","3","100","5.6","archive","-23.558","-46.635","2026-09-20T16:31:34.073018-03:00"
"2026-06-24 20:00:00","12.5","12.1","92","0.0","0.0","3","100","5.4","archive","-23.558","-46.635","2026-09-20T16:31:34.073018-03:00"
"2026-06-24 21:00:00","12.2","11.6","94","0.0","0.0","3","100","6.2","archive","-23.558","-46.635","2026-09-20T16:31:34.073018-03:00"
"2026-06-24 22:00:00","12.0","11.6","94","0.0","0.0","3","100","5.3","archive","-23.558","-46.635","2026-09-20T16:31:34.073018-03:00"
"2026-06-24 23:00:00","11.9","11.3","94","0.1","0.1","51","100","5.5","archive","-23.558","-46.635","2026-09-20T16:31:34.073018-03:00"
"2026-06-25 00:00:00","11.7","11.0","94","0.0","0.0","3","100","6.1","archive","-23.558","-46.635","2026-09-20T16:31:34.073018-03:00"
"2026-06-25 01:00:00","11.6","10.7","94","0.0","0.0","3","100","6.8","archive","-23.558","-46.635","2026-09-20T16:31:34.073018-03:00"
"2026-06-25 02:00:00","11.5","10.7","93","0.0","0.0","3","100","6.5","archive","-23.558","-46.635","2026-09-20T16:31:34.073018-03:00"
"2026-06-25 03:00:00","11.3","10.3","94","0.0","0.0","3","100","7.1","archive","-23.558","-46.635","2026-09-20T16:31:34.073018-03:00"
"2026-06-25 04:00:00","11.2","10.3","95","0.0","0.0","3","100","6.9","archive","-23.558","-46.635","2026-09-20T16:31:34.073018-03:00"
"2026-06-25 05:00:00","11.2","10.1","95","0.0","0.0","3","100","8.4","archive","-23.558","-46.635","2026-09-20T16:31:34.073018-03:00"
"2026-06-25 06:00:00","11.2","10.0","95","0.0","0.0","3","100","8.9","archive","-23.558","-46.635","2026-09-20T16:31:34.073018-03:00"
"2026-06-25 07:00:00","11.3","10.2","95","0.0","0.0","3","100","8.7","archive","-23.558","-46.635","2026-09-20T16:31:34.073018-03:00"
"2026-06-25 08:00:00","11.5","10.4","94","0.0","0.0","3","100","8.2","archive","-23.558","-46.635","2026-09-20T16:31:34.073018-03:00"
"2026-06-25 09:00:00","12.1","11.2","93","0.0","0.0","3","100","8.4","archive","-23.558","-46.635","2026-09-20T16:31:34.073018-03:00"
"2026-06-25 10:00:00","12.4","11.2","91","0.1","0.1","51","100","10.5","archive","-23.558","-46.635","2026-09-20T16:31:34.073018-03:00"
"2026-06-25 11:00:00","12.6","11.4","90","0.1","0.1","51","100","10.7","archive","-23.558","-46.635","2026-09-20T16:31:34.073018-03:00"
"2026-06-25 12:00:00","12.8","11.6","89","0.0","0.0","3","100","10.2","archive","-23.558","-46.635","2026-09-20T16:31:34.073018-03:00"
"2026-06-25 13:00:00","12.7","11.4","88","0.0","0.0","3","100","10.3","archive","-23.558","-46.635","2026-09-20T16:31:34.073018-03:00"
"2026-06-25 14:00:00","12.5","11.2","89","0.0","0.0","3","100","10.1","archive","-23.558","-46.635","2026-09-20T16:31:34.073018-03:00"
"2026-06-25 15:00:00","12.3","10.9","89","0.0","0.0","3","100","10.1","archive","-23.558","-46.635","2026-09-20T16:31:34.073018-03:00"
"2026-06-25 16:00:00","11.9","10.8","91","0.8","0.8","53","100","8.3","archive","-23.558","-46.635","2026-09-20T16:31:34.073018-03:00"
"2026-06-25 17:00:00","11.6","10.6","95","1.4","1.4","61","100","8.6","archive","-23.558","-46.635","2026-09-20T16:31:34.073018-03:00"
"2026-06-25 18:00:00","11.5","10.6","95","0.2","0.2","51","100","7.6","archive","-23.558","-46.635","2026-09-20T16:31:34.073018-03:00"
"2026-06-25 19:00:00","11.5","10.5","95","0.3","0.3","51","100","8.2","archive","-23.558","-46.635","2026-09-20T16:31:34.073018-03:00"
"2026-06-25 20:00:00","11.6","10.6","95","0.2","0.2","51","100","7.9","archive","-23.558","-46.635","2026-09-20T16:31:34.073018-03:00"
"2026-06-25 21:00:00","11.5","10.8","96","0.1","0.1","51","100","6.2","archive","-23.558","-46.635","2026-09-20T16:31:34.073018-03:00"
"2026-06-25 22:00:00","11.6","10.9","96","0.4","0.4","51","100","6.6","archive","-23.558","-46.635","2026-09-20T16:31:34.073018-03:00"
"2026-06-25 23:00:00","11.7","11.1","97","0.1","0.1","51","100","6.0","archive","-23.558","-46.635","2026-09-20T16:31:34.073018-03:00"
"2026-06-26 00:00:00","11.6","11.5","97","0.0","0.0","3","92","3.2","archive","-23.558","-46.635","2026-09-20T16:31:34.073018-03:00"
"2026-06-26 01:00:00","11.1","10.7","98","0.0","0.0","3","98","4.3","archive","-23.558","-46.635","2026-09-20T16:31:34.073018-03:00"
"2026-06-26 02:00:00","11.7","11.4","97","0.0","0.0","3","100","4.9","archive","-23.558","-46.635","2026-09-20T16:31:34.073018-03:00"
"2026-06-26 03:00:00","12.1","11.7","98","0.0","0.0","3","98","6.3","archive","-23.558","-46.635","2026-09-20T16:31:34.073018-03:00"
"2026-06-26 04:00:00","12.4","12.3","99","0.0","0.0","3","100","5.2","archive","-23.558","-46.635","2026-09-20T16:31:34.073018-03:00"
"2026-06-26 05:00:00","12.6","12.5","99","0.0","0.0","3","100","5.2","archive","-23.558","-46.635","2026-09-20T16:31:34.073018-03:00"
"2026-06-26 06:00:00","12.9","13.0","99","0.0","0.0","3","100","4.7","archive","-23.558","-46.635","2026-09-20T16:31:34.073018-03:00"
"2026-06-26 07:00:00","13.1","13.3","98","0.0","0.0","3","100","4.1","archive","-23.558","-46.635","2026-09-20T16:31:34.073018-03:00"
"2026-06-26 08:00:00","13.6","13.8","97","0.0","0.0","3","100","5.2","archive","-23.558","-46.635","2026-09-20T16:31:34.073018-03:00"
"2026-06-26 09:00:00","14.2","14.6","96","0.0","0.0","3","100","4.2","archive","-23.558","-46.635","2026-09-20T16:31:34.073018-03:00"
"2026-06-26 10:00:00","15.5","16.0","90","0.0","0.0","3","100","4.8","archive","-23.558","-46.635","2026-09-20T16:31:34.073018-03:00"
"2026-06-26 11:00:00","16.5","17.5","87","0.0","0.0","3","100","2.2","archive","-23.558","-46.635","2026-09-20T16:31:34.073018-03:00"
"2026-06-26 12:00:00","17.6","19.0","83","0.0","0.0","3","100","0.7","archive","-23.558","-46.635","2026-09-20T16:31:34.073018-03:00"
"2026-06-26 13:00:00","18.2","19.3","81","0.0","0.0","3","96","2.8","archive","-23.558","-46.635","2026-09-20T16:31:34.073018-03:00"
"2026-06-26 14:00:00","18.9","19.9","79","0.1","0.1","51","72","4.6","archive","-23.558","-46.635","2026-09-20T16:31:34.073018-03:00"
"2026-06-26 15:00:00","19.1","20.3","79","0.0","0.0","2","70","3.9","archive","-23.558","-46.635","2026-09-20T16:31:34.073018-03:00"
"2026-06-26 16:00:00","19.1","20.3","79","0.0","0.0","0","15","4.4","archive","-23.558","-46.635","2026-09-20T16:31:34.073018-03:00"
"2026-06-26 17:00:00","18.6","19.7","83","0.0","0.0","0","5","5.2","archive","-23.558","-46.635","2026-09-20T16:31:34.073018-03:00"
"2026-06-26 18:00:00","17.6","18.6","87","0.0","0.0","0","5","6.1","archive","-23.558","-46.635","2026-09-20T16:31:34.073018-03:00"
"2026-06-26 19:00:00","17.1","18.0","89","0.0","0.0","0","7","6.2","archive","-23.558","-46.635","2026-09-20T16:31:34.073018-03:00"
"2026-06-26 20:00:00","16.5","17.3","92","0.0","0.0","0","10","6.0","archive","-23.558","-46.635","2026-09-20T16:31:34.073018-03:00"
"2026-06-26 21:00:00","15.6","16.9","97","0.0","0.0","2","55","2.9","archive","-23.558","-46.635","2026-09-20T16:31:34.073018-03:00"
"2026-06-26 22:00:00","15.2","16.3","98","0.0","0.0","3","98","3.7","archive","-23.558","-46.635","2026-09-20T16:31:34.073018-03:00"
"2026-06-26 23:00:00","15.1","16.1","100","0.0","0.0","3","100","4.0","archive","-23.558","-46.635","2026-09-20T16:31:34.073018-03:00"
"2026-06-27 00:00:00","14.9","16.0","99","0.0","0.0","3","100","3.1","archive","-23.558","-46.635","2026-09-20T16:31:34.073018-03:00"
"2026-06-27 01:00:00","14.9","16.2","99","0.0","0.0","3","100","2.0","archive","-23.558","-46.635","2026-09-20T16:31:34.073018-03:00"
"2026-06-27 02:00:00","15.0","16.2","98","0.0","0.0","3","100","2.8","archive","-23.558","-46.635","2026-09-20T16:31:34.073018-03:00"
"2026-06-27 03:00:00","15.0","16.0","99","0.0","0.0","3","100","3.4","archive","-23.558","-46.635","2026-09-20T16:31:34.073018-03:00"
"2026-06-27 04:00:00","15.0","15.9","98","0.0","0.0","3","100","4.1","archive","-23.558","-46.635","2026-09-20T16:31:34.073018-03:00"
"2026-06-27 05:00:00","14.9","15.8","98","0.0","0.0","3","100","3.6","archive","-23.558","-46.635","2026-09-20T16:31:34.073018-03:00"
"2026-06-27 06:00:00","14.6","15.5","99","0.0","0.0","3","100","3.1","archive","-23.558","-46.635","2026-09-20T16:31:34.073018-03:00"
"2026-06-27 07:00:00","14.4","15.4","99","0.0","0.0","3","100","2.7","archive","-23.558","-46.635","2026-09-20T16:31:34.073018-03:00"
"2026-06-27 08:00:00","14.5","15.5","100","0.0","0.0","3","100","3.2","archive","-23.558","-46.635","2026-09-20T16:31:34.073018-03:00"
"2026-06-27 09:00:00","15.6","16.7","96","0.0","0.0","3","100","3.7","archive","-23.558","-46.635","2026-09-20T16:31:34.073018-03:00"
"2026-06-27 10:00:00","17.2","18.3","88","0.0","0.0","3","96","4.4","archive","-23.558","-46.635","2026-09-20T16:31:34.073018-03:00"
"2026-06-27 11:00:00","19.2","20.9","81","0.0","0.0","1","23","2.6","archive","-23.558","-46.635","2026-09-20T16:31:34.073018-03:00"
"2026-06-27 12:00:00","21.0","23.5","77","0.0","0.0","0","8","1.6","archive","-23.558","-46.635","2026-09-20T16:31:34.073018-03:00"
"2026-06-27 13:00:00","22.4","25.5","73","0.0","0.0","0","9","0.2","archive","-23.558","-46.635","2026-09-20T16:31:34.073018-03:00"
"2026-06-27 14:00:00","23.2","25.7","69","0.0","0.0","0","6","0.9","archive","-23.558","-46.635","2026-09-20T16:31:34.073018-03:00"
"2026-06-27 15:00:00","23.7","26.0","68","0.0","0.0","0","13","2.2","archive","-23.558","-46.635","2026-09-20T16:31:34.073018-03:00"
"2026-06-27 16:00:00","23.3","25.5","69","0.0","0.0","0","16","3.4","archive","-23.558","-46.635","2026-09-20T16:31:34.073018-03:00"
"2026-06-27 17:00:00","22.6","24.8","75","0.0","0.0","1","20","4.2","archive","-23.558","-46.635","2026-09-20T16:31:34.073018-03:00"
"2026-06-27 18:00:00","21.3","22.8","76","0.0","0.0","0","16","6.2","archive","-23.558","-46.635","2026-09-20T16:31:34.073018-03:00"
"2026-06-27 19:00:00","20.0","21.3","81","0.0","0.0","1","35","6.7","archive","-23.558","-46.635","2026-09-20T16:31:34.073018-03:00"
"2026-06-27 20:00:00","18.7","20.2","90","0.0","0.0","1","48","6.1","archive","-23.558","-46.635","2026-09-20T16:31:34.073018-03:00"
"2026-06-27 21:00:00","18.1","19.6","92","0.0","0.0","1","20","6.5","archive","-23.558","-46.635","2026-09-20T16:31:34.073018-03:00"
"2026-06-27 22:00:00","17.7","18.9","94","0.0","0.0","1","20","7.3","archive","-23.558","-46.635","2026-09-20T16:31:34.073018-03:00"
"2026-06-27 23:00:00","17.2","18.4","93","0.0","0.0","0","13","5.9","archive","-23.558","-46.635","2026-09-20T16:31:34.073018-03:00"
"2026-06-28 00:00:00","16.7","17.8","93","0.0","0.0","1","22","5.1","archive","-23.558","-46.635","2026-09-20T16:31:34.073018-03:00"
"2026-06-28 01:00:00","16.3","17.3","95","0.0","0.0","1","40","5.6","archive","-23.558","-46.635","2026-09-20T16:31:34.073018-03:00"
"2026-06-28 02:00:00","15.7","16.7","97","0.0","0.0","2","74","5.1","archive","-23.558","-46.635","2026-09-20T16:31:34.073018-03:00"
"2026-06-28 03:00:00","15.3","16.3","99","0.0","0.0","3","91","5.1","archive","-23.558","-46.635","2026-09-20T16:31:34.073018-03:00"
"2026-06-28 04:00:00","15.1","16.0","100","0.0","0.0","3","100","5.2","archive","-23.558","-46.635","2026-09-20T16:31:34.073018-03:00"
"2026-06-28 05:00:00","15.1","15.9","99","0.0","0.0","3","98","5.7","archive","-23.558","-46.635","2026-09-20T16:31:34.073018-03:00"
"2026-06-28 06:00:00","14.9","15.6","99","0.0","0.0","3","98","5.1","archive","-23.558","-46.635","2026-09-20T16:31:34.073018-03:00"
"2026-06-28 07:00:00","14.7","15.4","99","0.0","0.0","3","95","5.3","archive","-23.558","-46.635","2026-09-20T16:31:34.073018-03:00"
"2026-06-28 08:00:00","14.9","15.7","99","0.0","0.0","3","99","5.0","archive","-23.558","-46.635","2026-09-20T16:31:34.073018-03:00"
"2026-06-28 09:00:00","16.4","17.5","94","0.0","0.0","1","29","4.3","archive","-23.558","-46.635","2026-09-20T16:31:34.073018-03:00"
"2026-06-28 10:00:00","18.9","20.5","84","0.0","0.0","0","9","3.1","archive","-23.558","-46.635","2026-09-20T16:31:34.073018-03:00"
"2026-06-28 11:00:00","21.6","23.5","73","0.0","0.0","0","2","3.9","archive","-23.558","-46.635","2026-09-20T16:31:34.073018-03:00"
"2026-06-28 12:00:00","23.8","25.2","58","0.0","0.0","0","1","5.9","archive","-23.558","-46.635","2026-09-20T16:31:34.073018-03:00"
"2026-06-28 13:00:00","24.9","25.4","49","0.0","0.0","0","0","8.8","archive","-23.558","-46.635","2026-09-20T16:31:34.073018-03:00"
"2026-06-28 14:00:00","25.1","25.1","49","0.0","0.0","0","0","10.1","archive","-23.558","-46.635","2026-09-20T16:31:34.073018-03:00"
"2026-06-28 15:00:00","25.3","24.7","47","0.0","0.0","0","2","10.7","archive","-23.558","-46.635","2026-09-20T16:31:34.073018-03:00"
"2026-06-28 16:00:00","24.7","24.6","51","0.0","0.0","0","9","8.6","archive","-23.558","-46.635","2026-09-20T16:31:34.073018-03:00"
"2026-06-28 17:00:00","23.2","23.6","58","0.0","0.0","0","8","7.3","archive","-23.558","-46.635","2026-09-20T16:31:34.073018-03:00"
"2026-06-28 18:00:00","21.1","21.9","68","0.0","0.0","0","16","5.9","archive","-23.558","-46.635","2026-09-20T16:31:34.073018-03:00"
"2026-06-28 19:00:00","20.3","21.3","73","0.0","0.0","0","1","4.6","archive","-23.558","-46.635","2026-09-20T16:31:34.073018-03:00"
"2026-06-28 20:00:00","19.7","20.7","75","0.0","0.0","0","4","4.6","archive","-23.558","-46.635","2026-09-20T16:31:34.073018-03:00"
"2026-06-28 21:00:00","19.4","20.6","80","0.0","0.0","0","10","4.9","archive","-23.558","-46.635","2026-09-20T16:31:34.073018-03:00"
"2026-06-28 22:00:00","18.9","19.8","80","0.0","0.0","2","58","6.5","archive","-23.558","-46.635","2026-09-20T16:31:34.073018-03:00"
"2026-06-28 23:00:00","18.6","19.3","79","0.0","0.0","2","61","6.9","archive","-23.558","-46.635","2026-09-20T16:31:34.073018-03:00"
"2026-06-29 00:00:00","18.3","18.6","78","0.0","0.0","2","62","7.7","archive","-23.558","-46.635","2026-09-20T16:31:34.073018-03:00"
"2026-06-29 01:00:00","18.1","18.3","77","0.0","0.0","1","45","7.0","archive","-23.558","-46.635","2026-09-20T16:31:34.073018-03:00"
"2026-06-29 02:00:00","17.7","17.9","78","0.0","0.0","1","45","7.0","archive","-23.558","-46.635","2026-09-20T16:31:34.073018-03:00"
"2026-06-29 03:00:00","17.6","17.2","78","0.0","0.0","1","48","10.6","archive","-23.558","-46.635","2026-09-20T16:31:34.073018-03:00"
"2026-06-29 04:00:00","17.7","17.4","76","0.0","0.0","2","58","9.5","archive","-23.558","-46.635","2026-09-20T16:31:34.073018-03:00"
"2026-06-29 05:00:00","17.0","17.1","78","0.0","0.0","3","81","5.6","archive","-23.558","-46.635","2026-09-20T16:31:34.073018-03:00"
"2026-06-29 06:00:00","16.6","16.8","79","0.0","0.0","3","95","4.4","archive","-23.558","-46.635","2026-09-20T16:31:34.073018-03:00"
"2026-06-29 07:00:00","16.6","16.8","78","0.0","0.0","3","90","4.5","archive","-23.558","-46.635","2026-09-20T16:31:34.073018-03:00"
"2026-06-29 08:00:00","18.0","18.2","74","0.0","0.0","0","2","5.6","archive","-23.558","-46.635","2026-09-20T16:31:34.073018-03:00"
"2026-06-29 09:00:00","19.9","21.0","72","0.0","0.0","0","2","3.5","archive","-23.558","-46.635","2026-09-20T16:31:34.073018-03:00"
"2026-06-29 10:00:00","22.1","23.4","66","0.0","0.0","0","14","3.7","archive","-23.558","-46.635","2026-09-20T16:31:34.073018-03:00"
"2026-06-29 11:00:00","23.5","24.5","61","0.0","0.0","0","13","6.2","archive","-23.558","-46.635","2026-09-20T16:31:34.073018-03:00"
"2026-06-29 12:00:00","24.4","25.4","57","0.0","0.0","1","26","7.9","archive","-23.558","-46.635","2026-09-20T16:31:34.073018-03:00"
"2026-06-29 13:00:00","24.9","25.6","54","0.1","0.1","51","27","8.8","archive","-23.558","-46.635","2026-09-20T16:31:34.073018-03:00"
"2026-06-29 14:00:00","24.9","25.3","54","0.1","0.1","51","15","8.7","archive","-23.558","-46.635","2026-09-20T16:31:34.073018-03:00"
"2026-06-29 15:00:00","25.3","25.5","51","0.0","0.0","1","28","8.3","archive","-23.558","-46.635","2026-09-20T16:31:34.073018-03:00"
"2026-06-29 16:00:00","25.1","25.4","51","0.1","0.1","51","39","7.5","archive","-23.558","-46.635","2026-09-20T16:31:34.073018-03:00"
"2026-06-29 17:00:00","23.4","25.0","63","0.1","0.1","51","33","2.9","archive","-23.558","-46.635","2026-09-20T16:31:34.073018-03:00"
"2026-06-29 18:00:00","19.3","20.2","86","0.0","0.0","2","77","10.1","archive","-23.558","-46.635","2026-09-20T16:31:34.073018-03:00"
"2026-06-29 19:00:00","17.2","18.5","97","0.0","0.0","3","100","7.5","archive","-23.558","-46.635","2026-09-20T16:31:34.073018-03:00"
"2026-06-29 20:00:00","16.8","18.1","97","0.0","0.0","3","100","5.8","archive","-23.558","-46.635","2026-09-20T16:31:34.073018-03:00"
"2026-06-29 21:00:00","17.0","18.1","95","0.0","0.0","3","95","6.8","archive","-23.558","-46.635","2026-09-20T16:31:34.073018-03:00"
"2026-06-29 22:00:00","17.2","18.9","95","0.0","0.0","3","99","3.1","archive","-23.558","-46.635","2026-09-20T16:31:34.073018-03:00"
"2026-06-29 23:00:00","17.1","18.5","96","0.0","0.0","3","99","5.3","archive","-23.558","-46.635","2026-09-20T16:31:34.073018-03:00"
"2026-06-30 00:00:00","17.0","18.7","97","0.0","0.0","3","88","3.6","archive","-23.558","-46.635","2026-09-20T16:31:34.073018-03:00"
"2026-06-30 01:00:00","17.1","18.4","95","0.0","0.0","2","55","6.0","archive","-23.558","-46.635","2026-09-20T16:31:34.073018-03:00"
"2026-06-30 02:00:00","16.9","18.1","95","0.0","0.0","3","91","5.8","archive","-23.558","-46.635","2026-09-20T16:31:34.073018-03:00"
"2026-06-30 03:00:00","16.8","17.8","96","0.0","0.0","3","90","6.9","archive","-23.558","-46.635","2026-09-20T16:31:34.073018-03:00"
"2026-06-30 04:00:00","16.5","17.6","94","0.0","0.0","2","59","5.1","archive","-23.558","-46.635","2026-09-20T16:31:34.073018-03:00"
"2026-06-30 05:00:00","16.4","17.6","93","0.0","0.0","3","95","3.1","archive","-23.558","-46.635","2026-09-20T16:31:34.073018-03:00"
"2026-06-30 06:00:00","16.3","17.5","92","0.0","0.0","2","72","2.9","archive","-23.558","-46.635","2026-09-20T16:31:34.073018-03:00"
"2026-06-30 07:00:00","15.9","16.6","91","0.0","0.0","3","90","4.8","archive","-23.558","-46.635","2026-09-20T16:31:34.073018-03:00"
"2026-06-30 08:00:00","17.1","18.1","84","0.0","0.0","3","90","2.7","archive","-23.558","-46.635","2026-09-20T16:31:34.073018-03:00"
"2026-06-30 09:00:00","18.4","19.8","84","0.0","0.0","2","64","2.9","archive","-23.558","-46.635","2026-09-20T16:31:34.073018-03:00"
"2026-06-30 10:00:00","21.2","22.7","71","0.0","0.0","1","23","3.3","archive","-23.558","-46.635","2026-09-20T16:31:34.073018-03:00"
"2026-06-30 11:00:00","23.6","24.3","58","0.0","0.0","1","40","7.4","archive","-23.558","-46.635","2026-09-20T16:31:34.073018-03:00"
"2026-06-30 12:00:00","24.9","24.6","47","0.0","0.0","1","33","11.7","archive","-23.558","-46.635","2026-09-20T16:31:34.073018-03:00"
"2026-06-30 13:00:00","25.4","25.2","47","0.0","0.0","1","22","12.3","archive","-23.558","-46.635","2026-09-20T16:31:34.073018-03:00"
"2026-06-30 14:00:00","25.5","25.2","46","0.0","0.0","1","23","11.5","archive","-23.558","-46.635","2026-09-20T16:31:34.073018-03:00"
"2026-06-30 15:00:00","25.8","25.5","46","0.0","0.0","1","23","8.9","archive","-23.558","-46.635","2026-09-20T16:31:34.073018-03:00"
"2026-06-30 16:00:00","25.2","25.1","48","0.0","0.0","0","12","7.5","archive","-23.558","-46.635","2026-09-20T16:31:34.073018-03:00"
"2026-06-30 17:00:00","23.9","24.5","56","0.0","0.0","0","15","6.3","archive","-23.558","-46.635","2026-09-20T16:31:34.073018-03:00"
"2026-06-30 18:00:00","22.2","23.0","64","0.0","0.0","1","22","6.1","archive","-23.558","-46.635","2026-09-20T16:31:34.073018-03:00"
"2026-06-30 19:00:00","21.5","22.8","69","0.0","0.0","0","16","3.5","archive","-23.558","-46.635","2026-09-20T16:31:34.073018-03:00"
"2026-06-30 20:00:00","20.7","22.3","71","0.0","0.0","0","9","1.5","archive","-23.558","-46.635","2026-09-20T16:31:34.073018-03:00"
"2026-06-30 21:00:00","19.8","21.1","77","0.0","0.0","1","30","3.6","archive","-23.558","-46.635","2026-09-20T16:31:34.073018-03:00"
"2026-06-30 22:00:00","18.9","19.9","80","0.0","0.0","0","10","5.4","archive","-23.558","-46.635","2026-09-20T16:31:34.073018-03:00"
"2026-06-30 23:00:00","18.6","19.1","78","0.0","0.0","1","31","7.1","archive","-23.558","-46.635","2026-09-20T16:31:34.073018-03:00"
"2026-07-01 00:00:00","18.8","18.3","69","0.0","0.0","2","69","9.6","archive","-23.558","-46.635","2026-09-20T16:31:34.073018-03:00"
"2026-07-01 01:00:00","18.4","17.7","67","0.0","0.0","0","10","9.0","archive","-23.558","-46.635","2026-09-20T16:31:34.073018-03:00"
"2026-07-01 02:00:00","17.8","17.1","67","0.0","0.0","0","1","8.2","archive","-23.558","-46.635","2026-09-20T16:31:34.073018-03:00"
"2026-07-01 03:00:00","17.7","16.6","68","0.0","0.0","0","4","10.6","archive","-23.558","-46.635","2026-09-20T16:31:34.073018-03:00"
"2026-07-01 04:00:00","17.4","16.3","71","0.0","0.0","1","22","12.2","archive","-23.558","-46.635","2026-09-20T16:31:34.073018-03:00"
"2026-07-01 05:00:00","17.2","16.2","73","0.0","0.0","0","0","11.3","archive","-23.558","-46.635","2026-09-20T16:31:34.073018-03:00"
"2026-07-01 06:00:00","16.9","16.0","75","0.0","0.0","0","0","11.1","archive","-23.558","-46.635","2026-09-20T16:31:34.073018-03:00"
"2026-07-01 07:00:00","16.6","15.8","76","0.0","0.0","0","0","10.1","archive","-23.558","-46.635","2026-09-20T16:31:34.073018-03:00"
"2026-07-01 08:00:00","17.8","17.3","72","0.0","0.0","0","0","9.2","archive","-23.558","-46.635","2026-09-20T16:31:34.073018-03:00"
"2026-07-01 09:00:00","20.2","20.4","69","0.0","0.0","0","0","7.7","archive","-23.558","-46.635","2026-09-20T16:31:34.073018-03:00"
"2026-07-01 10:00:00","22.1","22.9","63","0.0","0.0","0","0","5.6","archive","-23.558","-46.635","2026-09-20T16:31:34.073018-03:00"
"2026-07-01 11:00:00","24.0","24.8","58","0.0","0.0","0","0","7.2","archive","-23.558","-46.635","2026-09-20T16:31:34.073018-03:00"
"2026-07-01 12:00:00","25.1","25.8","52","0.0","0.0","0","0","9.8","archive","-23.558","-46.635","2026-09-20T16:31:34.073018-03:00"
"2026-07-01 13:00:00","25.6","26.2","49","0.0","0.0","0","0","10.1","archive","-23.558","-46.635","2026-09-20T16:31:34.073018-03:00"
"2026-07-01 14:00:00","25.9","25.9","47","0.0","0.0","0","0","10.4","archive","-23.558","-46.635","2026-09-20T16:31:34.073018-03:00"
"2026-07-01 15:00:00","26.3","25.8","44","0.0","0.0","0","0","10.1","archive","-23.558","-46.635","2026-09-20T16:31:34.073018-03:00"
"2026-07-01 16:00:00","25.7","25.6","47","0.0","0.0","0","0","8.6","archive","-23.558","-46.635","2026-09-20T16:31:34.073018-03:00"
"2026-07-01 17:00:00","24.5","25.1","55","0.0","0.0","0","2","6.9","archive","-23.558","-46.635","2026-09-20T16:31:34.073018-03:00"
"2026-07-01 18:00:00","22.8","24.0","65","0.0","0.0","0","0","4.7","archive","-23.558","-46.635","2026-09-20T16:31:34.073018-03:00"
"2026-07-01 19:00:00","21.9","23.2","69","0.0","0.0","0","0","5.4","archive","-23.558","-46.635","2026-09-20T16:31:34.073018-03:00"
"2026-07-01 20:00:00","21.2","22.4","72","0.0","0.0","0","1","5.8","archive","-23.558","-46.635","2026-09-20T16:31:34.073018-03:00"
"2026-07-01 21:00:00","20.7","22.0","74","0.0","0.0","0","2","4.0","archive","-23.558","-46.635","2026-09-20T16:31:34.073018-03:00"
"2026-07-01 22:00:00","19.7","21.2","78","0.0","0.0","0","3","2.9","archive","-23.558","-46.635","2026-09-20T16:31:34.073018-03:00"
"2026-07-01 23:00:00","18.9","20.3","80","0.0","0.0","0","5","3.1","archive","-23.558","-46.635","2026-09-20T16:31:34.073018-03:00"
"2026-07-02 00:00:00","18.2","19.2","81","0.0","0.0","0","4","4.3","archive","-23.558","-46.635","2026-09-20T16:31:34.073018-03:00"
"2026-07-02 01:00:00","17.6","18.3","81","0.0","0.0","0","2","4.9","archive","-23.558","-46.635","2026-09-20T16:31:34.073018-03:00"
"2026-07-02 02:00:00","17.1","17.7","82","0.0","0.0","0","2","4.1","archive","-23.558","-46.635","2026-09-20T16:31:34.073018-03:00"
"2026-07-02 03:00:00","16.8","17.3","81","0.0","0.0","0","3","4.4","archive","-23.558","-46.635","2026-09-20T16:31:34.073018-03:00"
"2026-07-02 04:00:00","16.0","16.3","82","0.0","0.0","0","2","4.2","archive","-23.558","-46.635","2026-09-20T16:31:34.073018-03:00"
"2026-07-02 05:00:00","15.7","15.5","80","0.0","0.0","0","8","5.5","archive","-23.558","-46.635","2026-09-20T16:31:34.073018-03:00"
"2026-07-02 06:00:00","15.6","15.4","78","0.0","0.0","0","3","5.2","archive","-23.558","-46.635","2026-09-20T16:31:34.073018-03:00"
"2026-07-02 07:00:00","15.5","15.7","79","0.0","0.0","0","1","2.3","archive","-23.558","-46.635","2026-09-20T16:31:34.073018-03:00"
"2026-07-02 08:00:00","17.2","17.5","74","0.0","0.0","0","0","3.3","archive","-23.558","-46.635","2026-09-20T16:31:34.073018-03:00"
"2026-07-02 09:00:00","18.6","19.3","76","0.0","0.0","0","0","4.9","archive","-23.558","-46.635","2026-09-20T16:31:34.073018-03:00"
"2026-07-02 10:00:00","21.6","22.4","66","0.0","0.0","0","0","5.5","archive","-23.558","-46.635","2026-09-20T16:31:34.073018-03:00"
"2026-07-02 11:00:00","23.7","24.1","56","0.0","0.0","0","0","8.2","archive","-23.558","-46.635","2026-09-20T16:31:34.073018-03:00"
"2026-07-02 12:00:00","24.6","25.0","51","0.0","0.0","0","0","10.3","archive","-23.558","-46.635","2026-09-20T16:31:34.073018-03:00"
"2026-07-02 13:00:00","25.1","25.5","49","0.0","0.0","0","0","10.0","archive","-23.558","-46.635","2026-09-20T16:31:34.073018-03:00"
"2026-07-02 14:00:00","25.3","25.2","47","0.0","0.0","0","0","10.3","archive","-23.558","-46.635","2026-09-20T16:31:34.073018-03:00"
"2026-07-02 15:00:00","25.6","25.4","46","0.0","0.0","0","0","8.0","archive","-23.558","-46.635","2026-09-20T16:31:34.073018-03:00"
"2026-07-02 16:00:00","25.2","24.9","46","0.0","0.0","0","1","7.7","archive","-23.558","-46.635","2026-09-20T16:31:34.073018-03:00"
"2026-07-02 17:00:00","24.0","24.2","52","0.0","0.0","0","0","6.6","archive","-23.558","-46.635","2026-09-20T16:31:34.073018-03:00"
"2026-07-02 18:00:00","22.0","23.0","64","0.0","0.0","0","0","4.0","archive","-23.558","-46.635","2026-09-20T16:31:34.073018-03:00"
"2026-07-02 19:00:00","21.2","22.2","68","0.0","0.0","0","0","4.0","archive","-23.558","-46.635","2026-09-20T16:31:34.073018-03:00"
"2026-07-02 20:00:00","20.1","21.2","72","0.0","0.0","0","0","3.7","archive","-23.558","-46.635","2026-09-20T16:31:34.073018-03:00"
"2026-07-02 21:00:00","19.1","20.3","77","0.0","0.0","0","0","3.2","archive","-23.558","-46.635","2026-09-20T16:31:34.073018-03:00"
"2026-07-02 22:00:00","18.4","19.6","79","0.0","0.0","0","0","2.4","archive","-23.558","-46.635","2026-09-20T16:31:34.073018-03:00"
"2026-07-02 23:00:00","17.7","18.7","81","0.0","0.0","0","0","3.1","archive","-23.558","-46.635","2026-09-20T16:31:34.073018-03:00"
"2026-07-03 00:00:00","16.9","17.6","83","0.0","0.0","0","0","4.1","archive","-23.558","-46.635","2026-09-20T16:31:34.073018-03:00"
"2026-07-03 01:00:00","16.3","16.6","83","0.0","0.0","0","0","5.2","archive","-23.558","-46.635","2026-09-20T16:31:34.073018-03:00"
"2026-07-03 02:00:00","15.8","15.9","83","0.0","0.0","0","0","5.5","archive","-23.558","-46.635","2026-09-20T16:31:34.073018-03:00"
"2026-07-03 03:00:00","15.0","15.3","88","0.0","0.0","0","0","4.5","archive","-23.558","-46.635","2026-09-20T16:31:34.073018-03:00"
"2026-07-03 04:00:00","14.7","14.6","87","0.0","0.0","0","0","6.0","archive","-23.558","-46.635","2026-09-20T16:31:34.073018-03:00"
"2026-07-03 05:00:00","14.5","14.3","87","0.0","0.0","0","0","6.1","archive","-23.558","-46.635","2026-09-20T16:31:34.073018-03:00"
"2026-07-03 06:00:00","14.3","13.9","86","0.0","0.0","0","0","6.6","archive","-23.558","-46.635","2026-09-20T16:31:34.073018-03:00"
"2026-07-03 07:00:00","14.1","13.6","86","0.0","0.0","0","0","7.2","archive","-23.558","-46.635","2026-09-20T16:31:34.073018-03:00"
"2026-07-03 08:00:00","15.9","15.5","80","0.0","0.0","0","0","7.3","archive","-23.558","-46.635","2026-09-20T16:31:34.073018-03:00"
"2026-07-03 09:00:00","18.6","19.1","74","0.0","0.0","0","7","4.5","archive","-23.558","-46.635","2026-09-20T16:31:34.073018-03:00"
"2026-07-03 10:00:00","20.9","21.8","65","0.0","0.0","0","17","3.0","archive","-23.558","-46.635","2026-09-20T16:31:34.073018-03:00"
"2026-07-03 11:00:00","22.6","23.4","57","0.0","0.0","0","13","3.5","archive","-23.558","-46.635","2026-09-20T16:31:34.073018-03:00"
"2026-07-03 12:00:00","23.8","24.3","49","0.0","0.0","1","22","6.2","archive","-23.558","-46.635","2026-09-20T16:31:34.073018-03:00"
"2026-07-03 13:00:00","24.4","24.6","46","0.0","0.0","0","16","7.7","archive","-23.558","-46.635","2026-09-20T16:31:34.073018-03:00"
"2026-07-03 14:00:00","24.9","24.8","45","0.0","0.0","1","23","8.5","archive","-23.558","-46.635","2026-09-20T16:31:34.073018-03:00"
"2026-07-03 15:00:00","24.9","25.0","45","0.0","0.0","1","20","3.6","archive","-23.558","-46.635","2026-09-20T16:31:34.073018-03:00"
"2026-07-03 16:00:00","20.0","20.2","77","0.0","0.0","3","88","11.8","archive","-23.558","-46.635","2026-09-20T16:31:34.073018-03:00"
"2026-07-03 17:00:00","16.7","16.9","94","0.0","0.0","3","100","11.3","archive","-23.558","-46.635","2026-09-20T16:31:34.073018-03:00"
"2026-07-03 18:00:00","16.5","17.3","93","0.0","0.0","3","100","6.5","archive","-23.558","-46.635","2026-09-20T16:31:34.073018-03:00"
"2026-07-03 19:00:00","16.1","16.5","94","0.0","0.0","3","100","8.9","archive","-23.558","-46.635","2026-09-20T16:31:34.073018-03:00"
"2026-07-03 20:00:00","15.6","16.1","95","0.0","0.0","3","100","7.2","archive","-23.558","-46.635","2026-09-20T16:31:34.073018-03:00"
"2026-07-03 21:00:00","15.8","16.1","94","0.0","0.0","3","100","8.5","archive","-23.558","-46.635","2026-09-20T16:31:34.073018-03:00"
"2026-07-03 22:00:00","15.6","15.9","95","0.0","0.0","3","100","8.6","archive","-23.558","-46.635","2026-09-20T16:31:34.073018-03:00"
"2026-07-03 23:00:00","15.5","15.7","94","0.1","0.1","51","100","8.0","archive","-23.558","-46.635","2026-09-20T16:31:34.073018-03:00"
"2026-07-04 00:00:00","15.4","15.7","93","0.0","0.0","3","100","7.5","archive","-23.558","-46.635","2026-09-20T16:31:34.073018-03:00"
"2026-07-04 01:00:00","15.4","15.5","92","0.0","0.0","3","100","7.8","archive","-23.558","-46.635","2026-09-20T16:31:34.073018-03:00"
"2026-07-04 02:00:00","15.3","15.4","92","0.1","0.1","51","100","7.7","archive","-23.558","-46.635","2026-09-20T16:31:34.073018-03:00"
"2026-07-04 03:00:00","15.1","15.1","91","0.0","0.0","3","100","8.0","archive","-23.558","-46.635","2026-09-20T16:31:34.073018-03:00"
"2026-07-04 04:00:00","14.8","14.7","92","0.0","0.0","3","100","7.8","archive","-23.558","-46.635","2026-09-20T16:31:34.073018-03:00"
"2026-07-04 05:00:00","14.6","14.5","92","0.0","0.0","3","100","7.7","archive","-23.558","-46.635","2026-09-20T16:31:34.073018-03:00"
"2026-07-04 06:00:00","14.4","14.2","93","0.0","0.0","3","100","8.1","archive","-23.558","-46.635","2026-09-20T16:31:34.073018-03:00"
"2026-07-04 07:00:00","14.3","14.1","93","0.0","0.0","3","100","7.8","archive","-23.558","-46.635","2026-09-20T16:31:34.073018-03:00"
"2026-07-04 08:00:00","14.6","14.5","90","0.0","0.0","3","100","7.2","archive","-23.558","-46.635","2026-09-20T16:31:34.073018-03:00"
"2026-07-04 09:00:00","15.1","14.9","90","0.0","0.0","3","100","8.9","archive","-23.558","-46.635","2026-09-20T16:31:34.073018-03:00"
"2026-07-04 10:00:00","15.4","15.1","87","0.0","0.0","3","100","9.0","archive","-23.558","-46.635","2026-09-20T16:31:34.073018-03:00"
"2026-07-04 11:00:00","15.5","15.4","85","0.0","0.0","3","100","6.6","archive","-23.558","-46.635","2026-09-20T16:31:34.073018-03:00"
"2026-07-04 12:00:00","16.5","16.6","80","0.0","0.0","3","99","5.4","archive","-23.558","-46.635","2026-09-20T16:31:34.073018-03:00"
"2026-07-04 13:00:00","17.7","18.2","75","0.0","0.0","3","100","3.6","archive","-23.558","-46.635","2026-09-20T16:31:34.073018-03:00"
"2026-07-04 14:00:00","18.0","18.6","75","0.0","0.0","3","100","3.7","archive","-23.558","-46.635","2026-09-20T16:31:34.073018-03:00"
"2026-07-04 15:00:00","17.9","18.5","77","0.1","0.1","51","100","4.4","archive","-23.558","-46.635","2026-09-20T16:31:34.073018-03:00"
"2026-07-04 16:00:00","16.8","16.7","83","0.0","0.0","3","100","9.1","archive","-23.558","-46.635","2026-09-20T16:31:34.073018-03:00"
"2026-07-04 17:00:00","15.3","14.8","88","0.0","0.0","3","98","10.0","archive","-23.558","-46.635","2026-09-20T16:31:34.073018-03:00"
"2026-07-04 18:00:00","14.0","13.4","92","0.0","0.0","3","100","9.8","archive","-23.558","-46.635","2026-09-20T16:31:34.073018-03:00"
"2026-07-04 19:00:00","13.2","12.6","94","0.0","0.0","3","100","9.1","archive","-23.558","-46.635","2026-09-20T16:31:34.073018-03:00"
"2026-07-04 20:00:00","12.8","12.2","95","0.0","0.0","3","100","7.9","archive","-23.558","-46.635","2026-09-20T16:31:34.073018-03:00"
"2026-07-04 21:00:00","12.8","12.3","93","0.0","0.0","3","100","6.3","archive","-23.558","-46.635","2026-09-20T16:31:34.073018-03:00"
"2026-07-04 22:00:00","12.8","12.5","92","0.0","0.0","3","100","5.5","archive","-23.558","-46.635","2026-09-20T16:31:34.073018-03:00"
"2026-07-04 23:00:00","12.9","12.4","92","0.0","0.0","3","100","6.0","archive","-23.558","-46.635","2026-09-20T16:31:34.073018-03:00"
"2026-07-05 00:00:00","12.9","12.5","92","0.0","0.0","3","100","6.0","archive","-23.558","-46.635","2026-09-20T16:31:34.073018-03:00"
"2026-07-05 01:00:00","13.0","12.7","92","0.0","0.0","3","100","5.5","archive","-23.558","-46.635","2026-09-20T16:31:34.073018-03:00"
"2026-07-05 02:00:00","13.0","12.7","92","0.0","0.0","3","100","5.4","archive","-23.558","-46.635","2026-09-20T16:31:34.073018-03:00"
"2026-07-05 03:00:00","13.1","12.6","92","0.0","0.0","3","100","7.1","archive","-23.558","-46.635","2026-09-20T16:31:34.073018-03:00"
"2026-07-05 04:00:00","12.9","12.3","92","0.0","0.0","3","100","7.7","archive","-23.558","-46.635","2026-09-20T16:31:34.073018-03:00"
"2026-07-05 05:00:00","12.8","12.1","92","0.0","0.0","3","100","7.4","archive","-23.558","-46.635","2026-09-20T16:31:34.073018-03:00"
"2026-07-05 06:00:00","12.7","11.9","92","0.0","0.0","3","100","8.1","archive","-23.558","-46.635","2026-09-20T16:31:34.073018-03:00"
"2026-07-05 07:00:00","12.6","11.9","92","0.0","0.0","3","100","7.5","archive","-23.558","-46.635","2026-09-20T16:31:34.073018-03:00"
"2026-07-05 08:00:00","12.8","12.2","91","0.0","0.0","3","100","7.1","archive","-23.558","-46.635","2026-09-20T16:31:34.073018-03:00"
"2026-07-05 09:00:00","13.5","12.9","88","0.0","0.0","3","100","7.0","archive","-23.558","-46.635","2026-09-20T16:31:34.073018-03:00"
"2026-07-05 10:00:00","14.5","13.9","83","0.0","0.0","3","100","6.9","archive","-23.558","-46.635","2026-09-20T16:31:34.073018-03:00"
"2026-07-05 11:00:00","15.6","15.2","78","0.0","0.0","3","100","6.3","archive","-23.558","-46.635","2026-09-20T16:31:34.073018-03:00"
"2026-07-05 12:00:00","17.3","17.5","72","0.0","0.0","2","63","3.1","archive","-23.558","-46.635","2026-09-20T16:31:34.073018-03:00"
"2026-07-05 13:00:00","18.7","19.4","68","0.0","0.0","1","30","3.5","archive","-23.558","-46.635","2026-09-20T16:31:34.073018-03:00"
"2026-07-05 14:00:00","19.7","19.8","63","0.0","0.0","2","73","4.7","archive","-23.558","-46.635","2026-09-20T16:31:34.073018-03:00"
"2026-07-05 15:00:00","19.2","18.8","68","0.0","0.0","2","79","9.6","archive","-23.558","-46.635","2026-09-20T16:31:34.073018-03:00"
"2026-07-05 16:00:00","16.6","16.3","81","0.0","0.0","2","67","9.0","archive","-23.558","-46.635","2026-09-20T16:31:34.073018-03:00"
"2026-07-05 17:00:00","15.6","15.5","86","0.0","0.0","1","28","7.4","archive","-23.558","-46.635","2026-09-20T16:31:34.073018-03:00"
"2026-07-05 18:00:00","14.7","14.4","89","0.0","0.0","3","100","8.2","archive","-23.558","-46.635","2026-09-20T16:31:34.073018-03:00"
"2026-07-05 19:00:00","13.7","13.3","93","0.0","0.0","3","100","8.3","archive","-23.558","-46.635","2026-09-20T16:31:34.073018-03:00"
"2026-07-05 20:00:00","13.3","13.1","95","0.0","0.0","3","100","6.7","archive","-23.558","-46.635","2026-09-20T16:31:34.073018-03:00"
"2026-07-05 21:00:00","13.8","13.8","93","0.0","0.0","3","100","6.2","archive","-23.558","-46.635","2026-09-20T16:31:34.073018-03:00"
"2026-07-05 22:00:00","13.7","13.7","93","0.0","0.0","3","100","5.4","archive","-23.558","-46.635","2026-09-20T16:31:34.073018-03:00"
"2026-07-05 23:00:00","13.9","13.9","92","0.0","0.0","3","100","5.2","archive","-23.558","-46.635","2026-09-20T16:31:34.073018-03:00"
"2026-07-06 00:00:00","13.8","13.7","92","0.0","0.0","3","99","6.1","archive","-23.558","-46.635","2026-09-20T16:31:34.073018-03:00"
"2026-07-06 01:00:00","13.9","13.6","92","0.0","0.0","3","100","7.1","archive","-23.558","-46.635","2026-09-20T16:31:34.073018-03:00"
"2026-07-06 02:00:00","13.5","13.6","93","0.0","0.0","3","94","4.8","archive","-23.558","-46.635","2026-09-20T16:31:34.073018-03:00"
"2026-07-06 03:00:00","13.4","13.6","96","0.0","0.0","3","95","4.5","archive","-23.558","-46.635","2026-09-20T16:31:34.073018-03:00"
"2026-07-06 04:00:00","13.1","13.2","97","0.0","0.0","3","99","5.0","archive","-23.558","-46.635","2026-09-20T16:31:34.073018-03:00"
"2026-07-06 05:00:00","12.9","13.2","99","0.0","0.0","3","100","3.8","archive","-23.558","-46.635","2026-09-20T16:31:34.073018-03:00"
"2026-07-06 06:00:00","12.7","12.8","99","0.0","0.0","3","100","4.4","archive","-23.558","-46.635","2026-09-20T16:31:34.073018-03:00"
"2026-07-06 07:00:00","12.6","12.7","99","0.0","0.0","3","100","4.2","archive","-23.558","-46.635","2026-09-20T16:31:34.073018-03:00"
"2026-07-06 08:00:00","12.7","13.0","98","0.0","0.0","3","100","3.6","archive","-23.558","-46.635","2026-09-20T16:31:34.073018-03:00"
"2026-07-06 09:00:00","13.8","14.1","96","0.0","0.0","3","100","4.5","archive","-23.558","-46.635","2026-09-20T16:31:34.073018-03:00"
"2026-07-06 10:00:00","15.4","15.7","85","0.0","0.0","3","94","3.6","archive","-23.558","-46.635","2026-09-20T16:31:34.073018-03:00"
"2026-07-06 11:00:00","17.5","18.4","77","0.0","0.0","0","18","1.4","archive","-23.558","-46.635","2026-09-20T16:31:34.073018-03:00"
"2026-07-06 12:00:00","19.7","21.4","70","0.0","0.0","0","4","0.8","archive","-23.558","-46.635","2026-09-20T16:31:34.073018-03:00"
"2026-07-06 13:00:00","21.4","23.5","64","0.0","0.0","0","0","1.5","archive","-23.558","-46.635","2026-09-20T16:31:34.073018-03:00"
"2026-07-06 14:00:00","22.8","23.0","51","0.0","0.0","0","15","6.3","archive","-23.558","-46.635","2026-09-20T16:31:34.073018-03:00"
"2026-07-06 15:00:00","23.3","21.8","43","0.0","0.0","1","24","9.9","archive","-23.558","-46.635","2026-09-20T16:31:34.073018-03:00"
"2026-07-06 16:00:00","22.6","20.4","41","0.0","0.0","1","27","12.3","archive","-23.558","-46.635","2026-09-20T16:31:34.073018-03:00"
"2026-07-06 17:00:00","21.5","19.9","49","0.0","0.0","2","74","11.1","archive","-23.558","-46.635","2026-09-20T16:31:34.073018-03:00"
"2026-07-06 18:00:00","20.2","19.5","58","0.0","0.0","1","45","8.1","archive","-23.558","-46.635","2026-09-20T16:31:34.073018-03:00"
"2026-07-06 19:00:00","19.3","19.2","65","0.0","0.0","1","33","6.1","archive","-23.558","-46.635","2026-09-20T16:31:34.073018-03:00"
"2026-07-06 20:00:00","18.4","18.7","71","0.0","0.0","0","5","4.5","archive","-23.558","-46.635","2026-09-20T16:31:34.073018-03:00"
"2026-07-06 21:00:00","17.4","18.1","78","0.0","0.0","0","2","2.0","archive","-23.558","-46.635","2026-09-20T16:31:34.073018-03:00"
"2026-07-06 22:00:00","16.8","17.4","80","0.0","0.0","0","1","2.9","archive","-23.558","-46.635","2026-09-20T16:31:34.073018-03:00"
"2026-07-06 23:00:00","16.3","16.8","81","0.0","0.0","0","2","3.5","archive","-23.558","-46.635","2026-09-20T16:31:34.073018-03:00"
"2026-07-07 00:00:00","15.8","16.0","83","0.0","0.0","0","1","4.2","archive","-23.558","-46.635","2026-09-20T16:31:34.073018-03:00"
"2026-07-07 01:00:00","15.6","15.4","83","0.0","0.0","0","0","6.6","archive","-23.558","-46.635","2026-09-20T16:31:34.073018-03:00"
"2026-07-07 02:00:00","15.2","15.2","82","0.0","0.0","0","0","4.6","archive","-23.558","-46.635","2026-09-20T16:31:34.073018-03:00"
"2026-07-07 03:00:00","14.5","14.5","85","0.0","0.0","0","0","4.4","archive","-23.558","-46.635","2026-09-20T16:31:34.073018-03:00"
"2026-07-07 04:00:00","13.9","13.6","86","0.0","0.0","0","0","5.2","archive","-23.558","-46.635","2026-09-20T16:31:34.073018-03:00"
"2026-07-07 05:00:00","13.6","13.1","87","0.0","0.0","0","13","5.6","archive","-23.558","-46.635","2026-09-20T16:31:34.073018-03:00"
"2026-07-07 06:00:00","13.5","13.0","87","0.0","0.0","1","36","6.2","archive","-23.558","-46.635","2026-09-20T16:31:34.073018-03:00"
"2026-07-07 07:00:00","13.7","13.2","87","0.0","0.0","2","70","6.1","archive","-23.558","-46.635","2026-09-20T16:31:34.073018-03:00"
"2026-07-07 08:00:00","14.9","14.6","83","0.0","0.0","1","44","5.6","archive","-23.558","-46.635","2026-09-20T16:31:34.073018-03:00"
"2026-07-07 09:00:00","16.8","16.5","77","0.0","0.0","2","64","7.8","archive","-23.558","-46.635","2026-09-20T16:31:34.073018-03:00"
"2026-07-07 10:00:00","17.7","17.3","75","0.0","0.0","3","100","10.1","archive","-23.558","-46.635","2026-09-20T16:31:34.073018-03:00"
"2026-07-07 11:00:00","18.2","17.7","75","0.2","0.2","51","79","11.3","archive","-23.558","-46.635","2026-09-20T16:31:34.073018-03:00"
"2026-07-07 12:00:00","18.2","18.0","75","0.0","0.0","3","100","9.2","archive","-23.558","-46.635","2026-09-20T16:31:34.073018-03:00"
"2026-07-07 13:00:00","18.8","18.6","71","0.0","0.0","1","49","8.5","archive","-23.558","-46.635","2026-09-20T16:31:34.073018-03:00"
"2026-07-07 14:00:00","18.7","18.6","72","0.1","0.1","51","63","8.3","archive","-23.558","-46.635","2026-09-20T16:31:34.073018-03:00"
"2026-07-07 15:00:00","18.4","18.4","74","0.2","0.2","51","98","7.5","archive","-23.558","-46.635","2026-09-20T16:31:34.073018-03:00"
"2026-07-07 16:00:00","17.4","17.2","78","0.2","0.2","51","100","9.0","archive","-23.558","-46.635","2026-09-20T16:31:34.073018-03:00"
"2026-07-07 17:00:00","15.9","15.6","84","0.0","0.0","3","100","8.9","archive","-23.558","-46.635","2026-09-20T16:31:34.073018-03:00"
"2026-07-07 18:00:00","15.3","15.2","86","0.0","0.0","3","99","7.1","archive","-23.558","-46.635","2026-09-20T16:31:34.073018-03:00"
"2026-07-07 19:00:00","14.9","14.9","88","0.0","0.0","3","100","6.0","archive","-23.558","-46.635","2026-09-20T16:31:34.073018-03:00"
"2026-07-07 20:00:00","14.5","14.5","90","0.0","0.0","3","100","6.5","archive","-23.558","-46.635","2026-09-20T16:31:34.073018-03:00"
"2026-07-07 21:00:00","14.3","14.2","90","0.0","0.0","3","100","6.1","archive","-23.558","-46.635","2026-09-20T16:31:34.073018-03:00"
"2026-07-07 22:00:00","14.1","14.1","91","0.0","0.0","3","100","5.4","archive","-23.558","-46.635","2026-09-20T16:31:34.073018-03:00"
"2026-07-07 23:00:00","14.2","14.3","90","0.0","0.0","3","100","4.2","archive","-23.558","-46.635","2026-09-20T16:31:34.073018-03:00"
"2026-07-08 00:00:00","14.1","14.4","90","0.0","0.0","3","100","3.1","archive","-23.558","-46.635","2026-09-20T16:31:34.073018-03:00"
"2026-07-08 01:00:00","14.2","14.5","89","0.0","0.0","3","100","2.6","archive","-23.558","-46.635","2026-09-20T16:31:34.073018-03:00"
"2026-07-08 02:00:00","14.1","14.4","89","0.0","0.0","3","100","2.3","archive","-23.558","-46.635","2026-09-20T16:31:34.073018-03:00"
"2026-07-08 03:00:00","13.8","14.0","88","0.0","0.0","3","100","2.6","archive","-23.558","-46.635","2026-09-20T16:31:34.073018-03:00"
"2026-07-08 04:00:00","13.8","13.9","88","0.0","0.0","3","100","2.7","archive","-23.558","-46.635","2026-09-20T16:31:34.073018-03:00"
"2026-07-08 05:00:00","13.6","13.6","88","0.0","0.0","3","100","3.2","archive","-23.558","-46.635","2026-09-20T16:31:34.073018-03:00"
"2026-07-08 06:00:00","13.3","13.3","88","0.0","0.0","3","100","2.8","archive","-23.558","-46.635","2026-09-20T16:31:34.073018-03:00"
"2026-07-08 07:00:00","13.1","13.0","88","0.0","0.0","3","100","3.1","archive","-23.558","-46.635","2026-09-20T16:31:34.073018-03:00"
"2026-07-08 08:00:00","13.5","13.3","85","0.0","0.0","3","100","3.1","archive","-23.558","-46.635","2026-09-20T16:31:34.073018-03:00"
"2026-07-08 09:00:00","14.5","14.4","80","0.0","0.0","3","100","2.8","archive","-23.558","-46.635","2026-09-20T16:31:34.073018-03:00"
"2026-07-08 10:00:00","15.8","15.5","72","0.0","0.0","3","98","4.0","archive","-23.558","-46.635","2026-09-20T16:31:34.073018-03:00"
"2026-07-08 11:00:00","17.6","17.0","63","0.0","0.0","3","95","4.9","archive","-23.558","-46.635","2026-09-20T16:31:34.073018-03:00"
"2026-07-08 12:00:00","18.8","18.9","59","0.0","0.0","2","70","3.1","archive","-23.558","-46.635","2026-09-20T16:31:34.073018-03:00"
"2026-07-08 13:00:00","19.6","20.2","56","0.0","0.0","0","19","3.1","archive","-23.558","-46.635","2026-09-20T16:31:34.073018-03:00"
"2026-07-08 14:00:00","20.1","20.0","52","0.0","0.0","0","6","3.9","archive","-23.558","-46.635","2026-09-20T16:31:34.073018-03:00"
"2026-07-08 15:00:00","21.0","19.7","43","0.0","0.0","0","0","4.7","archive","-23.558","-46.635","2026-09-20T16:31:34.073018-03:00"
"2026-07-08 16:00:00","21.2","19.8","40","0.0","0.0","0","0","4.4","archive","-23.558","-46.635","2026-09-20T16:31:34.073018-03:00"
"2026-07-08 17:00:00","20.2","19.5","49","0.0","0.0","0","0","2.9","archive","-23.558","-46.635","2026-09-20T16:31:34.073018-03:00"
"2026-07-08 18:00:00","17.8","17.0","62","0.0","0.0","0","16","6.5","archive","-23.558","-46.635","2026-09-20T16:31:34.073018-03:00"
"2026-07-08 19:00:00","15.4","15.3","85","0.0","0.0","1","41","6.8","archive","-23.558","-46.635","2026-09-20T16:31:34.073018-03:00"
"2026-07-08 20:00:00","14.3","14.5","91","0.0","0.0","2","50","4.5","archive","-23.558","-46.635","2026-09-20T16:31:34.073018-03:00"
"2026-07-08 21:00:00","13.7","13.9","92","0.0","0.0","3","99","3.3","archive","-23.558","-46.635","2026-09-20T16:31:34.073018-03:00"
"2026-07-08 22:00:00","13.3","13.7","93","0.0","0.0","3","100","2.0","archive","-23.558","-46.635","2026-09-20T16:31:34.073018-03:00"
"2026-07-08 23:00:00","13.0","13.4","94","0.0","0.0","3","100","1.6","archive","-23.558","-46.635","2026-09-20T16:31:34.073018-03:00"
"2026-07-09 00:00:00","12.9","13.4","94","0.0","0.0","3","100","1.0","archive","-23.558","-46.635","2026-09-20T16:31:34.073018-03:00"
"2026-07-09 01:00:00","12.7","12.9","94","0.0","0.0","3","100","1.9","archive","-23.558","-46.635","2026-09-20T16:31:34.073018-03:00"
"2026-07-09 02:00:00","12.6","12.5","90","0.0","0.0","3","98","2.8","archive","-23.558","-46.635","2026-09-20T16:31:34.073018-03:00"
"2026-07-09 03:00:00","12.4","12.3","89","0.0","0.0","3","98","2.4","archive","-23.558","-46.635","2026-09-20T16:31:34.073018-03:00"
"2026-07-09 04:00:00","12.3","12.1","87","0.0","0.0","3","93","1.7","archive","-23.558","-46.635","2026-09-20T16:31:34.073018-03:00"
"2026-07-09 05:00:00","12.1","11.7","87","0.0","0.0","3","94","2.8","archive","-23.558","-46.635","2026-09-20T16:31:34.073018-03:00"
"2026-07-09 06:00:00","11.8","11.3","88","0.0","0.0","3","90","3.1","archive","-23.558","-46.635","2026-09-20T16:31:34.073018-03:00"
"2026-07-09 07:00:00","11.7","11.0","89","0.0","0.0","0","13","4.1","archive","-23.558","-46.635","2026-09-20T16:31:34.073018-03:00"
"2026-07-09 08:00:00","12.1","11.6","86","0.0","0.0","0","2","3.6","archive","-23.558","-46.635","2026-09-20T16:31:34.073018-03:00"
"2026-07-09 09:00:00","13.2","12.6","80","0.0","0.0","0","0","3.3","archive","-23.558","-46.635","2026-09-20T16:31:34.073018-03:00"
"2026-07-09 10:00:00","15.4","15.1","71","0.0","0.0","0","0","2.1","archive","-23.558","-46.635","2026-09-20T16:31:34.073018-03:00"
"2026-07-09 11:00:00","18.0","18.4","62","0.0","0.0","0","0","0.9","archive","-23.558","-46.635","2026-09-20T16:31:34.073018-03:00"
"2026-07-09 12:00:00","20.0","21.1","55","0.0","0.0","0","0","0.6","archive","-23.558","-46.635","2026-09-20T16:31:34.073018-03:00"
"2026-07-09 13:00:00","21.2","22.0","50","0.0","0.0","0","0","2.3","archive","-23.558","-46.635","2026-09-20T16:31:34.073018-03:00"
"2026-07-09 14:00:00","21.8","22.1","49","0.0","0.0","0","0","3.8","archive","-23.558","-46.635","2026-09-20T16:31:34.073018-03:00"
"2026-07-09 15:00:00","22.3","21.9","48","0.0","0.0","0","0","4.0","archive","-23.558","-46.635","2026-09-20T16:31:34.073018-03:00"
"2026-07-09 16:00:00","22.2","21.7","46","0.0","0.0","0","0","3.5","archive","-23.558","-46.635","2026-09-20T16:31:34.073018-03:00"
"2026-07-09 17:00:00","21.6","21.1","48","0.0","0.0","0","0","3.4","archive","-23.558","-46.635","2026-09-20T16:31:34.073018-03:00"
"2026-07-09 18:00:00","20.1","19.7","52","0.0","0.0","0","0","3.0","archive","-23.558","-46.635","2026-09-20T16:31:34.073018-03:00"
"2026-07-09 19:00:00","19.2","18.7","57","0.0","0.0","0","0","4.4","archive","-23.558","-46.635","2026-09-20T16:31:34.073018-03:00"
"2026-07-09 20:00:00","18.3","18.4","65","0.0","0.0","0","0","2.2","archive","-23.558","-46.635","2026-09-20T16:31:34.073018-03:00"
"2026-07-09 21:00:00","17.3","17.8","75","0.0","0.0","0","0","2.3","archive","-23.558","-46.635","2026-09-20T16:31:34.073018-03:00"
"2026-07-09 22:00:00","16.2","16.5","78","0.0","0.0","0","0","2.5","archive","-23.558","-46.635","2026-09-20T16:31:34.073018-03:00"
"2026-07-09 23:00:00","15.3","15.4","79","0.0","0.0","0","0","2.9","archive","-23.558","-46.635","2026-09-20T16:31:34.073018-03:00"
"2026-07-10 00:00:00","14.5","14.3","80","0.0","0.0","0","0","3.0","archive","-23.558","-46.635","2026-09-20T16:31:34.073018-03:00"
"2026-07-10 01:00:00","13.5","12.8","80","0.0","0.0","0","0","4.8","archive","-23.558","-46.635","2026-09-20T16:31:34.073018-03:00"
"2026-07-10 02:00:00","12.3","11.3","83","0.0","0.0","0","0","5.9","archive","-23.558","-46.635","2026-09-20T16:31:34.073018-03:00"
"2026-07-10 03:00:00","12.3","11.5","83","0.0","0.0","0","0","4.3","archive","-23.558","-46.635","2026-09-20T16:31:34.073018-03:00"
"2026-07-10 04:00:00","11.8","11.0","85","0.0","0.0","0","2","4.4","archive","-23.558","-46.635","2026-09-20T16:31:34.073018-03:00"
"2026-07-10 05:00:00","11.9","11.0","84","0.0","0.0","0","3","4.9","archive","-23.558","-46.635","2026-09-20T16:31:34.073018-03:00"
"2026-07-10 06:00:00","12.0","10.7","81","0.0","0.0","0","3","6.6","archive","-23.558","-46.635","2026-09-20T16:31:34.073018-03:00"
"2026-07-10 07:00:00","12.4","10.8","77","0.0","0.0","0","2","7.6","archive","-23.558","-46.635","2026-09-20T16:31:34.073018-03:00"
"2026-07-10 08:00:00","14.3","12.6","67","0.0","0.0","0","2","8.0","archive","-23.558","-46.635","2026-09-20T16:31:34.073018-03:00"
"2026-07-10 09:00:00","17.0","15.7","58","0.0","0.0","0","0","6.4","archive","-23.558","-46.635","2026-09-20T16:31:34.073018-03:00"
"2026-07-10 10:00:00","19.6","18.2","52","0.0","0.0","0","0","8.1","archive","-23.558","-46.635","2026-09-20T16:31:34.073018-03:00"
"2026-07-10 11:00:00","22.0","20.7","45","0.0","0.0","0","0","10.2","archive","-23.558","-46.635","2026-09-20T16:31:34.073018-03:00"
"2026-07-10 12:00:00","23.6","22.4","39","0.0","0.0","0","0","11.2","archive","-23.558","-46.635","2026-09-20T16:31:34.073018-03:00"
"2026-07-10 13:00:00","24.6","23.2","35","0.0","0.0","0","0","11.4","archive","-23.558","-46.635","2026-09-20T16:31:34.073018-03:00"
"2026-07-10 14:00:00","25.0","23.2","33","0.0","0.0","0","0","10.9","archive","-23.558","-46.635","2026-09-20T16:31:34.073018-03:00"
"2026-07-10 15:00:00","25.4","23.1","30","0.0","0.0","0","16","9.9","archive","-23.558","-46.635","2026-09-20T16:31:34.073018-03:00"
"2026-07-10 16:00:00","25.0","22.7","31","0.0","0.0","0","2","9.5","archive","-23.558","-46.635","2026-09-20T16:31:34.073018-03:00"
"2026-07-10 17:00:00","23.9","22.0","35","0.0","0.0","0","2","8.5","archive","-23.558","-46.635","2026-09-20T16:31:34.073018-03:00"
"2026-07-10 18:00:00","21.4","20.4","47","0.0","0.0","0","7","6.0","archive","-23.558","-46.635","2026-09-20T16:31:34.073018-03:00"
"2026-07-10 19:00:00","20.5","19.7","52","0.0","0.0","1","43","6.0","archive","-23.558","-46.635","2026-09-20T16:31:34.073018-03:00"
"2026-07-10 20:00:00","19.3","18.8","58","0.0","0.0","0","3","5.2","archive","-23.558","-46.635","2026-09-20T16:31:34.073018-03:00"
"2026-07-10 21:00:00","17.5","17.6","75","0.0","0.0","1","23","5.3","archive","-23.558","-46.635","2026-09-20T16:31:34.073018-03:00"
"2026-07-10 22:00:00","16.7","17.5","80","0.0","0.0","0","1","1.3","archive","-23.558","-46.635","2026-09-20T16:31:34.073018-03:00"
"2026-07-10 23:00:00","16.2","16.8","82","0.0","0.0","0","3","2.2","archive","-23.558","-46.635","2026-09-20T16:31:34.073018-03:00"
"2026-07-11 00:00:00","15.8","16.6","85","0.0","0.0","0","9","1.3","archive","-23.558","-46.635","2026-09-20T16:31:34.073018-03:00"
"2026-07-11 01:00:00","15.6","16.0","83","0.0","0.0","0","5","2.6","archive","-23.558","-46.635","2026-09-20T16:31:34.073018-03:00"
"2026-07-11 02:00:00","15.3","16.0","84","0.0","0.0","2","52","0.6","archive","-23.558","-46.635","2026-09-20T16:31:34.073018-03:00"
"2026-07-11 03:00:00","14.9","15.5","86","0.0","0.0","0","17","1.1","archive","-23.558","-46.635","2026-09-20T16:31:34.073018-03:00"
"2026-07-11 04:00:00","14.6","15.1","86","0.0","0.0","0","7","0.7","archive","-23.558","-46.635","2026-09-20T16:31:34.073018-03:00"
"2026-07-11 05:00:00","14.0","14.1","87","0.0","0.0","0","3","3.0","archive","-23.558","-46.635","2026-09-20T16:31:34.073018-03:00"
"2026-07-11 06:00:00","13.2","13.1","90","0.0","0.0","0","2","3.6","archive","-23.558","-46.635","2026-09-20T16:31:34.073018-03:00"
"2026-07-11 07:00:00","12.3","12.2","94","0.0","0.0","0","17","3.5","archive","-23.558","-46.635","2026-09-20T16:31:34.073018-03:00"
"2026-07-11 08:00:00","13.9","13.7","86","0.0","0.0","0","10","4.5","archive","-23.558","-46.635","2026-09-20T16:31:34.073018-03:00"
"2026-07-11 09:00:00","17.1","16.9","69","0.0","0.0","0","2","4.0","archive","-23.558","-46.635","2026-09-20T16:31:34.073018-03:00"
"2026-07-11 10:00:00","21.2","20.5","49","0.0","0.0","0","9","5.3","archive","-23.558","-46.635","2026-09-20T16:31:34.073018-03:00"
"2026-07-11 11:00:00","23.7","22.5","41","0.0","0.0","0","9","9.4","archive","-23.558","-46.635","2026-09-20T16:31:34.073018-03:00"
"2026-07-11 12:00:00","25.3","23.9","37","0.0","0.0","0","4","13.2","archive","-23.558","-46.635","2026-09-20T16:31:34.073018-03:00"
"2026-07-11 13:00:00","26.5","24.5","33","0.0","0.0","0","2","15.9","archive","-23.558","-46.635","2026-09-20T16:31:34.073018-03:00"
"2026-07-11 14:00:00","27.0","24.5","30","0.0","0.0","1","43","16.0","archive","-23.558","-46.635","2026-09-20T16:31:34.073018-03:00"
"2026-07-11 15:00:00","27.3","24.3","30","0.0","0.0","1","38","16.6","archive","-23.558","-46.635","2026-09-20T16:31:34.073018-03:00"
"2026-07-11 16:00:00","26.7","24.0","33","0.0","0.0","0","19","17.0","archive","-23.558","-46.635","2026-09-20T16:31:34.073018-03:00"
"2026-07-11 17:00:00","25.7","23.7","38","0.0","0.0","1","25","14.0","archive","-23.558","-46.635","2026-09-20T16:31:34.073018-03:00"
"2026-07-11 18:00:00","24.4","22.9","43","0.0","0.0","2","57","11.9","archive","-23.558","-46.635","2026-09-20T16:31:34.073018-03:00"
"2026-07-11 19:00:00","23.2","22.3","49","0.0","0.0","1","49","10.4","archive","-23.558","-46.635","2026-09-20T16:31:34.073018-03:00"
"2026-07-11 20:00:00","21.8","21.1","56","0.0","0.0","2","59","10.6","archive","-23.558","-46.635","2026-09-20T16:31:34.073018-03:00"
"2026-07-11 21:00:00","21.0","20.7","60","0.0","0.0","2","78","8.1","archive","-23.558","-46.635","2026-09-20T16:31:34.073018-03:00"
"2026-07-11 22:00:00","17.5","17.7","83","0.1","0.1","51","100","8.1","archive","-23.558","-46.635","2026-09-20T16:31:34.073018-03:00"
"2026-07-11 23:00:00","16.7","17.7","87","0.2","0.2","51","100","2.9","archive","-23.558","-46.635","2026-09-20T16:31:34.073018-03:00"
"2026-07-12 00:00:00","16.7","18.1","92","1.9","1.9","61","100","3.1","archive","-23.558","-46.635","2026-09-20T16:31:34.073018-03:00"
"2026-07-12 01:00:00","16.5","16.4","91","1.8","1.8","61","100","11.8","archive","-23.558","-46.635","2026-09-20T16:31:34.073018-03:00"
"2026-07-12 02:00:00","16.8","16.2","87","0.7","0.7","53","98","13.9","archive","-23.558","-46.635","2026-09-20T16:31:34.073018-03:00"
"2026-07-12 03:00:00","16.1","16.5","91","1.7","1.7","61","100","8.0","archive","-23.558","-46.635","2026-09-20T16:31:34.073018-03:00"
"2026-07-12 04:00:00","16.0","15.5","92","0.5","0.5","53","93","13.8","archive","-23.558","-46.635","2026-09-20T16:31:34.073018-03:00"
"2026-07-12 05:00:00","15.9","15.7","91","0.1","0.1","51","94","11.1","archive","-23.558","-46.635","2026-09-20T16:31:34.073018-03:00"
"2026-07-12 06:00:00","16.0","15.6","89","0.0","0.0","3","98","11.7","archive","-23.558","-46.635","2026-09-20T16:31:34.073018-03:00"
"2026-07-12 07:00:00","15.9","15.7","90","0.0","0.0","3","95","10.7","archive","-23.558","-46.635","2026-09-20T16:31:34.073018-03:00"
"2026-07-12 08:00:00","16.6","16.7","87","0.0","0.0","3","96","9.6","archive","-23.558","-46.635","2026-09-20T16:31:34.073018-03:00"
"2026-07-12 09:00:00","18.1","17.9","79","0.0","0.0","3","94","10.8","archive","-23.558","-46.635","2026-09-20T16:31:34.073018-03:00"
"2026-07-12 10:00:00","19.2","17.9","74","0.0","0.0","3","95","18.7","archive","-23.558","-46.635","2026-09-20T16:31:34.073018-03:00"
"2026-07-12 11:00:00","20.0","18.7","69","0.0","0.0","3","100","18.2","archive","-23.558","-46.635","2026-09-20T16:31:34.073018-03:00"
"2026-07-12 12:00:00","20.7","19.4","66","0.0","0.0","3","92","17.7","archive","-23.558","-46.635","2026-09-20T16:31:34.073018-03:00"
"2026-07-12 13:00:00","21.1","19.9","62","0.1","0.1","51","76","16.3","archive","-23.558","-46.635","2026-09-20T16:31:34.073018-03:00"
"2026-07-12 14:00:00","21.7","20.6","62","0.2","0.2","51","77","16.7","archive","-23.558","-46.635","2026-09-20T16:31:34.073018-03:00"
"2026-07-12 15:00:00","21.3","20.7","62","0.0","0.0","1","43","12.1","archive","-23.558","-46.635","2026-09-20T16:31:34.073018-03:00"
"2026-07-12 16:00:00","18.6","18.4","79","0.8","0.8","53","100","12.2","archive","-23.558","-46.635","2026-09-20T16:31:34.073018-03:00"
"2026-07-12 17:00:00","16.4","15.7","85","0.3","0.3","51","100","13.4","archive","-23.558","-46.635","2026-09-20T16:31:34.073018-03:00"
"2026-07-12 18:00:00","15.3","14.3","84","0.1","0.1","51","100","12.3","archive","-23.558","-46.635","2026-09-20T16:31:34.073018-03:00"
"2026-07-12 19:00:00","14.4","13.5","85","0.0","0.0","3","100","10.1","archive","-23.558","-46.635","2026-09-20T16:31:34.073018-03:00"
"2026-07-12 20:00:00","14.3","13.3","85","0.0","0.0","3","100","10.5","archive","-23.558","-46.635","2026-09-20T16:31:34.073018-03:00"
"2026-07-12 21:00:00","14.2","12.7","79","0.0","0.0","3","100","11.4","archive","-23.558","-46.635","2026-09-20T16:31:34.073018-03:00"
"2026-07-12 22:00:00","13.9","12.5","82","0.5","0.5","53","100","11.2","archive","-23.558","-46.635","2026-09-20T16:31:34.073018-03:00"
"2026-07-12 23:00:00","13.3","12.3","88","1.0","1.0","55","100","9.3","archive","-23.558","-46.635","2026-09-20T16:31:34.073018-03:00"
"2026-07-13 00:00:00","13.2","12.6","88","0.3","0.3","51","100","6.7","archive","-23.558","-46.635","2026-09-20T16:31:34.073018-03:00"
"2026-07-13 01:00:00","13.1","12.3","85","0.0","0.0","3","98","6.9","archive","-23.558","-46.635","2026-09-20T16:31:34.073018-03:00"
"2026-07-13 02:00:00","12.7","11.7","84","0.0","0.0","3","100","6.9","archive","-23.558","-46.635","2026-09-20T16:31:34.073018-03:00"
"2026-07-13 03:00:00","12.5","11.5","83","0.0","0.0","3","100","6.7","archive","-23.558","-46.635","2026-09-20T16:31:34.073018-03:00"
"2026-07-13 04:00:00","12.2","11.0","85","0.0","0.0","3","100","7.4","archive","-23.558","-46.635","2026-09-20T16:31:34.073018-03:00"
"2026-07-13 05:00:00","12.3","11.0","85","0.1","0.1","51","100","8.5","archive","-23.558","-46.635","2026-09-20T16:31:34.073018-03:00"
"2026-07-13 06:00:00","12.4","11.1","84","0.0","0.0","3","99","8.1","archive","-23.558","-46.635","2026-09-20T16:31:34.073018-03:00"
"2026-07-13 07:00:00","12.1","10.8","85","0.0","0.0","3","100","7.7","archive","-23.558","-46.635","2026-09-20T16:31:34.073018-03:00"
"2026-07-13 08:00:00","12.4","11.0","82","0.0","0.0","3","100","8.4","archive","-23.558","-46.635","2026-09-20T16:31:34.073018-03:00"
"2026-07-13 09:00:00","12.8","11.5","82","0.0","0.0","1","45","8.6","archive","-23.558","-46.635","2026-09-20T16:31:34.073018-03:00"
"2026-07-13 10:00:00","14.2","12.8","72","0.1","0.1","51","70","8.0","archive","-23.558","-46.635","2026-09-20T16:31:34.073018-03:00"
"2026-07-13 11:00:00","15.4","13.8","64","0.1","0.1","51","58","7.9","archive","-23.558","-46.635","2026-09-20T16:31:34.073018-03:00"
"2026-07-13 12:00:00","16.3","14.6","58","0.0","0.0","1","34","7.6","archive","-23.558","-46.635","2026-09-20T16:31:34.073018-03:00"
"2026-07-13 13:00:00","16.8","14.8","53","0.0","0.0","2","54","8.1","archive","-23.558","-46.635","2026-09-20T16:31:34.073018-03:00"
"2026-07-13 14:00:00","17.1","14.9","51","0.0","0.0","2","56","9.4","archive","-23.558","-46.635","2026-09-20T16:31:34.073018-03:00"
"2026-07-13 15:00:00","16.3","13.9","54","0.0","0.0","3","97","11.0","archive","-23.558","-46.635","2026-09-20T16:31:34.073018-03:00"
"2026-07-13 16:00:00","15.0","12.9","65","0.0","0.0","2","54","11.7","archive","-23.558","-46.635","2026-09-20T16:31:34.073018-03:00"
"2026-07-13 17:00:00","13.8","11.9","74","0.0","0.0","3","83","11.1","archive","-23.558","-46.635","2026-09-20T16:31:34.073018-03:00"
"2026-07-13 18:00:00","12.7","10.9","78","0.0","0.0","3","100","10.8","archive","-23.558","-46.635","2026-09-20T16:31:34.073018-03:00"
"2026-07-13 19:00:00","12.1","10.1","80","0.0","0.0","3","100","10.9","archive","-23.558","-46.635","2026-09-20T16:31:34.073018-03:00"
"2026-07-13 20:00:00","11.7","9.7","79","0.0","0.0","3","100","10.5","archive","-23.558","-46.635","2026-09-20T16:31:34.073018-03:00"
"2026-07-13 21:00:00","11.2","9.1","76","0.0","0.0","0","12","9.1","archive","-23.558","-46.635","2026-09-20T16:31:34.073018-03:00"
"2026-07-13 22:00:00","10.4","8.6","78","0.0","0.0","0","6","6.8","archive","-23.558","-46.635","2026-09-20T16:31:34.073018-03:00"
"2026-07-13 23:00:00","9.9","8.2","82","0.0","0.0","0","11","5.8","archive","-23.558","-46.635","2026-09-20T16:31:34.073018-03:00"
"2026-07-14 00:00:00","9.5","8.1","86","0.0","0.0","1","20","4.5","archive","-23.558","-46.635","2026-09-20T16:31:34.073018-03:00"
"2026-07-14 01:00:00","9.4","8.0","88","0.0","0.0","1","38","4.9","archive","-23.558","-46.635","2026-09-20T16:31:34.073018-03:00"
"2026-07-14 02:00:00","9.6","8.3","88","0.0","0.0","3","91","4.7","archive","-23.558","-46.635","2026-09-20T16:31:34.073018-03:00"
"2026-07-14 03:00:00","10.3","8.9","82","0.0","0.0","3","100","4.5","archive","-23.558","-46.635","2026-09-20T16:31:34.073018-03:00"
"2026-07-14 04:00:00","10.6","9.3","81","0.0","0.0","3","100","3.8","archive","-23.558","-46.635","2026-09-20T16:31:34.073018-03:00"
"2026-07-14 05:00:00","10.7","9.4","83","0.0","0.0","3","100","5.4","archive","-23.558","-46.635","2026-09-20T16:31:34.073018-03:00"
"2026-07-14 06:00:00","11.0","9.7","86","0.0","0.0","3","100","6.8","archive","-23.558","-46.635","2026-09-20T16:31:34.073018-03:00"
"2026-07-14 07:00:00","11.3","9.9","87","0.0","0.0","3","100","7.7","archive","-23.558","-46.635","2026-09-20T16:31:34.073018-03:00"
"2026-07-14 08:00:00","11.9","10.2","85","0.0","0.0","3","100","10.0","archive","-23.558","-46.635","2026-09-20T16:31:34.073018-03:00"
"2026-07-14 09:00:00","12.2","10.4","85","0.0","0.0","3","100","12.2","archive","-23.558","-46.635","2026-09-20T16:31:34.073018-03:00"
"2026-07-14 10:00:00","13.5","11.6","77","0.1","0.1","51","99","12.2","archive","-23.558","-46.635","2026-09-20T16:31:34.073018-03:00"
"2026-07-14 11:00:00","15.1","12.9","67","0.2","0.2","51","100","12.6","archive","-23.558","-46.635","2026-09-20T16:31:34.073018-03:00"
"2026-07-14 12:00:00","16.0","13.6","61","0.1","0.1","51","100","13.8","archive","-23.558","-46.635","2026-09-20T16:31:34.073018-03:00"
"2026-07-14 13:00:00","16.7","14.5","58","0.0","0.0","3","100","12.4","archive","-23.558","-46.635","2026-09-20T16:31:34.073018-03:00"
"2026-07-14 14:00:00","17.7","15.5","53","0.0","0.0","3","100","11.1","archive","-23.558","-46.635","2026-09-20T16:31:34.073018-03:00"
"2026-07-14 15:00:00","17.9","16.0","54","0.0","0.0","3","92","10.1","archive","-23.558","-46.635","2026-09-20T16:31:34.073018-03:00"
"2026-07-14 16:00:00","17.2","15.4","60","0.0","0.0","2","63","11.2","archive","-23.558","-46.635","2026-09-20T16:31:34.073018-03:00"
"2026-07-14 17:00:00","15.5","14.0","75","0.0","0.0","1","25","12.5","archive","-23.558","-46.635","2026-09-20T16:31:34.073018-03:00"
"2026-07-14 18:00:00","14.1","13.0","84","0.0","0.0","0","16","10.8","archive","-23.558","-46.635","2026-09-20T16:31:34.073018-03:00"
"2026-07-14 19:00:00","13.1","12.0","89","0.0","0.0","1","46","10.1","archive","-23.558","-46.635","2026-09-20T16:31:34.073018-03:00"
"2026-07-14 20:00:00","12.5","11.6","92","0.0","0.0","2","52","8.6","archive","-23.558","-46.635","2026-09-20T16:31:34.073018-03:00"
"2026-07-14 21:00:00","12.0","11.2","96","0.0","0.0","3","100","7.9","archive","-23.558","-46.635","2026-09-20T16:31:34.073018-03:00"
"2026-07-14 22:00:00","11.9","11.0","95","0.0","0.0","3","100","8.0","archive","-23.558","-46.635","2026-09-20T16:31:34.073018-03:00"
"2026-07-14 23:00:00","11.9","10.9","92","0.0","0.0","3","95","8.0","archive","-23.558","-46.635","2026-09-20T16:31:34.073018-03:00"
"2026-07-15 00:00:00","11.5","10.5","93","0.0","0.0","3","91","7.5","archive","-23.558","-46.635","2026-09-20T16:31:34.073018-03:00"
"2026-07-15 01:00:00","11.0","9.7","93","0.0","0.0","2","51","9.0","archive","-23.558","-46.635","2026-09-20T16:31:34.073018-03:00"
"2026-07-15 02:00:00","10.9","9.5","94","0.0","0.0","3","100","9.2","archive","-23.558","-46.635","2026-09-20T16:31:34.073018-03:00"
"2026-07-15 03:00:00","10.7","9.1","95","0.0","0.0","3","100","10.4","archive","-23.558","-46.635","2026-09-20T16:31:34.073018-03:00"
"2026-07-15 04:00:00","10.8","9.2","94","0.0","0.0","3","100","10.8","archive","-23.558","-46.635","2026-09-20T16:31:34.073018-03:00"
"2026-07-15 05:00:00","10.6","9.1","93","0.0","0.0","3","93","9.0","archive","-23.558","-46.635","2026-09-20T16:31:34.073018-03:00"
"2026-07-15 06:00:00","10.3","9.1","94","0.0","0.0","3","95","7.0","archive","-23.558","-46.635","2026-09-20T16:31:34.073018-03:00"
"2026-07-15 07:00:00","10.0","8.8","96","0.0","0.0","3","100","6.7","archive","-23.558","-46.635","2026-09-20T16:31:34.073018-03:00"
"2026-07-15 08:00:00","10.1","8.8","94","0.0","0.0","3","100","7.2","archive","-23.558","-46.635","2026-09-20T16:31:34.073018-03:00"
"2026-07-15 09:00:00","11.2","10.0","91","0.0","0.0","3","100","7.9","archive","-23.558","-46.635","2026-09-20T16:31:34.073018-03:00"
"2026-07-15 10:00:00","13.1","11.7","77","0.0","0.0","2","51","7.9","archive","-23.558","-46.635","2026-09-20T16:31:34.073018-03:00"
"2026-07-15 11:00:00","15.5","14.5","67","0.0","0.0","1","20","5.8","archive","-23.558","-46.635","2026-09-20T16:31:34.073018-03:00"
"2026-07-15 12:00:00","17.6","17.3","55","0.0","0.0","0","5","5.2","archive","-23.558","-46.635","2026-09-20T16:31:34.073018-03:00"
"2026-07-15 13:00:00","19.4","19.1","45","0.0","0.0","0","0","4.2","archive","-23.558","-46.635","2026-09-20T16:31:34.073018-03:00"
"2026-07-15 14:00:00","20.4","19.8","41","0.0","0.0","0","0","3.8","archive","-23.558","-46.635","2026-09-20T16:31:34.073018-03:00"
"2026-07-15 15:00:00","21.4","20.0","39","0.0","0.0","0","0","4.0","archive","-23.558","-46.635","2026-09-20T16:31:34.073018-03:00"
"2026-07-15 16:00:00","21.5","20.1","38","0.0","0.0","0","0","3.8","archive","-23.558","-46.635","2026-09-20T16:31:34.073018-03:00"
"2026-07-15 17:00:00","20.9","20.1","46","0.0","0.0","0","0","2.9","archive","-23.558","-46.635","2026-09-20T16:31:34.073018-03:00"
"2026-07-15 18:00:00","18.9","18.2","53","0.0","0.0","0","0","2.5","archive","-23.558","-46.635","2026-09-20T16:31:34.073018-03:00"
"2026-07-15 19:00:00","17.6","16.6","58","0.0","0.0","0","0","5.2","archive","-23.558","-46.635","2026-09-20T16:31:34.073018-03:00"
"2026-07-15 20:00:00","16.8","15.6","61","0.0","0.0","0","0","6.6","archive","-23.558","-46.635","2026-09-20T16:31:34.073018-03:00"
"2026-07-15 21:00:00","15.6","14.6","67","0.0","0.0","0","0","5.4","archive","-23.558","-46.635","2026-09-20T16:31:34.073018-03:00"
"2026-07-15 22:00:00","14.7","13.6","72","0.0","0.0","0","0","7.0","archive","-23.558","-46.635","2026-09-20T16:31:34.073018-03:00"
"2026-07-15 23:00:00","13.8","12.8","77","0.0","0.0","0","0","6.5","archive","-23.558","-46.635","2026-09-20T16:31:34.073018-03:00"
"2026-07-16 00:00:00","12.8","12.0","82","0.0","0.0","0","0","5.2","archive","-23.558","-46.635","2026-09-20T16:31:34.073018-03:00"
"2026-07-16 01:00:00","11.9","11.0","86","0.0","0.0","0","0","5.0","archive","-23.558","-46.635","2026-09-20T16:31:34.073018-03:00"
"2026-07-16 02:00:00","11.2","10.3","88","0.0","0.0","0","1","4.8","archive","-23.558","-46.635","2026-09-20T16:31:34.073018-03:00"
"2026-07-16 03:00:00","10.4","9.7","93","0.0","0.0","0","1","3.2","archive","-23.558","-46.635","2026-09-20T16:31:34.073018-03:00"
"2026-07-16 04:00:00","10.0","8.8","94","0.0","0.0","0","2","6.3","archive","-23.558","-46.635","2026-09-20T16:31:34.073018-03:00"
"2026-07-16 05:00:00","9.6","8.3","93","0.0","0.0","0","1","6.5","archive","-23.558","-46.635","2026-09-20T16:31:34.073018-03:00"
"2026-07-16 06:00:00","9.4","8.0","92","0.0","0.0","0","1","5.9","archive","-23.558","-46.635","2026-09-20T16:31:34.073018-03:00"
"2026-07-16 07:00:00","9.1","7.7","91","0.0","0.0","0","2","5.9","archive","-23.558","-46.635","2026-09-20T16:31:34.073018-03:00"
"2026-07-16 08:00:00","10.7","9.3","84","0.0","0.0","0","5","5.9","archive","-23.558","-46.635","2026-09-20T16:31:34.073018-03:00"
"2026-07-16 09:00:00","12.8","12.1","78","0.0","0.0","0","3","3.1","archive","-23.558","-46.635","2026-09-20T16:31:34.073018-03:00"
"2026-07-16 10:00:00","16.3","15.8","63","0.0","0.0","0","1","2.0","archive","-23.558","-46.635","2026-09-20T16:31:34.073018-03:00"
"2026-07-16 11:00:00","19.9","19.8","50","0.0","0.0","0","0","2.3","archive","-23.558","-46.635","2026-09-20T16:31:34.073018-03:00"
"2026-07-16 12:00:00","22.7","22.1","38","0.0","0.0","0","0","5.9","archive","-23.558","-46.635","2026-09-20T16:31:34.073018-03:00"
"2026-07-16 13:00:00","24.0","23.1","33","0.0","0.0","0","0","8.0","archive","-23.558","-46.635","2026-09-20T16:31:34.073018-03:00"
"2026-07-16 14:00:00","24.4","23.4","34","0.0","0.0","0","0","7.0","archive","-23.558","-46.635","2026-09-20T16:31:34.073018-03:00"
"2026-07-16 15:00:00","24.9","23.4","33","0.0","0.0","0","0","5.6","archive","-23.558","-46.635","2026-09-20T16:31:34.073018-03:00"
"2026-07-16 16:00:00","24.7","23.2","34","0.0","0.0","0","0","5.7","archive","-23.558","-46.635","2026-09-20T16:31:34.073018-03:00"
"2026-07-16 17:00:00","23.9","22.3","36","0.0","0.0","0","0","6.9","archive","-23.558","-46.635","2026-09-20T16:31:34.073018-03:00"
"2026-07-16 18:00:00","22.0","20.4","42","0.0","0.0","0","0","7.9","archive","-23.558","-46.635","2026-09-20T16:31:34.073018-03:00"
"2026-07-16 19:00:00","21.1","19.7","46","0.0","0.0","0","0","7.1","archive","-23.558","-46.635","2026-09-20T16:31:34.073018-03:00"
"2026-07-16 20:00:00","19.8","18.5","50","0.0","0.0","0","0","6.6","archive","-23.558","-46.635","2026-09-20T16:31:34.073018-03:00"
"2026-07-16 21:00:00","18.3","17.6","62","0.0","0.0","0","0","6.8","archive","-23.558","-46.635","2026-09-20T16:31:34.073018-03:00"
"2026-07-16 22:00:00","17.1","16.2","64","0.0","0.0","0","0","6.9","archive","-23.558","-46.635","2026-09-20T16:31:34.073018-03:00"
"2026-07-16 23:00:00","16.1","14.8","62","0.0","0.0","0","0","7.0","archive","-23.558","-46.635","2026-09-20T16:31:34.073018-03:00"
"2026-07-17 00:00:00","15.2","13.6","61","0.0","0.0","0","0","6.7","archive","-23.558","-46.635","2026-09-20T16:31:34.073018-03:00"
"2026-07-17 01:00:00","14.4","12.7","63","0.0","0.0","0","0","6.3","archive","-23.558","-46.635","2026-09-20T16:31:34.073018-03:00"
"2026-07-17 02:00:00","14.0","12.1","64","0.0","0.0","0","0","8.4","archive","-23.558","-46.635","2026-09-20T16:31:34.073018-03:00"
"2026-07-17 03:00:00","13.9","12.1","65","0.0","0.0","0","0","8.1","archive","-23.558","-46.635","2026-09-20T16:31:34.073018-03:00"
"2026-07-17 04:00:00","13.5","11.4","65","0.0","0.0","0","0","9.4","archive","-23.558","-46.635","2026-09-20T16:31:34.073018-03:00"
"2026-07-17 05:00:00","13.3","11.0","63","0.0","0.0","0","0","9.3","archive","-23.558","-46.635","2026-09-20T16:31:34.073018-03:00"
"2026-07-17 06:00:00","12.9","10.5","63","0.0","0.0","0","0","9.3","archive","-23.558","-46.635","2026-09-20T16:31:34.073018-03:00"
"2026-07-17 07:00:00","12.4","10.1","65","0.0","0.0","0","0","8.6","archive","-23.558","-46.635","2026-09-20T16:31:34.073018-03:00"
"2026-07-17 08:00:00","13.8","11.7","59","0.0","0.0","0","0","6.8","archive","-23.558","-46.635","2026-09-20T16:31:34.073018-03:00"
"2026-07-17 09:00:00","16.2","14.6","54","0.0","0.0","0","0","5.5","archive","-23.558","-46.635","2026-09-20T16:31:34.073018-03:00"
"2026-07-17 10:00:00","18.3","16.9","50","0.0","0.0","0","0","5.8","archive","-23.558","-46.635","2026-09-20T16:31:34.073018-03:00"
"2026-07-17 11:00:00","20.9","19.5","40","0.0","0.0","0","0","7.6","archive","-23.558","-46.635","2026-09-20T16:31:34.073018-03:00"
"2026-07-17 12:00:00","22.7","21.0","34","0.0","0.0","0","0","11.1","archive","-23.558","-46.635","2026-09-20T16:31:34.073018-03:00"
"2026-07-17 13:00:00","23.4","21.9","35","0.0","0.0","0","0","11.5","archive","-23.558","-46.635","2026-09-20T16:31:34.073018-03:00"
"2026-07-17 14:00:00","24.0","22.1","32","0.0","0.0","0","0","11.3","archive","-23.558","-46.635","2026-09-20T16:31:34.073018-03:00"
"2026-07-17 15:00:00","24.8","22.3","30","0.0","0.0","0","0","10.6","archive","-23.558","-46.635","2026-09-20T16:31:34.073018-03:00"
"2026-07-17 16:00:00","24.4","21.8","30","0.0","0.0","0","0","10.4","archive","-23.558","-46.635","2026-09-20T16:31:34.073018-03:00"
"2026-07-17 17:00:00","23.3","20.8","33","0.0","0.0","0","0","10.0","archive","-23.558","-46.635","2026-09-20T16:31:34.073018-03:00"
"2026-07-17 18:00:00","20.9","18.9","42","0.0","0.0","0","0","8.7","archive","-23.558","-46.635","2026-09-20T16:31:34.073018-03:00"
"2026-07-17 19:00:00","19.3","17.6","49","0.0","0.0","0","0","8.3","archive","-23.558","-46.635","2026-09-20T16:31:34.073018-03:00"
"2026-07-17 20:00:00","18.2","16.4","54","0.0","0.0","0","0","9.3","archive","-23.558","-46.635","2026-09-20T16:31:34.073018-03:00"
"2026-07-17 21:00:00","17.4","15.8","56","0.0","0.0","0","0","8.5","archive","-23.558","-46.635","2026-09-20T16:31:34.073018-03:00"
"2026-07-17 22:00:00","16.8","14.3","52","0.0","0.0","0","0","11.1","archive","-23.558","-46.635","2026-09-20T16:31:34.073018-03:00"
"2026-07-17 23:00:00","16.2","13.5","52","0.0","0.0","0","0","11.6","archive","-23.558","-46.635","2026-09-20T16:31:34.073018-03:00"
"2026-07-18 00:00:00","15.7","13.0","53","0.0","0.0","0","0","11.6","archive","-23.558","-46.635","2026-09-20T16:31:34.073018-03:00"
"2026-07-18 01:00:00","15.1","12.4","55","0.0","0.0","0","0","11.5","archive","-23.558","-46.635","2026-09-20T16:31:34.073018-03:00"
"2026-07-18 02:00:00","14.6","12.0","57","0.0","0.0","0","0","10.8","archive","-23.558","-46.635","2026-09-20T16:31:34.073018-03:00"
"2026-07-18 03:00:00","14.1","11.6","60","0.0","0.0","0","0","10.8","archive","-23.558","-46.635","2026-09-20T16:31:34.073018-03:00"
"2026-07-18 04:00:00","14.1","11.4","61","0.0","0.0","0","0","12.1","archive","-23.558","-46.635","2026-09-20T16:31:34.073018-03:00"
"2026-07-18 05:00:00","14.2","11.5","61","0.0","0.0","0","0","13.0","archive","-23.558","-46.635","2026-09-20T16:31:34.073018-03:00"
"2026-07-18 06:00:00","14.1","11.2","61","0.0","0.0","0","0","13.4","archive","-23.558","-46.635","2026-09-20T16:31:34.073018-03:00"
"2026-07-18 07:00:00","13.6","11.0","64","0.0","0.0","0","0","12.6","archive","-23.558","-46.635","2026-09-20T16:31:34.073018-03:00"
"2026-07-18 08:00:00","14.7","12.2","62","0.0","0.0","0","0","12.2","archive","-23.558","-46.635","2026-09-20T16:31:34.073018-03:00"
"2026-07-18 09:00:00","17.0","15.0","57","0.0","0.0","0","0","10.8","archive","-23.558","-46.635","2026-09-20T16:31:34.073018-03:00"
"2026-07-18 10:00:00","19.4","17.1","50","0.0","0.0","0","0","13.2","archive","-23.558","-46.635","2026-09-20T16:31:34.073018-03:00"
"2026-07-18 11:00:00","21.3","18.8","42","0.0","0.0","0","0","16.2","archive","-23.558","-46.635","2026-09-20T16:31:34.073018-03:00"
"2026-07-18 12:00:00","22.5","20.0","37","0.0","0.0","0","0","17.9","archive","-23.558","-46.635","2026-09-20T16:31:34.073018-03:00"
"2026-07-18 13:00:00","23.3","20.7","34","0.0","0.0","0","0","17.9","archive","-23.558","-46.635","2026-09-20T16:31:34.073018-03:00"
"2026-07-18 14:00:00","23.7","20.9","33","0.0","0.0","0","0","17.2","archive","-23.558","-46.635","2026-09-20T16:31:34.073018-03:00"
"2026-07-18 15:00:00","24.3","21.3","33","0.0","0.0","0","0","15.8","archive","-23.558","-46.635","2026-09-20T16:31:34.073018-03:00"
"2026-07-18 16:00:00","23.9","21.1","36","0.0","0.0","0","0","14.8","archive","-23.558","-46.635","2026-09-20T16:31:34.073018-03:00"
"2026-07-18 17:00:00","23.1","20.4","36","0.0","0.0","0","0","13.5","archive","-23.558","-46.635","2026-09-20T16:31:34.073018-03:00"
"2026-07-18 18:00:00","21.7","19.5","39","0.0","0.0","0","0","9.9","archive","-23.558","-46.635","2026-09-20T16:31:34.073018-03:00"
"2026-07-18 19:00:00","20.3","18.2","42","0.0","0.0","0","0","9.1","archive","-23.558","-46.635","2026-09-20T16:31:34.073018-03:00"
"2026-07-18 20:00:00","19.3","17.3","44","0.0","0.0","0","0","8.5","archive","-23.558","-46.635","2026-09-20T16:31:34.073018-03:00"
"2026-07-18 21:00:00","18.5","16.8","49","0.0","0.0","0","0","6.9","archive","-23.558","-46.635","2026-09-20T16:31:34.073018-03:00"
"2026-07-18 22:00:00","17.5","15.7","55","0.0","0.0","0","0","9.3","archive","-23.558","-46.635","2026-09-20T16:31:34.073018-03:00"
"2026-07-18 23:00:00","16.9","14.8","56","0.0","0.0","0","0","10.5","archive","-23.558","-46.635","2026-09-20T16:31:34.073018-03:00"
"2026-07-19 00:00:00","16.4","14.1","55","0.0","0.0","0","0","11.0","archive","-23.558","-46.635","2026-09-20T16:31:34.073018-03:00"
"2026-07-19 01:00:00","16.0","13.5","55","0.0","0.0","0","0","11.0","archive","-23.558","-46.635","2026-09-20T16:31:34.073018-03:00"
"2026-07-19 02:00:00","15.7","13.3","57","0.0","0.0","0","0","11.2","archive","-23.558","-46.635","2026-09-20T16:31:34.073018-03:00"
"2026-07-19 03:00:00","15.6","13.2","58","0.0","0.0","0","0","11.5","archive","-23.558","-46.635","2026-09-20T16:31:34.073018-03:00"
"2026-07-19 04:00:00","15.0","12.7","62","0.0","0.0","0","0","11.7","archive","-23.558","-46.635","2026-09-20T16:31:34.073018-03:00"
"2026-07-19 05:00:00","14.8","12.4","63","0.0","0.0","0","0","12.4","archive","-23.558","-46.635","2026-09-20T16:31:34.073018-03:00"
"2026-07-19 06:00:00","14.9","12.3","61","0.0","0.0","0","1","13.1","archive","-23.558","-46.635","2026-09-20T16:31:34.073018-03:00"
"2026-07-19 07:00:00","14.7","12.2","61","0.0","0.0","0","0","12.0","archive","-23.558","-46.635","2026-09-20T16:31:34.073018-03:00"
"2026-07-19 08:00:00","16.0","13.7","56","0.0","0.0","0","0","11.2","archive","-23.558","-46.635","2026-09-20T16:31:34.073018-03:00"
"2026-07-19 09:00:00","18.7","16.5","51","0.0","0.0","0","0","12.1","archive","-23.558","-46.635","2026-09-20T16:31:34.073018-03:00"
"2026-07-19 10:00:00","21.2","18.8","45","0.0","0.0","0","0","14.0","archive","-23.558","-46.635","2026-09-20T16:31:34.073018-03:00"
"2026-07-19 11:00:00","23.1","20.3","39","0.0","0.0","0","0","18.5","archive","-23.558","-46.635","2026-09-20T16:31:34.073018-03:00"
"2026-07-19 12:00:00","24.0","21.4","36","0.0","0.0","0","0","19.5","archive","-23.558","-46.635","2026-09-20T16:31:34.073018-03:00"
"2026-07-19 13:00:00","24.7","22.3","33","0.0","0.0","0","0","17.8","archive","-23.558","-46.635","2026-09-20T16:31:34.073018-03:00"
"2026-07-19 14:00:00","25.1","22.6","32","0.0","0.0","0","0","16.8","archive","-23.558","-46.635","2026-09-20T16:31:34.073018-03:00"
"2026-07-19 15:00:00","25.8","23.2","33","0.0","0.0","0","0","14.5","archive","-23.558","-46.635","2026-09-20T16:31:34.073018-03:00"
"2026-07-19 16:00:00","25.4","22.8","33","0.0","0.0","0","0","13.8","archive","-23.558","-46.635","2026-09-20T16:31:34.073018-03:00"
"2026-07-19 17:00:00","24.8","21.9","31","0.0","0.0","0","0","13.3","archive","-23.558","-46.635","2026-09-20T16:31:34.073018-03:00"
"2026-07-19 18:00:00","23.4","21.0","32","0.0","0.0","0","0","9.7","archive","-23.558","-46.635","2026-09-20T16:31:34.073018-03:00"
"2026-07-19 19:00:00","22.1","19.8","36","0.0","0.0","0","0","9.3","archive","-23.558","-46.635","2026-09-20T16:31:34.073018-03:00"
"2026-07-19 20:00:00","21.2","19.0","40","0.0","0.0","0","0","9.6","archive","-23.558","-46.635","2026-09-20T16:31:34.073018-03:00"
"2026-07-19 21:00:00","20.5","19.0","46","0.0","0.0","0","0","7.2","archive","-23.558","-46.635","2026-09-20T16:31:34.073018-03:00"
"2026-07-19 22:00:00","19.6","17.8","50","0.0","0.0","0","0","10.0","archive","-23.558","-46.635","2026-09-20T16:31:34.073018-03:00"
"2026-07-19 23:00:00","19.0","17.0","52","0.0","0.0","0","0","12.2","archive","-23.558","-46.635","2026-09-20T16:31:34.073018-03:00"
"2026-07-20 00:00:00","18.6","16.4","52","0.0","0.0","0","0","12.1","archive","-23.558","-46.635","2026-09-20T16:31:34.073018-03:00"
"2026-07-20 01:00:00","18.1","15.8","53","0.0","0.0","0","0","12.3","archive","-23.558","-46.635","2026-09-20T16:31:34.073018-03:00"
"2026-07-20 02:00:00","17.7","15.6","56","0.0","0.0","0","0","11.7","archive","-23.558","-46.635","2026-09-20T16:31:34.073018-03:00"
"2026-07-20 03:00:00","17.5","15.6","58","0.0","0.0","0","0","11.5","archive","-23.558","-46.635","2026-09-20T16:31:34.073018-03:00"
"2026-07-20 04:00:00","17.1","15.2","60","0.0","0.0","0","0","11.7","archive","-23.558","-46.635","2026-09-20T16:31:34.073018-03:00"
"2026-07-20 05:00:00","16.9","14.9","61","0.0","0.0","0","0","12.8","archive","-23.558","-46.635","2026-09-20T16:31:34.073018-03:00"
"2026-07-20 06:00:00","16.7","14.6","61","0.0","0.0","0","0","12.8","archive","-23.558","-46.635","2026-09-20T16:31:34.073018-03:00"
"2026-07-20 07:00:00","16.5","14.5","62","0.0","0.0","0","0","11.6","archive","-23.558","-46.635","2026-09-20T16:31:34.073018-03:00"
"2026-07-20 08:00:00","17.5","15.8","58","0.0","0.0","0","0","9.9","archive","-23.558","-46.635","2026-09-20T16:31:34.073018-03:00"
"2026-07-20 09:00:00","20.0","18.3","52","0.0","0.0","0","0","10.9","archive","-23.558","-46.635","2026-09-20T16:31:34.073018-03:00"
"2026-07-20 10:00:00","22.4","20.6","45","0.0","0.0","0","0","12.3","archive","-23.558","-46.635","2026-09-20T16:31:34.073018-03:00"
"2026-07-20 11:00:00","24.4","21.9","37","0.0","0.0","0","0","17.4","archive","-23.558","-46.635","2026-09-20T16:31:34.073018-03:00"
"2026-07-20 12:00:00","25.4","23.4","34","0.0","0.0","2","64","16.3","archive","-23.558","-46.635","2026-09-20T16:31:34.073018-03:00"
"2026-07-20 13:00:00","26.1","24.2","32","0.0","0.0","1","33","14.8","archive","-23.558","-46.635","2026-09-20T16:31:34.073018-03:00"
"2026-07-20 14:00:00","26.5","24.5","30","0.0","0.0","0","3","13.6","archive","-23.558","-46.635","2026-09-20T16:31:34.073018-03:00"
"2026-07-20 15:00:00","27.0","24.5","28","0.0","0.0","0","1","11.5","archive","-23.558","-46.635","2026-09-20T16:31:34.073018-03:00"
"2026-07-20 16:00:00","26.6","24.3","28","0.0","0.0","0","2","10.1","archive","-23.558","-46.635","2026-09-20T16:31:34.073018-03:00"
"2026-07-20 17:00:00","25.8","23.5","30","0.0","0.0","0","2","10.1","archive","-23.558","-46.635","2026-09-20T16:31:34.073018-03:00"
"2026-07-20 18:00:00","24.1","22.3","35","0.0","0.0","0","0","7.6","archive","-23.558","-46.635","2026-09-20T16:31:34.073018-03:00"
"2026-07-20 19:00:00","22.9","21.4","40","0.0","0.0","0","0","7.2","archive","-23.558","-46.635","2026-09-20T16:31:34.073018-03:00"
"2026-07-20 20:00:00","22.0","20.6","44","0.0","0.0","0","0","7.9","archive","-23.558","-46.635","2026-09-20T16:31:34.073018-03:00"
"2026-07-20 21:00:00","21.2","19.7","45","0.0","0.0","0","0","7.6","archive","-23.558","-46.635","2026-09-20T16:31:34.073018-03:00"
"2026-07-20 22:00:00","20.3","18.5","46","0.0","0.0","0","0","8.6","archive","-23.558","-46.635","2026-09-20T16:31:34.073018-03:00"
"2026-07-20 23:00:00","19.6","17.8","48","0.0","0.0","0","0","8.5","archive","-23.558","-46.635","2026-09-20T16:31:34.073018-03:00"
"2026-07-21 00:00:00","18.9","17.3","52","0.0","0.0","0","2","8.4","archive","-23.558","-46.635","2026-09-20T16:31:34.073018-03:00"
"2026-07-21 01:00:00","18.2","17.0","58","0.0","0.0","0","10","8.3","archive","-23.558","-46.635","2026-09-20T16:31:34.073018-03:00"
"2026-07-21 02:00:00","17.7","16.6","63","0.0","0.0","0","1","8.6","archive","-23.558","-46.635","2026-09-20T16:31:34.073018-03:00"
"2026-07-21 03:00:00","17.3","16.1","63","0.0","0.0","0","16","8.6","archive","-23.558","-46.635","2026-09-20T16:31:34.073018-03:00"
"2026-07-21 04:00:00","16.8","15.5","64","0.0","0.0","2","52","8.6","archive","-23.558","-46.635","2026-09-20T16:31:34.073018-03:00"
"2026-07-21 05:00:00","16.5","15.2","64","0.0","0.0","0","1","8.2","archive","-23.558","-46.635","2026-09-20T16:31:34.073018-03:00"
"2026-07-21 06:00:00","16.2","14.8","63","0.0","0.0","0","1","7.4","archive","-23.558","-46.635","2026-09-20T16:31:34.073018-03:00"
"2026-07-21 07:00:00","16.0","14.6","61","0.0","0.0","0","0","6.9","archive","-23.558","-46.635","2026-09-20T16:31:34.073018-03:00"
"2026-07-21 08:00:00","17.9","16.5","54","0.0","0.0","0","0","6.2","archive","-23.558","-46.635","2026-09-20T16:31:34.073018-03:00"
"2026-07-21 09:00:00","20.9","19.6","46","0.0","0.0","0","0","6.3","archive","-23.558","-46.635","2026-09-20T16:31:34.073018-03:00"
"2026-07-21 10:00:00","23.3","21.7","40","0.0","0.0","0","0","8.9","archive","-23.558","-46.635","2026-09-20T16:31:34.073018-03:00"
"2026-07-21 11:00:00","25.1","23.3","36","0.0","0.0","1","36","12.6","archive","-23.558","-46.635","2026-09-20T16:31:34.073018-03:00"
"2026-07-21 12:00:00","26.2","25.0","34","0.0","0.0","1","41","12.7","archive","-23.558","-46.635","2026-09-20T16:31:34.073018-03:00"
"2026-07-21 13:00:00","27.0","25.7","32","0.0","0.0","0","13","13.4","archive","-23.558","-46.635","2026-09-20T16:31:34.073018-03:00"
"2026-07-21 14:00:00","27.3","25.7","31","0.0","0.0","1","43","13.2","archive","-23.558","-46.635","2026-09-20T16:31:34.073018-03:00"
"2026-07-21 15:00:00","27.8","25.6","30","0.0","0.0","0","4","12.5","archive","-23.558","-46.635","2026-09-20T16:31:34.073018-03:00"
"2026-07-21 16:00:00","27.3","25.3","31","0.0","0.0","0","0","12.0","archive","-23.558","-46.635","2026-09-20T16:31:34.073018-03:00"
"2026-07-21 17:00:00","26.6","24.6","33","0.0","0.0","0","0","11.9","archive","-23.558","-46.635","2026-09-20T16:31:34.073018-03:00"
"2026-07-21 18:00:00","25.2","23.8","37","0.0","0.0","0","0","8.1","archive","-23.558","-46.635","2026-09-20T16:31:34.073018-03:00"
"2026-07-21 19:00:00","23.8","22.7","42","0.0","0.0","0","11","7.9","archive","-23.558","-46.635","2026-09-20T16:31:34.073018-03:00"
"2026-07-21 20:00:00","22.8","21.5","44","0.0","0.0","0","4","8.4","archive","-23.558","-46.635","2026-09-20T16:31:34.073018-03:00"
"2026-07-21 21:00:00","21.7","20.2","45","0.0","0.0","0","1","9.2","archive","-23.558","-46.635","2026-09-20T16:31:34.073018-03:00"
"2026-07-21 22:00:00","20.7","18.6","45","0.0","0.0","0","2","11.0","archive","-23.558","-46.635","2026-09-20T16:31:34.073018-03:00"
"2026-07-21 23:00:00","20.1","17.9","47","0.0","0.0","0","4","12.1","archive","-23.558","-46.635","2026-09-20T16:31:34.073018-03:00"
"2026-07-22 00:00:00","19.5","17.5","49","0.0","0.0","2","74","10.9","archive","-23.558","-46.635","2026-09-20T16:31:34.073018-03:00"
"2026-07-22 01:00:00","18.9","16.8","50","0.0","0.0","2","75","10.7","archive","-23.558","-46.635","2026-09-20T16:31:34.073018-03:00"
"2026-07-22 02:00:00","18.6","16.6","50","0.0","0.0","3","98","9.9","archive","-23.558","-46.635","2026-09-20T16:31:34.073018-03:00"
"2026-07-22 03:00:00","18.2","16.4","51","0.0","0.0","0","4","7.9","archive","-23.558","-46.635","2026-09-20T16:31:34.073018-03:00"
"2026-07-22 04:00:00","17.5","15.7","53","0.0","0.0","0","2","8.3","archive","-23.558","-46.635","2026-09-20T16:31:34.073018-03:00"
"2026-07-22 05:00:00","17.4","15.7","55","0.0","0.0","2","78","7.9","archive","-23.558","-46.635","2026-09-20T16:31:34.073018-03:00"
"2026-07-22 06:00:00","17.5","16.0","56","0.0","0.0","2","63","7.5","archive","-23.558","-46.635","2026-09-20T16:31:34.073018-03:00"
"2026-07-22 07:00:00","17.3","16.0","58","0.0","0.0","2","61","6.2","archive","-23.558","-46.635","2026-09-20T16:31:34.073018-03:00"
"2026-07-22 08:00:00","19.1","17.8","51","0.0","0.0","1","48","6.9","archive","-23.558","-46.635","2026-09-20T16:31:34.073018-03:00"
"2026-07-22 09:00:00","20.5","19.9","47","0.0","0.0","3","85","2.4","archive","-23.558","-46.635","2026-09-20T16:31:34.073018-03:00"
"2026-07-22 10:00:00","23.0","22.4","40","0.0","0.0","2","54","1.8","archive","-23.558","-46.635","2026-09-20T16:31:34.073018-03:00"
"2026-07-22 11:00:00","24.9","23.7","36","0.0","0.0","2","50","6.1","archive","-23.558","-46.635","2026-09-20T16:31:34.073018-03:00"
"2026-07-22 12:00:00","26.1","25.0","33","0.0","0.0","0","16","7.0","archive","-23.558","-46.635","2026-09-20T16:31:34.073018-03:00"
"2026-07-22 13:00:00","27.2","25.9","31","0.0","0.0","2","63","10.3","archive","-23.558","-46.635","2026-09-20T16:31:34.073018-03:00"
"2026-07-22 14:00:00","27.3","25.1","31","0.0","0.0","1","37","11.7","archive","-23.558","-46.635","2026-09-20T16:31:34.073018-03:00"
"2026-07-22 15:00:00","27.1","25.2","31","0.0","0.0","3","98","9.9","archive","-23.558","-46.635","2026-09-20T16:31:34.073018-03:00"
"2026-07-22 16:00:00","26.8","25.1","32","0.0","0.0","3","91","8.8","archive","-23.558","-46.635","2026-09-20T16:31:34.073018-03:00"
"2026-07-22 17:00:00","25.0","24.0","37","0.0","0.0","3","100","5.8","archive","-23.558","-46.635","2026-09-20T16:31:34.073018-03:00"
"2026-07-22 18:00:00","19.2","19.0","78","0.0","0.0","3","100","13.4","archive","-23.558","-46.635","2026-09-20T16:31:34.073018-03:00"
"2026-07-22 19:00:00","18.0","18.7","84","0.0","0.0","2","73","7.3","archive","-23.558","-46.635","2026-09-20T16:31:34.073018-03:00"
"2026-07-22 20:00:00","18.1","19.1","83","0.0","0.0","2","63","4.4","archive","-23.558","-46.635","2026-09-20T16:31:34.073018-03:00"
"2026-07-22 21:00:00","17.6","17.7","71","0.0","0.0","3","100","4.2","archive","-23.558","-46.635","2026-09-20T16:31:34.073018-03:00"
"2026-07-22 22:00:00","17.8","18.2","69","0.0","0.0","1","41","1.5","archive","-23.558","-46.635","2026-09-20T16:31:34.073018-03:00"
"2026-07-22 23:00:00","17.7","18.4","72","0.0","0.0","3","89","1.0","archive","-23.558","-46.635","2026-09-20T16:31:34.073018-03:00"
"2026-07-23 00:00:00","18.4","18.6","69","0.0","0.0","3","95","3.8","archive","-23.558","-46.635","2026-09-20T16:31:34.073018-03:00"
"2026-07-23 01:00:00","18.7","19.2","70","0.0","0.0","3","100","3.1","archive","-23.558","-46.635","2026-09-20T16:31:34.073018-03:00"
"2026-07-23 02:00:00","18.7","18.9","71","0.0","0.0","3","100","5.8","archive","-23.558","-46.635","2026-09-20T16:31:34.073018-03:00"
"2026-07-23 03:00:00","18.2","18.1","73","0.0","0.0","3","100","7.7","archive","-23.558","-46.635","2026-09-20T16:31:34.073018-03:00"
"2026-07-23 04:00:00","17.1","17.2","76","0.8","0.8","53","100","5.4","archive","-23.558","-46.635","2026-09-20T16:31:34.073018-03:00"
"2026-07-23 05:00:00","16.4","16.4","81","0.3","0.3","51","100","6.7","archive","-23.558","-46.635","2026-09-20T16:31:34.073018-03:00"
"2026-07-23 06:00:00","16.3","15.8","80","0.0","0.0","3","83","9.7","archive","-23.558","-46.635","2026-09-20T16:31:34.073018-03:00"
"2026-07-23 07:00:00","16.5","15.6","76","0.0","0.0","1","36","10.4","archive","-23.558","-46.635","2026-09-20T16:31:34.073018-03:00"
"2026-07-23 08:00:00","17.4","17.3","72","0.0","0.0","0","2","6.1","archive","-23.558","-46.635","2026-09-20T16:31:34.073018-03:00"
"2026-07-23 09:00:00","19.4","19.8","66","0.0","0.0","1","26","3.6","archive","-23.558","-46.635","2026-09-20T16:31:34.073018-03:00"
"2026-07-23 10:00:00","20.7","21.2","64","0.0","0.0","1","23","4.2","archive","-23.558","-46.635","2026-09-20T16:31:34.073018-03:00"
"2026-07-23 11:00:00","22.0","22.3","60","0.0","0.0","2","56","6.8","archive","-23.558","-46.635","2026-09-20T16:31:34.073018-03:00"
"2026-07-23 12:00:00","22.7","22.7","57","0.0","0.0","3","99","8.2","archive","-23.558","-46.635","2026-09-20T16:31:34.073018-03:00"
"2026-07-23 13:00:00","22.2","22.3","60","0.0","0.0","3","100","8.1","archive","-23.558","-46.635","2026-09-20T16:31:34.073018-03:00"
"2026-07-23 14:00:00","21.8","22.0","62","0.0","0.0","3","100","7.9","archive","-23.558","-46.635","2026-09-20T16:31:34.073018-03:00"
"2026-07-23 15:00:00","21.5","21.6","62","0.0","0.0","3","100","8.2","archive","-23.558","-46.635","2026-09-20T16:31:34.073018-03:00"
"2026-07-23 16:00:00","19.4","19.2","73","0.2","0.2","51","100","11.3","archive","-23.558","-46.635","2026-09-20T16:31:34.073018-03:00"
"2026-07-23 17:00:00","18.2","17.8","77","0.1","0.1","51","98","11.5","archive","-23.558","-46.635","2026-09-20T16:31:34.073018-03:00"
"2026-07-23 18:00:00","16.4","15.8","82","0.0","0.0","3","100","11.8","archive","-23.558","-46.635","2026-09-20T16:31:34.073018-03:00"
"2026-07-23 19:00:00","15.8","15.5","83","0.0","0.0","3","100","8.8","archive","-23.558","-46.635","2026-09-20T16:31:34.073018-03:00"
"2026-07-23 20:00:00","15.6","15.2","84","0.0","0.0","3","100","8.8","archive","-23.558","-46.635","2026-09-20T16:31:34.073018-03:00"
"2026-07-23 21:00:00","15.5","15.2","85","0.0","0.0","3","100","8.4","archive","-23.558","-46.635","2026-09-20T16:31:34.073018-03:00"
"2026-07-23 22:00:00","15.3","15.0","87","0.0","0.0","3","100","8.3","archive","-23.558","-46.635","2026-09-20T16:31:34.073018-03:00"
"2026-07-23 23:00:00","15.2","15.0","88","0.1","0.1","51","100","8.1","archive","-23.558","-46.635","2026-09-20T16:31:34.073018-03:00"
"2026-07-24 00:00:00","15.2","14.8","86","0.1","0.1","51","100","8.7","archive","-23.558","-46.635","2026-09-20T16:31:34.073018-03:00"
"2026-07-24 01:00:00","14.9","14.5","84","0.0","0.0","3","99","7.7","archive","-23.558","-46.635","2026-09-20T16:31:34.073018-03:00"
"2026-07-24 02:00:00","14.6","14.2","81","0.0","0.0","3","100","5.8","archive","-23.558","-46.635","2026-09-20T16:31:34.073018-03:00"
"2026-07-24 03:00:00","14.3","13.8","82","0.0","0.0","3","99","6.1","archive","-23.558","-46.635","2026-09-20T16:31:34.073018-03:00"
"2026-07-24 04:00:00","14.0","13.8","84","0.2","0.2","51","99","4.3","archive","-23.558","-46.635","2026-09-20T16:31:34.073018-03:00"
"2026-07-24 05:00:00","13.6","12.9","86","0.7","0.7","53","100","8.0","archive","-23.558","-46.635","2026-09-20T16:31:34.073018-03:00"
"2026-07-24 06:00:00","13.6","13.2","88","0.2","0.2","51","100","5.8","archive","-23.558","-46.635","2026-09-20T16:31:34.073018-03:00"
"2026-07-24 07:00:00","13.6","13.4","90","0.8","0.8","53","99","5.1","archive","-23.558","-46.635","2026-09-20T16:31:34.073018-03:00"
"2026-07-24 08:00:00","13.5","12.8","92","0.7","0.7","53","99","9.7","archive","-23.558","-46.635","2026-09-20T16:31:34.073018-03:00"
"2026-07-24 09:00:00","15.0","14.6","87","0.1","0.1","51","100","8.8","archive","-23.558","-46.635","2026-09-20T16:31:34.073018-03:00"
"2026-07-24 10:00:00","15.8","15.7","83","0.0","0.0","3","100","6.9","archive","-23.558","-46.635","2026-09-20T16:31:34.073018-03:00"
"2026-07-24 11:00:00","16.1","16.2","82","0.1","0.1","51","100","5.8","archive","-23.558","-46.635","2026-09-20T16:31:34.073018-03:00"
"2026-07-24 12:00:00","16.6","17.1","81","1.4","1.4","61","100","3.5","archive","-23.558","-46.635","2026-09-20T16:31:34.073018-03:00"
"2026-07-24 13:00:00","17.1","17.8","78","0.5","0.5","53","100","2.7","archive","-23.558","-46.635","2026-09-20T16:31:34.073018-03:00"
"2026-07-24 14:00:00","17.6","18.2","76","0.6","0.6","53","100","2.7","archive","-23.558","-46.635","2026-09-20T16:31:34.073018-03:00"
"2026-07-24 15:00:00","17.1","17.5","76","0.4","0.4","51","100","3.1","archive","-23.558","-46.635","2026-09-20T16:31:34.073018-03:00"
"2026-07-24 16:00:00","17.0","17.7","77","0.2","0.2","51","100","1.3","archive","-23.558","-46.635","2026-09-20T16:31:34.073018-03:00"
"2026-07-24 17:00:00","16.9","17.4","79","0.0","0.0","3","100","3.5","archive","-23.558","-46.635","2026-09-20T16:31:34.073018-03:00"
"2026-07-24 18:00:00","16.5","17.6","83","0.0","0.0","3","100","0.6","archive","-23.558","-46.635","2026-09-20T16:31:34.073018-03:00"
"2026-07-24 19:00:00","16.0","17.1","86","0.0","0.0","2","78","0.7","archive","-23.558","-46.635","2026-09-20T16:31:34.073018-03:00"
"2026-07-24 20:00:00","15.5","16.2","89","0.0","0.0","3","84","3.7","archive","-23.558","-46.635","2026-09-20T16:31:34.073018-03:00"
"2026-07-24 21:00:00","14.9","15.3","94","0.0","0.0","3","100","5.7","archive","-23.558","-46.635","2026-09-20T16:31:34.073018-03:00"
"2026-07-24 22:00:00","15.1","15.6","92","0.0","0.0","3","100","4.4","archive","-23.558","-46.635","2026-09-20T16:31:34.073018-03:00"
"2026-07-24 23:00:00","15.0","15.7","92","0.0","0.0","3","100","3.6","archive","-23.558","-46.635","2026-09-20T16:31:34.073018-03:00"
"2026-07-25 00:00:00","15.1","15.9","91","0.1","0.1","51","100","2.7","archive","-23.558","-46.635","2026-09-20T16:31:34.073018-03:00"
"2026-07-25 01:00:00","15.1","15.8","91","0.0","0.0","3","100","3.2","archive","-23.558","-46.635","2026-09-20T16:31:34.073018-03:00"
"2026-07-25 02:00:00","15.1","15.9","91","0.0","0.0","3","100","2.4","archive","-23.558","-46.635","2026-09-20T16:31:34.073018-03:00"
"2026-07-25 03:00:00","15.1","15.8","95","0.6","0.6","53","99","4.2","archive","-23.558","-46.635","2026-09-20T16:31:34.073018-03:00"
"2026-07-25 04:00:00","14.9","15.3","96","0.0","0.0","3","100","6.2","archive","-23.558","-46.635","2026-09-20T16:31:34.073018-03:00"
"2026-07-25 05:00:00","14.6","15.2","97","0.0","0.0","3","100","4.7","archive","-23.558","-46.635","2026-09-20T16:31:34.073018-03:00"
"2026-07-25 06:00:00","14.3","15.0","97","0.0","0.0","3","98","3.9","archive","-23.558","-46.635","2026-09-20T16:31:34.073018-03:00"
"2026-07-25 07:00:00","14.2","15.1","97","0.0","0.0","3","100","1.6","archive","-23.558","-46.635","2026-09-20T16:31:34.073018-03:00"
"2026-07-25 08:00:00","14.7","15.6","93","0.0","0.0","3","100","1.7","archive","-23.558","-46.635","2026-09-20T16:31:34.073018-03:00"
"2026-07-25 09:00:00","14.5","15.4","97","0.0","0.0","3","100","2.4","archive","-23.558","-46.635","2026-09-20T16:31:34.073018-03:00"
"2026-07-25 10:00:00","16.0","16.9","87","0.0","0.0","3","100","2.6","archive","-23.558","-46.635","2026-09-20T16:31:34.073018-03:00"
"2026-07-25 11:00:00","17.2","17.7","81","0.0","0.0","3","100","5.0","archive","-23.558","-46.635","2026-09-20T16:31:34.073018-03:00"
"2026-07-25 12:00:00","18.2","18.6","76","0.1","0.1","51","100","6.4","archive","-23.558","-46.635","2026-09-20T16:31:34.073018-03:00"
"2026-07-25 13:00:00","18.9","18.8","73","0.0","0.0","3","100","9.4","archive","-23.558","-46.635","2026-09-20T16:31:34.073018-03:00"
"2026-07-25 14:00:00","19.1","18.8","71","0.0","0.0","3","100","10.0","archive","-23.558","-46.635","2026-09-20T16:31:34.073018-03:00"
"2026-07-25 15:00:00","19.2","19.2","70","0.0","0.0","3","100","7.3","archive","-23.558","-46.635","2026-09-20T16:31:34.073018-03:00"
"2026-07-25 16:00:00","19.1","19.2","71","0.0","0.0","3","100","7.0","archive","-23.558","-46.635","2026-09-20T16:31:34.073018-03:00"
"2026-07-25 17:00:00","18.5","18.7","74","0.0","0.0","1","41","7.2","archive","-23.558","-46.635","2026-09-20T16:31:34.073018-03:00"
"2026-07-25 18:00:00","17.5","17.6","80","0.0","0.0","3","95","8.0","archive","-23.558","-46.635","2026-09-20T16:31:34.073018-03:00"
"2026-07-25 19:00:00","17.0","16.9","83","0.0","0.0","3","98","9.1","archive","-23.558","-46.635","2026-09-20T16:31:34.073018-03:00"
"2026-07-25 20:00:00","16.6","16.9","85","0.0","0.0","3","99","6.9","archive","-23.558","-46.635","2026-09-20T16:31:34.073018-03:00"
"2026-07-25 21:00:00","16.0","16.6","90","0.0","0.0","3","87","5.7","archive","-23.558","-46.635","2026-09-20T16:31:34.073018-03:00"
"2026-07-25 22:00:00","15.2","15.8","96","0.0","0.0","3","100","5.5","archive","-23.558","-46.635","2026-09-20T16:31:34.073018-03:00"
"2026-07-25 23:00:00","14.7","15.4","97","0.0","0.0","3","100","4.5","archive","-23.558","-46.635","2026-09-20T16:31:34.073018-03:00"
"2026-07-26 00:00:00","14.5","15.2","97","0.0","0.0","3","100","4.3","archive","-23.558","-46.635","2026-09-20T16:31:34.073018-03:00"
"2026-07-26 01:00:00","14.5","15.1","96","0.0","0.0","3","100","4.0","archive","-23.558","-46.635","2026-09-20T16:31:34.073018-03:00"
"2026-07-26 02:00:00","14.4","15.3","95","0.0","0.0","3","100","1.8","archive","-23.558","-46.635","2026-09-20T16:31:34.073018-03:00"
"2026-07-26 03:00:00","14.0","14.7","95","0.0","0.0","2","77","2.2","archive","-23.558","-46.635","2026-09-20T16:31:34.073018-03:00"
"2026-07-26 04:00:00","12.4","12.6","100","0.0","0.0","3","100","3.6","archive","-23.558","-46.635","2026-09-20T16:31:34.073018-03:00"
"2026-07-26 05:00:00","12.3","12.6","100","0.0","0.0","3","100","3.0","archive","-23.558","-46.635","2026-09-20T16:31:34.073018-03:00"
"2026-07-26 06:00:00","12.8","13.1","100","0.0","0.0","3","100","4.1","archive","-23.558","-46.635","2026-09-20T16:31:34.073018-03:00"
"2026-07-26 07:00:00","12.7","12.6","97","0.0","0.0","3","100","5.5","archive","-23.558","-46.635","2026-09-20T16:31:34.073018-03:00"
"2026-07-26 08:00:00","13.3","13.1","90","0.0","0.0","3","99","4.3","archive","-23.558","-46.635","2026-09-20T16:31:34.073018-03:00"
"2026-07-26 09:00:00","14.5","14.7","89","0.0","0.0","3","100","4.5","archive","-23.558","-46.635","2026-09-20T16:31:34.073018-03:00"
"2026-07-26 10:00:00","15.8","16.0","80","0.0","0.0","3","92","3.7","archive","-23.558","-46.635","2026-09-20T16:31:34.073018-03:00"
"2026-07-26 11:00:00","17.7","18.5","74","0.0","0.0","0","5","2.3","archive","-23.558","-46.635","2026-09-20T16:31:34.073018-03:00"
"2026-07-26 12:00:00","19.3","21.5","70","0.0","0.0","0","9","0.4","archive","-23.558","-46.635","2026-09-20T16:31:34.073018-03:00"
"2026-07-26 13:00:00","20.7","23.1","67","0.0","0.0","0","1","1.0","archive","-23.558","-46.635","2026-09-20T16:31:34.073018-03:00"
"2026-07-26 14:00:00","21.9","23.8","62","0.0","0.0","1","37","2.4","archive","-23.558","-46.635","2026-09-20T16:31:34.073018-03:00"
"2026-07-26 15:00:00","22.8","23.2","54","0.0","0.0","0","1","3.7","archive","-23.558","-46.635","2026-09-20T16:31:34.073018-03:00"
"2026-07-26 16:00:00","23.0","23.0","51","0.0","0.0","0","1","4.9","archive","-23.558","-46.635","2026-09-20T16:31:34.073018-03:00"
"2026-07-26 17:00:00","22.2","22.2","56","0.0","0.0","0","0","6.1","archive","-23.558","-46.635","2026-09-20T16:31:34.073018-03:00"
"2026-07-26 18:00:00","20.3","20.3","64","0.0","0.0","0","3","7.5","archive","-23.558","-46.635","2026-09-20T16:31:34.073018-03:00"
"2026-07-26 19:00:00","19.1","19.4","72","0.0","0.0","0","10","6.7","archive","-23.558","-46.635","2026-09-20T16:31:34.073018-03:00"
"2026-07-26 20:00:00","18.0","18.5","79","0.0","0.0","1","23","5.5","archive","-23.558","-46.635","2026-09-20T16:31:34.073018-03:00"
"2026-07-26 21:00:00","17.7","18.7","83","0.0","0.0","0","2","3.7","archive","-23.558","-46.635","2026-09-20T16:31:34.073018-03:00"
"2026-07-26 22:00:00","16.9","17.7","85","0.0","0.0","0","0","4.4","archive","-23.558","-46.635","2026-09-20T16:31:34.073018-03:00"
"2026-07-26 23:00:00","16.4","17.0","87","0.0","0.0","0","0","5.2","archive","-23.558","-46.635","2026-09-20T16:31:34.073018-03:00"
"2026-07-27 00:00:00","15.8","16.4","89","0.0","0.0","0","0","4.2","archive","-23.558","-46.635","2026-09-20T16:31:34.073018-03:00"
"2026-07-27 01:00:00","15.2","15.6","90","0.0","0.0","0","0","5.1","archive","-23.558","-46.635","2026-09-20T16:31:34.073018-03:00"
"2026-07-27 02:00:00","14.7","15.2","91","0.0","0.0","0","0","3.6","archive","-23.558","-46.635","2026-09-20T16:31:34.073018-03:00"
"2026-07-27 03:00:00","14.0","14.3","94","0.0","0.0","0","0","4.3","archive","-23.558","-46.635","2026-09-20T16:31:34.073018-03:00"
"2026-07-27 04:00:00","13.1","13.0","98","0.0","0.0","0","2","6.2","archive","-23.558","-46.635","2026-09-20T16:31:34.073018-03:00"
"2026-07-27 05:00:00","12.6","12.4","100","0.0","0.0","3","99","6.4","archive","-23.558","-46.635","2026-09-20T16:31:34.073018-03:00"
"2026-07-27 06:00:00","12.4","12.3","99","0.0","0.0","3","100","5.5","archive","-23.558","-46.635","2026-09-20T16:31:34.073018-03:00"
"2026-07-27 07:00:00","12.1","12.0","99","0.0","0.0","3","100","4.4","archive","-23.558","-46.635","2026-09-20T16:31:34.073018-03:00"
"2026-07-27 08:00:00","12.7","12.9","99","0.0","0.0","3","88","4.4","archive","-23.558","-46.635","2026-09-20T16:31:34.073018-03:00"
"2026-07-27 09:00:00","14.9","15.5","90","0.0","0.0","1","30","2.9","archive","-23.558","-46.635","2026-09-20T16:31:34.073018-03:00"
"2026-07-27 10:00:00","18.5","19.4","75","0.0","0.0","0","1","2.8","archive","-23.558","-46.635","2026-09-20T16:31:34.073018-03:00"
"2026-07-27 11:00:00","21.9","23.2","61","0.0","0.0","0","0","2.7","archive","-23.558","-46.635","2026-09-20T16:31:34.073018-03:00"
"2026-07-27 12:00:00","24.1","26.0","52","0.0","0.0","0","0","2.7","archive","-23.558","-46.635","2026-09-20T16:31:34.073018-03:00"
"2026-07-27 13:00:00","25.5","27.2","45","0.0","0.0","0","0","2.7","archive","-23.558","-46.635","2026-09-20T16:31:34.073018-03:00"
"2026-07-27 14:00:00","26.2","27.3","42","0.0","0.0","0","0","2.6","archive","-23.558","-46.635","2026-09-20T16:31:34.073018-03:00"
"2026-07-27 15:00:00","26.6","26.8","39","0.0","0.0","0","1","2.2","archive","-23.558","-46.635","2026-09-20T16:31:34.073018-03:00"
"2026-07-27 16:00:00","26.6","26.7","39","0.0","0.0","0","3","2.1","archive","-23.558","-46.635","2026-09-20T16:31:34.073018-03:00"
"2026-07-27 17:00:00","26.1","27.2","49","0.0","0.0","0","7","2.1","archive","-23.558","-46.635","2026-09-20T16:31:34.073018-03:00"
"2026-07-27 18:00:00","24.3","24.9","51","0.0","0.0","0","2","3.4","archive","-23.558","-46.635","2026-09-20T16:31:34.073018-03:00"
"2026-07-27 19:00:00","23.2","24.3","55","0.0","0.0","0","3","1.1","archive","-23.558","-46.635","2026-09-20T16:31:34.073018-03:00"
"2026-07-27 20:00:00","21.9","23.0","62","0.0","0.0","0","0","1.7","archive","-23.558","-46.635","2026-09-20T16:31:34.073018-03:00"
"2026-07-27 21:00:00","21.2","22.7","67","0.0","0.0","0","0","0.4","archive","-23.558","-46.635","2026-09-20T16:31:34.073018-03:00"
"2026-07-27 22:00:00","20.1","21.4","71","0.0","0.0","0","0","0.7","archive","-23.558","-46.635","2026-09-20T16:31:34.073018-03:00"
"2026-07-27 23:00:00","19.3","20.7","73","0.0","0.0","0","0","0.2","archive","-23.558","-46.635","2026-09-20T16:31:34.073018-03:00"
"2026-07-28 00:00:00","18.3","19.5","77","0.0","0.0","0","0","1.1","archive","-23.558","-46.635","2026-09-20T16:31:34.073018-03:00"
"2026-07-28 01:00:00","17.6","18.6","80","0.0","0.0","0","0","2.0","archive","-23.558","-46.635","2026-09-20T16:31:34.073018-03:00"
"2026-07-28 02:00:00","17.0","17.7","81","0.0","0.0","0","0","2.7","archive","-23.558","-46.635","2026-09-20T16:31:34.073018-03:00"
"2026-07-28 03:00:00","16.2","16.5","82","0.0","0.0","0","0","4.2","archive","-23.558","-46.635","2026-09-20T16:31:34.073018-03:00"
"2026-07-28 04:00:00","15.7","15.6","80","0.0","0.0","0","0","5.5","archive","-23.558","-46.635","2026-09-20T16:31:34.073018-03:00"
"2026-07-28 05:00:00","15.1","15.0","81","0.0","0.0","0","0","4.1","archive","-23.558","-46.635","2026-09-20T16:31:34.073018-03:00"
"2026-07-28 06:00:00","14.5","14.5","82","0.0","0.0","0","0","3.1","archive","-23.558","-46.635","2026-09-20T16:31:34.073018-03:00"
"2026-07-28 07:00:00","14.4","14.1","81","0.0","0.0","0","0","4.0","archive","-23.558","-46.635","2026-09-20T16:31:34.073018-03:00"
"2026-07-28 08:00:00","17.1","16.9","68","0.0","0.0","0","0","4.0","archive","-23.558","-46.635","2026-09-20T16:31:34.073018-03:00"
"2026-07-28 09:00:00","20.4","20.1","59","0.0","0.0","0","0","6.6","archive","-23.558","-46.635","2026-09-20T16:31:34.073018-03:00"
"2026-07-28 10:00:00","22.5","22.0","54","0.0","0.0","0","0","8.5","archive","-23.558","-46.635","2026-09-20T16:31:34.073018-03:00"
"2026-07-28 11:00:00","24.3","24.0","48","0.0","0.0","0","0","11.0","archive","-23.558","-46.635","2026-09-20T16:31:34.073018-03:00"
"2026-07-28 12:00:00","25.7","25.5","44","0.0","0.0","0","0","12.7","archive","-23.558","-46.635","2026-09-20T16:31:34.073018-03:00"
"2026-07-28 13:00:00","26.6","26.5","40","0.0","0.0","0","0","12.1","archive","-23.558","-46.635","2026-09-20T16:31:34.073018-03:00"
"2026-07-28 14:00:00","27.2","26.6","36","0.0","0.0","0","0","11.3","archive","-23.558","-46.635","2026-09-20T16:31:34.073018-03:00"
"2026-07-28 15:00:00","27.7","26.4","33","0.0","0.0","0","0","9.3","archive","-23.558","-46.635","2026-09-20T16:31:34.073018-03:00"
"2026-07-28 16:00:00","27.7","26.4","33","0.0","0.0","0","0","8.2","archive","-23.558","-46.635","2026-09-20T16:31:34.073018-03:00"
"2026-07-28 17:00:00","26.6","25.8","36","0.0","0.0","0","0","6.9","archive","-23.558","-46.635","2026-09-20T16:31:34.073018-03:00"
"2026-07-28 18:00:00","24.2","24.4","49","0.0","0.0","0","0","4.1","archive","-23.558","-46.635","2026-09-20T16:31:34.073018-03:00"
"2026-07-28 19:00:00","23.1","23.6","53","0.0","0.0","0","0","3.6","archive","-23.558","-46.635","2026-09-20T16:31:34.073018-03:00"
"2026-07-28 20:00:00","22.4","22.6","54","0.0","0.0","0","0","4.3","archive","-23.558","-46.635","2026-09-20T16:31:34.073018-03:00"
"2026-07-28 21:00:00","21.2","21.6","61","0.0","0.0","0","4","4.7","archive","-23.558","-46.635","2026-09-20T16:31:34.073018-03:00"
"2026-07-28 22:00:00","20.8","20.7","60","0.0","0.0","0","0","6.3","archive","-23.558","-46.635","2026-09-20T16:31:34.073018-03:00"
"2026-07-28 23:00:00","20.4","20.0","59","0.0","0.0","0","0","7.4","archive","-23.558","-46.635","2026-09-20T16:31:34.073018-03:00"
"2026-07-29 00:00:00","20.0","19.4","59","0.0","0.0","0","0","7.3","archive","-23.558","-46.635","2026-09-20T16:31:34.073018-03:00"
"2026-07-29 01:00:00","19.4","18.8","59","0.0","0.0","0","0","6.1","archive","-23.558","-46.635","2026-09-20T16:31:34.073018-03:00"
"2026-07-29 02:00:00","18.8","18.2","60","0.0","0.0","0","0","5.9","archive","-23.558","-46.635","2026-09-20T16:31:34.073018-03:00"
"2026-07-29 03:00:00","18.5","17.7","62","0.0","0.0","0","0","7.2","archive","-23.558","-46.635","2026-09-20T16:31:34.073018-03:00"
"2026-07-29 04:00:00","18.7","17.4","60","0.0","0.0","0","0","10.1","archive","-23.558","-46.635","2026-09-20T16:31:34.073018-03:00"
"2026-07-29 05:00:00","18.6","17.2","59","0.0","0.0","0","0","10.7","archive","-23.558","-46.635","2026-09-20T16:31:34.073018-03:00"
"2026-07-29 06:00:00","18.2","16.8","60","0.0","0.0","0","0","10.4","archive","-23.558","-46.635","2026-09-20T16:31:34.073018-03:00"
"2026-07-29 07:00:00","18.3","16.9","61","0.0","0.0","0","0","10.6","archive","-23.558","-46.635","2026-09-20T16:31:34.073018-03:00"
"2026-07-29 08:00:00","20.1","19.1","57","0.0","0.0","0","1","9.6","archive","-23.558","-46.635","2026-09-20T16:31:34.073018-03:00"
"2026-07-29 09:00:00","22.7","22.3","53","0.0","0.0","0","0","8.3","archive","-23.558","-46.635","2026-09-20T16:31:34.073018-03:00"
"2026-07-29 10:00:00","25.7","24.9","45","0.0","0.0","0","1","11.0","archive","-23.558","-46.635","2026-09-20T16:31:34.073018-03:00"
"2026-07-29 11:00:00","27.9","26.9","34","0.0","0.0","0","2","11.4","archive","-23.558","-46.635","2026-09-20T16:31:34.073018-03:00"
"2026-07-29 12:00:00","29.0","27.9","31","0.0","0.0","1","22","14.5","archive","-23.558","-46.635","2026-09-20T16:31:34.073018-03:00"
"2026-07-29 13:00:00","29.7","27.8","28","0.0","0.0","0","10","14.5","archive","-23.558","-46.635","2026-09-20T16:31:34.073018-03:00"
"2026-07-29 14:00:00","29.2","26.6","28","0.0","0.0","3","87","16.8","archive","-23.558","-46.635","2026-09-20T16:31:34.073018-03:00"
"2026-07-29 15:00:00","18.9","17.2","70","0.0","0.0","2","57","18.3","archive","-23.558","-46.635","2026-09-20T16:31:34.073018-03:00"
"2026-07-29 16:00:00","19.3","18.1","66","0.0","0.0","1","45","14.3","archive","-23.558","-46.635","2026-09-20T16:31:34.073018-03:00"
"2026-07-29 17:00:00","18.9","17.8","64","0.0","0.0","2","63","10.9","archive","-23.558","-46.635","2026-09-20T16:31:34.073018-03:00"
"2026-07-29 18:00:00","17.1","16.8","77","1.1","1.1","55","100","8.7","archive","-23.558","-46.635","2026-09-20T16:31:34.073018-03:00"
"2026-07-29 19:00:00","17.5","18.0","76","0.4","0.4","51","41","3.2","archive","-23.558","-46.635","2026-09-20T16:31:34.073018-03:00"
"2026-07-29 20:00:00","16.8","16.5","83","0.6","0.6","53","65","10.4","archive","-23.558","-46.635","2026-09-20T16:31:34.073018-03:00"
"2026-07-29 21:00:00","18.4","17.7","67","0.0","0.0","2","73","9.0","archive","-23.558","-46.635","2026-09-20T16:31:34.073018-03:00"
"2026-07-29 22:00:00","17.7","17.6","70","0.0","0.0","2","72","4.8","archive","-23.558","-46.635","2026-09-20T16:31:34.073018-03:00"
"2026-07-29 23:00:00","17.2","16.8","71","0.0","0.0","2","56","6.8","archive","-23.558","-46.635","2026-09-20T16:31:34.073018-03:00"
"2026-07-30 00:00:00","16.6","16.1","73","0.0","0.0","3","89","7.3","archive","-23.558","-46.635","2026-09-20T16:31:34.073018-03:00"
"2026-07-30 01:00:00","16.4","16.0","73","0.0","0.0","2","72","5.9","archive","-23.558","-46.635","2026-09-20T16:31:34.073018-03:00"
"2026-07-30 02:00:00","16.0","15.9","74","0.0","0.0","3","84","3.2","archive","-23.558","-46.635","2026-09-20T16:31:34.073018-03:00"
"2026-07-30 03:00:00","15.9","15.6","78","0.0","0.0","3","98","6.2","archive","-23.558","-46.635","2026-09-20T16:31:34.073018-03:00"
"2026-07-30 04:00:00","15.2","14.5","81","0.0","0.0","3","99","8.6","archive","-23.558","-46.635","2026-09-20T16:31:34.073018-03:00"
"2026-07-30 05:00:00","14.2","14.1","87","0.0","0.0","3","95","4.8","archive","-23.558","-46.635","2026-09-20T16:31:34.073018-03:00"
"2026-07-30 06:00:00","13.8","13.9","89","0.0","0.0","3","92","3.3","archive","-23.558","-46.635","2026-09-20T16:31:34.073018-03:00"
"2026-07-30 07:00:00","13.6","13.8","91","0.0","0.0","3","98","3.2","archive","-23.558","-46.635","2026-09-20T16:31:34.073018-03:00"
"2026-07-30 08:00:00","15.2","15.2","84","0.0","0.0","3","96","5.4","archive","-23.558","-46.635","2026-09-20T16:31:34.073018-03:00"
"2026-07-30 09:00:00","15.8","15.1","83","0.0","0.0","3","100","10.7","archive","-23.558","-46.635","2026-09-20T16:31:34.073018-03:00"
"2026-07-30 10:00:00","16.4","15.9","78","0.0","0.0","3","100","9.3","archive","-23.558","-46.635","2026-09-20T16:31:34.073018-03:00"
"2026-07-30 11:00:00","17.4","16.9","73","0.0","0.0","3","100","8.3","archive","-23.558","-46.635","2026-09-20T16:31:34.073018-03:00"
"2026-07-30 12:00:00","18.5","18.1","68","0.0","0.0","3","100","8.0","archive","-23.558","-46.635","2026-09-20T16:31:34.073018-03:00"
"2026-07-30 13:00:00","19.8","19.4","62","0.0","0.0","3","98","8.4","archive","-23.558","-46.635","2026-09-20T16:31:34.073018-03:00"
"2026-07-30 14:00:00","19.9","19.4","63","0.0","0.0","3","100","9.2","archive","-23.558","-46.635","2026-09-20T16:31:34.073018-03:00"
"2026-07-30 15:00:00","20.4","20.0","62","0.0","0.0","3","100","8.7","archive","-23.558","-46.635","2026-09-20T16:31:34.073018-03:00"
"2026-07-30 16:00:00","19.4","19.1","66","0.0","0.0","3","100","8.2","archive","-23.558","-46.635","2026-09-20T16:31:34.073018-03:00"
"2026-07-30 17:00:00","18.1","17.7","72","0.0","0.0","3","100","8.9","archive","-23.558","-46.635","2026-09-20T16:31:34.073018-03:00"
"2026-07-30 18:00:00","16.9","16.5","80","0.0","0.0","3","100","10.0","archive","-23.558","-46.635","2026-09-20T16:31:34.073018-03:00"
"2026-07-30 19:00:00","15.9","15.9","87","0.0","0.0","3","100","8.0","archive","-23.558","-46.635","2026-09-20T16:31:34.073018-03:00"
"2026-07-30 20:00:00","15.3","15.3","91","0.0","0.0","3","100","8.4","archive","-23.558","-46.635","2026-09-20T16:31:34.073018-03:00"
"2026-07-30 21:00:00","15.4","15.4","91","0.0","0.0","3","87","8.0","archive","-23.558","-46.635","2026-09-20T16:31:34.073018-03:00"
"2026-07-30 22:00:00","14.8","14.9","96","0.0","0.0","3","100","8.6","archive","-23.558","-46.635","2026-09-20T16:31:34.073018-03:00"
"2026-07-30 23:00:00","15.4","15.3","93","0.0","0.0","3","100","10.3","archive","-23.558","-46.635","2026-09-20T16:31:34.073018-03:00"
"2026-07-31 00:00:00","15.6","15.5","92","0.0","0.0","3","100","10.0","archive","-23.558","-46.635","2026-09-20T16:31:34.073018-03:00"
"2026-07-31 01:00:00","15.4","15.5","93","0.0","0.0","3","100","8.7","archive","-23.558","-46.635","2026-09-20T16:31:34.073018-03:00"
"2026-07-31 02:00:00","15.3","15.2","91","0.0","0.0","3","98","8.9","archive","-23.558","-46.635","2026-09-20T16:31:34.073018-03:00"
"2026-07-31 03:00:00","15.1","14.8","88","0.0","0.0","2","77","8.5","archive","-23.558","-46.635","2026-09-20T16:31:34.073018-03:00"
"2026-07-31 04:00:00","14.4","13.8","89","0.0","0.0","3","96","9.0","archive","-23.558","-46.635","2026-09-20T16:31:34.073018-03:00"
"2026-07-31 05:00:00","13.8","13.4","93","0.0","0.0","3","100","8.3","archive","-23.558","-46.635","2026-09-20T16:31:34.073018-03:00"
"2026-07-31 06:00:00","13.4","13.0","96","0.0","0.0","3","100","9.0","archive","-23.558","-46.635","2026-09-20T16:31:34.073018-03:00"
"2026-07-31 07:00:00","13.4","12.9","97","0.0","0.0","3","100","9.2","archive","-23.558","-46.635","2026-09-20T16:31:34.073018-03:00"
"2026-07-31 08:00:00","14.3","13.4","88","0.0","0.0","3","100","11.1","archive","-23.558","-46.635","2026-09-20T16:31:34.073018-03:00"
"2026-07-31 09:00:00","16.1","15.0","81","0.0","0.0","1","40","13.5","archive","-23.558","-46.635","2026-09-20T16:31:34.073018-03:00"
"2026-07-31 10:00:00","18.2","17.1","66","0.0","0.0","0","19","11.3","archive","-23.558","-46.635","2026-09-20T16:31:34.073018-03:00"
"2026-07-31 11:00:00","20.0","19.4","57","0.0","0.0","0","4","9.2","archive","-23.558","-46.635","2026-09-20T16:31:34.073018-03:00"
"2026-07-31 12:00:00","21.7","21.9","51","0.0","0.0","0","1","8.1","archive","-23.558","-46.635","2026-09-20T16:31:34.073018-03:00"
"2026-07-31 13:00:00","23.0","23.3","45","0.0","0.0","0","0","7.6","archive","-23.558","-46.635","2026-09-20T16:31:34.073018-03:00"
"2026-07-31 14:00:00","24.1","23.7","39","0.0","0.0","0","0","7.4","archive","-23.558","-46.635","2026-09-20T16:31:34.073018-03:00"
"2026-07-31 15:00:00","24.6","23.4","39","0.0","0.0","0","0","8.4","archive","-23.558","-46.635","2026-09-20T16:31:34.073018-03:00"
"2026-07-31 16:00:00","23.3","22.3","48","0.0","0.0","0","0","9.9","archive","-23.558","-46.635","2026-09-20T16:31:34.073018-03:00"
"2026-07-31 17:00:00","20.6","20.3","68","0.0","0.0","0","5","11.7","archive","-23.558","-46.635","2026-09-20T16:31:34.073018-03:00"
"2026-07-31 18:00:00","18.1","18.4","83","0.0","0.0","0","12","10.0","archive","-23.558","-46.635","2026-09-20T16:31:34.073018-03:00"
"2026-07-31 19:00:00","17.0","17.6","89","0.0","0.0","2","51","7.3","archive","-23.558","-46.635","2026-09-20T16:31:34.073018-03:00"
"2026-07-31 20:00:00","16.4","17.3","91","0.0","0.0","1","49","5.4","archive","-23.558","-46.635","2026-09-20T16:31:34.073018-03:00"
"2026-07-31 21:00:00","16.2","17.0","92","0.0","0.0","3","94","5.1","archive","-23.558","-46.635","2026-09-20T16:31:34.073018-03:00"
"2026-07-31 22:00:00","15.8","16.6","93","0.0","0.0","3","86","4.9","archive","-23.558","-46.635","2026-09-20T16:31:34.073018-03:00"
"2026-07-31 23:00:00","15.5","16.2","94","0.0","0.0","1","49","5.6","archive","-23.558","-46.635","2026-09-20T16:31:34.073018-03:00"
"2026-08-01 00:00:00","15.0","15.2","95","0.0","0.0","3","97","8.1","archive","-23.558","-46.635","2026-09-20T16:31:34.073018-03:00"
"2026-08-01 01:00:00","14.6","14.4","96","0.0","0.0","3","100","9.5","archive","-23.558","-46.635","2026-09-20T16:31:34.073018-03:00"
"2026-08-01 02:00:00","14.4","14.4","96","0.0","0.0","3","98","8.2","archive","-23.558","-46.635","2026-09-20T16:31:34.073018-03:00"
"2026-08-01 03:00:00","14.5","14.8","94","0.0","0.0","2","51","5.7","archive","-23.558","-46.635","2026-09-20T16:31:34.073018-03:00"
"2026-08-01 04:00:00","14.2","14.3","94","0.0","0.0","2","55","6.2","archive","-23.558","-46.635","2026-09-20T16:31:34.073018-03:00"
"2026-08-01 05:00:00","14.0","14.0","92","0.0","0.0","1","34","5.5","archive","-23.558","-46.635","2026-09-20T16:31:34.073018-03:00"
"2026-08-01 06:00:00","13.8","13.5","88","0.0","0.0","0","19","5.7","archive","-23.558","-46.635","2026-09-20T16:31:34.073018-03:00"
"2026-08-01 07:00:00","13.6","12.9","83","0.0","0.0","0","13","5.9","archive","-23.558","-46.635","2026-09-20T16:31:34.073018-03:00"
"2026-08-01 08:00:00","14.6","14.1","77","0.0","0.0","0","10","4.4","archive","-23.558","-46.635","2026-09-20T16:31:34.073018-03:00"
"2026-08-01 09:00:00","16.7","16.4","71","0.0","0.0","0","3","4.5","archive","-23.558","-46.635","2026-09-20T16:31:34.073018-03:00"
"2026-08-01 10:00:00","19.6","19.3","60","0.0","0.0","0","0","5.1","archive","-23.558","-46.635","2026-09-20T16:31:34.073018-03:00"
"2026-08-01 11:00:00","22.2","22.7","51","0.0","0.0","0","0","5.0","archive","-23.558","-46.635","2026-09-20T16:31:34.073018-03:00"
"2026-08-01 12:00:00","24.6","24.9","40","0.0","0.0","0","0","6.0","archive","-23.558","-46.635","2026-09-20T16:31:34.073018-03:00"
"2026-08-01 13:00:00","26.0","26.0","34","0.0","0.0","0","0","6.1","archive","-23.558","-46.635","2026-09-20T16:31:34.073018-03:00"
"2026-08-01 14:00:00","26.6","26.2","32","0.0","0.0","0","0","6.7","archive","-23.558","-46.635","2026-09-20T16:31:34.073018-03:00"
"2026-08-01 15:00:00","26.7","25.3","31","0.0","0.0","0","0","7.9","archive","-23.558","-46.635","2026-09-20T16:31:34.073018-03:00"
"2026-08-01 16:00:00","26.1","24.3","31","0.0","0.0","0","0","8.7","archive","-23.558","-46.635","2026-09-20T16:31:34.073018-03:00"
"2026-08-01 17:00:00","25.3","23.4","34","0.0","0.0","0","0","9.7","archive","-23.558","-46.635","2026-09-20T16:31:34.073018-03:00"
"2026-08-01 18:00:00","23.2","21.9","42","0.0","0.0","0","0","8.5","archive","-23.558","-46.635","2026-09-20T16:31:34.073018-03:00"
"2026-08-01 19:00:00","22.1","21.2","49","0.0","0.0","0","0","7.6","archive","-23.558","-46.635","2026-09-20T16:31:34.073018-03:00"
"2026-08-01 20:00:00","21.3","20.9","55","0.0","0.0","0","0","6.3","archive","-23.558","-46.635","2026-09-20T16:31:34.073018-03:00"
"2026-08-01 21:00:00","20.9","21.0","59","0.0","0.0","0","0","4.9","archive","-23.558","-46.635","2026-09-20T16:31:34.073018-03:00"
"2026-08-01 22:00:00","19.8","19.5","63","0.0","0.0","0","0","6.8","archive","-23.558","-46.635","2026-09-20T16:31:34.073018-03:00"
"2026-08-01 23:00:00","19.0","18.4","64","0.0","0.0","0","0","8.0","archive","-23.558","-46.635","2026-09-20T16:31:34.073018-03:00"
"2026-08-02 00:00:00","18.4","17.6","65","0.0","0.0","0","0","9.0","archive","-23.558","-46.635","2026-09-20T16:31:34.073018-03:00"
"2026-08-02 01:00:00","18.0","17.1","64","0.0","0.0","0","0","9.0","archive","-23.558","-46.635","2026-09-20T16:31:34.073018-03:00"
"2026-08-02 02:00:00","17.6","16.4","62","0.0","0.0","0","0","8.3","archive","-23.558","-46.635","2026-09-20T16:31:34.073018-03:00"
"2026-08-02 03:00:00","17.3","16.0","61","0.0","0.0","0","0","8.2","archive","-23.558","-46.635","2026-09-20T16:31:34.073018-03:00"
"2026-08-02 04:00:00","16.7","15.3","64","0.0","0.0","0","0","8.6","archive","-23.558","-46.635","2026-09-20T16:31:34.073018-03:00"
"2026-08-02 05:00:00","16.5","15.1","65","0.0","0.0","0","0","9.2","archive","-23.558","-46.635","2026-09-20T16:31:34.073018-03:00"
"2026-08-02 06:00:00","16.1","15.0","68","0.0","0.0","0","1","8.1","archive","-23.558","-46.635","2026-09-20T16:31:34.073018-03:00"
"2026-08-02 07:00:00","15.7","14.6","69","0.0","0.0","0","2","7.6","archive","-23.558","-46.635","2026-09-20T16:31:34.073018-03:00"
"2026-08-02 08:00:00","17.2","16.4","64","0.0","0.0","0","0","6.0","archive","-23.558","-46.635","2026-09-20T16:31:34.073018-03:00"
"2026-08-02 09:00:00","19.6","18.9","57","0.0","0.0","0","0","6.0","archive","-23.558","-46.635","2026-09-20T16:31:34.073018-03:00"
"2026-08-02 10:00:00","22.5","21.5","47","0.0","0.0","0","5","7.8","archive","-23.558","-46.635","2026-09-20T16:31:34.073018-03:00"
"2026-08-02 11:00:00","24.7","23.8","39","0.0","0.0","1","23","10.0","archive","-23.558","-46.635","2026-09-20T16:31:34.073018-03:00"
"2026-08-02 12:00:00","26.0","25.7","35","0.0","0.0","1","34","8.6","archive","-23.558","-46.635","2026-09-20T16:31:34.073018-03:00"
"2026-08-02 13:00:00","26.9","27.1","34","0.0","0.0","0","16","6.6","archive","-23.558","-46.635","2026-09-20T16:31:34.073018-03:00"
"2026-08-02 14:00:00","27.5","27.7","33","0.0","0.0","2","68","4.4","archive","-23.558","-46.635","2026-09-20T16:31:34.073018-03:00"
"2026-08-02 15:00:00","27.6","27.1","32","0.0","0.0","2","75","2.9","archive","-23.558","-46.635","2026-09-20T16:31:34.073018-03:00"
"2026-08-02 16:00:00","27.6","26.9","31","0.0","0.0","2","77","3.0","archive","-23.558","-46.635","2026-09-20T16:31:34.073018-03:00"
"2026-08-02 17:00:00","27.3","26.7","31","0.0","0.0","3","86","2.1","archive","-23.558","-46.635","2026-09-20T16:31:34.073018-03:00"
"2026-08-02 18:00:00","24.8","23.9","47","0.0","0.0","0","16","11.5","archive","-23.558","-46.635","2026-09-20T16:31:34.073018-03:00"
"2026-08-02 19:00:00","22.5","22.3","55","0.0","0.0","0","12","7.9","archive","-23.558","-46.635","2026-09-20T16:31:34.073018-03:00"
"2026-08-02 20:00:00","21.4","21.4","58","0.0","0.0","0","9","5.4","archive","-23.558","-46.635","2026-09-20T16:31:34.073018-03:00"
"2026-08-02 21:00:00","20.5","20.8","60","0.0","0.0","0","0","2.4","archive","-23.558","-46.635","2026-09-20T16:31:34.073018-03:00"
"2026-08-02 22:00:00","19.6","19.5","60","0.0","0.0","0","0","4.0","archive","-23.558","-46.635","2026-09-20T16:31:34.073018-03:00"
"2026-08-02 23:00:00","18.8","18.6","63","0.0","0.0","0","5","4.0","archive","-23.558","-46.635","2026-09-20T16:31:34.073018-03:00"
"2026-08-03 00:00:00","18.2","17.9","64","0.0","0.0","0","13","4.4","archive","-23.558","-46.635","2026-09-20T16:31:34.073018-03:00"
"2026-08-03 01:00:00","17.6","17.5","66","0.0","0.0","2","62","3.6","archive","-23.558","-46.635","2026-09-20T16:31:34.073018-03:00"
"2026-08-03 02:00:00","17.0","16.8","69","0.0","0.0","3","96","3.9","archive","-23.558","-46.635","2026-09-20T16:31:34.073018-03:00"
"2026-08-03 03:00:00","16.4","16.6","75","0.0","0.0","3","95","2.6","archive","-23.558","-46.635","2026-09-20T16:31:34.073018-03:00"
"2026-08-03 04:00:00","15.9","15.9","77","0.0","0.0","3","97","3.8","archive","-23.558","-46.635","2026-09-20T16:31:34.073018-03:00"
"2026-08-03 05:00:00","15.3","15.1","79","0.0","0.0","3","98","4.8","archive","-23.558","-46.635","2026-09-20T16:31:34.073018-03:00"
"2026-08-03 06:00:00","15.1","14.6","79","0.0","0.0","3","92","6.0","archive","-23.558","-46.635","2026-09-20T16:31:34.073018-03:00"
"2026-08-03 07:00:00","15.1","14.4","76","0.0","0.0","2","75","6.7","archive","-23.558","-46.635","2026-09-20T16:31:34.073018-03:00"
"2026-08-03 08:00:00","16.8","16.2","67","0.0","0.0","3","99","5.4","archive","-23.558","-46.635","2026-09-20T16:31:34.073018-03:00"
"2026-08-03 09:00:00","18.6","18.4","62","0.0","0.0","3","83","2.9","archive","-23.558","-46.635","2026-09-20T16:31:34.073018-03:00"
"2026-08-03 10:00:00","21.3","21.3","51","0.0","0.0","3","84","1.9","archive","-23.558","-46.635","2026-09-20T16:31:34.073018-03:00"
"2026-08-03 11:00:00","23.9","24.4","40","0.0","0.0","3","100","1.2","archive","-23.558","-46.635","2026-09-20T16:31:34.073018-03:00"
"2026-08-03 12:00:00","25.3","25.0","33","0.0","0.0","3","100","0.8","archive","-23.558","-46.635","2026-09-20T16:31:34.073018-03:00"
"2026-08-03 13:00:00","26.3","25.8","28","0.0","0.0","3","100","1.8","archive","-23.558","-46.635","2026-09-20T16:31:34.073018-03:00"
"2026-08-03 14:00:00","26.4","25.0","28","0.0","0.0","3","100","3.2","archive","-23.558","-46.635","2026-09-20T16:31:34.073018-03:00"
"2026-08-03 15:00:00","26.4","24.9","27","0.0","0.0","3","100","3.7","archive","-23.558","-46.635","2026-09-20T16:31:34.073018-03:00"
"2026-08-03 16:00:00","26.2","24.8","28","0.0","0.0","3","100","3.0","archive","-23.558","-46.635","2026-09-20T16:31:34.073018-03:00"
"2026-08-03 17:00:00","25.5","24.0","27","0.0","0.0","3","100","1.5","archive","-23.558","-46.635","2026-09-20T16:31:34.073018-03:00"
"2026-08-03 18:00:00","23.6","22.3","35","0.0","0.0","3","100","3.7","archive","-23.558","-46.635","2026-09-20T16:31:34.073018-03:00"
"2026-08-03 19:00:00","21.5","21.6","61","0.0","0.0","3","100","7.1","archive","-23.558","-46.635","2026-09-20T16:31:34.073018-03:00"
"2026-08-03 20:00:00","19.8","20.8","75","0.0","0.0","3","100","4.9","archive","-23.558","-46.635","2026-09-20T16:31:34.073018-03:00"
"2026-08-03 21:00:00","19.4","20.4","77","0.0","0.0","3","100","4.5","archive","-23.558","-46.635","2026-09-20T16:31:34.073018-03:00"
"2026-08-03 22:00:00","18.9","20.3","78","0.0","0.0","3","98","1.9","archive","-23.558","-46.635","2026-09-20T16:31:34.073018-03:00"
"2026-08-03 23:00:00","18.8","20.2","79","0.0","0.0","3","99","1.9","archive","-23.558","-46.635","2026-09-20T16:31:34.073018-03:00"
"2026-08-04 00:00:00","18.6","19.9","80","0.0","0.0","3","99","2.4","archive","-23.558","-46.635","2026-09-20T16:31:34.073018-03:00"
"2026-08-04 01:00:00","18.2","19.1","80","0.0","0.0","3","99","3.9","archive","-23.558","-46.635","2026-09-20T16:31:34.073018-03:00"
"2026-08-04 02:00:00","17.7","18.5","81","0.0","0.0","3","99","4.1","archive","-23.558","-46.635","2026-09-20T16:31:34.073018-03:00"
"2026-08-04 03:00:00","17.1","17.8","83","0.0","0.0","3","100","4.2","archive","-23.558","-46.635","2026-09-20T16:31:34.073018-03:00"
"2026-08-04 04:00:00","16.6","16.8","82","0.0","0.0","3","100","6.2","archive","-23.558","-46.635","2026-09-20T16:31:34.073018-03:00"
"2026-08-04 05:00:00","15.8","15.8","83","0.0","0.0","3","97","6.6","archive","-23.558","-46.635","2026-09-20T16:31:34.073018-03:00"
"2026-08-04 06:00:00","15.3","15.4","84","0.0","0.0","3","99","4.9","archive","-23.558","-46.635","2026-09-20T16:31:34.073018-03:00"
"2026-08-04 07:00:00","15.3","15.2","81","0.0","0.0","3","97","4.8","archive","-23.558","-46.635","2026-09-20T16:31:34.073018-03:00"
"2026-08-04 08:00:00","17.1","17.0","69","0.0","0.0","3","88","3.6","archive","-23.558","-46.635","2026-09-20T16:31:34.073018-03:00"
"2026-08-04 09:00:00","19.2","19.1","59","0.0","0.0","2","70","2.5","archive","-23.558","-46.635","2026-09-20T16:31:34.073018-03:00"
"2026-08-04 10:00:00","22.2","21.9","48","0.0","0.0","3","88","3.1","archive","-23.558","-46.635","2026-09-20T16:31:34.073018-03:00"
"2026-08-04 11:00:00","24.2","23.4","41","0.0","0.0","3","98","5.6","archive","-23.558","-46.635","2026-09-20T16:31:34.073018-03:00"
"2026-08-04 12:00:00","25.3","24.0","36","0.0","0.0","3","99","8.6","archive","-23.558","-46.635","2026-09-20T16:31:34.073018-03:00"
"2026-08-04 13:00:00","25.7","24.4","36","0.0","0.0","3","98","8.5","archive","-23.558","-46.635","2026-09-20T16:31:34.073018-03:00"
"2026-08-04 14:00:00","26.3","25.4","34","0.0","0.0","3","100","7.6","archive","-23.558","-46.635","2026-09-20T16:31:34.073018-03:00"
"2026-08-04 15:00:00","25.9","24.6","34","0.0","0.0","3","96","6.5","archive","-23.558","-46.635","2026-09-20T16:31:34.073018-03:00"
"2026-08-04 16:00:00","25.9","24.6","33","0.0","0.0","3","99","6.6","archive","-23.558","-46.635","2026-09-20T16:31:34.073018-03:00"
"2026-08-04 17:00:00","25.3","24.2","35","0.0","0.0","3","98","5.7","archive","-23.558","-46.635","2026-09-20T16:31:34.073018-03:00"
"2026-08-04 18:00:00","24.1","23.4","42","0.0","0.0","3","99","5.7","archive","-23.558","-46.635","2026-09-20T16:31:34.073018-03:00"
"2026-08-04 19:00:00","23.7","23.7","47","0.0","0.0","3","100","4.1","archive","-23.558","-46.635","2026-09-20T16:31:34.073018-03:00"
"2026-08-04 20:00:00","23.2","23.7","51","0.0","0.0","3","97","1.8","archive","-23.558","-46.635","2026-09-20T16:31:34.073018-03:00"
"2026-08-04 21:00:00","22.4","22.5","50","0.0","0.0","3","100","2.2","archive","-23.558","-46.635","2026-09-20T16:31:34.073018-03:00"
"2026-08-04 22:00:00","22.0","21.7","49","0.0","0.0","3","100","4.1","archive","-23.558","-46.635","2026-09-20T16:31:34.073018-03:00"
"2026-08-04 23:00:00","21.5","21.2","52","0.0","0.0","3","100","4.7","archive","-23.558","-46.635","2026-09-20T16:31:34.073018-03:00"
"2026-08-05 00:00:00","20.8","20.2","54","0.0","0.0","2","67","5.7","archive","-23.558","-46.635","2026-09-20T16:31:34.073018-03:00"
"2026-08-05 01:00:00","19.8","19.1","55","0.0","0.0","3","93","6.0","archive","-23.558","-46.635","2026-09-20T16:31:34.073018-03:00"
"2026-08-05 02:00:00","19.1","18.3","55","0.0","0.0","3","98","5.2","archive","-23.558","-46.635","2026-09-20T16:31:34.073018-03:00"
"2026-08-05 03:00:00","18.9","18.1","55","0.0","0.0","3","87","4.5","archive","-23.558","-46.635","2026-09-20T16:31:34.073018-03:00"
"2026-08-05 04:00:00","18.2","17.8","58","0.0","0.0","3","91","2.7","archive","-23.558","-46.635","2026-09-20T16:31:34.073018-03:00"
"2026-08-05 05:00:00","17.5","17.4","62","0.0","0.0","0","0","1.1","archive","-23.558","-46.635","2026-09-20T16:31:34.073018-03:00"
"2026-08-05 06:00:00","16.8","16.4","65","0.0","0.0","0","0","2.4","archive","-23.558","-46.635","2026-09-20T16:31:34.073018-03:00"
"2026-08-05 07:00:00","16.5","15.9","67","0.0","0.0","0","0","4.0","archive","-23.558","-46.635","2026-09-20T16:31:34.073018-03:00"
"2026-08-05 08:00:00","18.1","17.6","61","0.0","0.0","0","0","4.3","archive","-23.558","-46.635","2026-09-20T16:31:34.073018-03:00"
"2026-08-05 09:00:00","20.4","20.1","54","0.0","0.0","0","0","3.2","archive","-23.558","-46.635","2026-09-20T16:31:34.073018-03:00"
"2026-08-05 10:00:00","23.6","22.7","40","0.0","0.0","0","0","4.7","archive","-23.558","-46.635","2026-09-20T16:31:34.073018-03:00"
"2026-08-05 11:00:00","26.1","25.0","33","0.0","0.0","0","0","9.0","archive","-23.558","-46.635","2026-09-20T16:31:34.073018-03:00"
"2026-08-05 12:00:00","27.2","25.9","30","0.0","0.0","0","0","13.0","archive","-23.558","-46.635","2026-09-20T16:31:34.073018-03:00"
"2026-08-05 13:00:00","27.6","26.6","31","0.0","0.0","0","0","12.6","archive","-23.558","-46.635","2026-09-20T16:31:34.073018-03:00"
"2026-08-05 14:00:00","28.1","27.0","30","0.0","0.0","0","2","11.0","archive","-23.558","-46.635","2026-09-20T16:31:34.073018-03:00"
"2026-08-05 15:00:00","28.6","26.7","28","0.0","0.0","1","28","10.1","archive","-23.558","-46.635","2026-09-20T16:31:34.073018-03:00"
"2026-08-05 16:00:00","28.0","25.8","28","0.0","0.0","2","50","10.8","archive","-23.558","-46.635","2026-09-20T16:31:34.073018-03:00"
"2026-08-05 17:00:00","26.9","24.3","30","0.0","0.0","1","37","14.0","archive","-23.558","-46.635","2026-09-20T16:31:34.073018-03:00"
"2026-08-05 18:00:00","26.0","24.8","34","0.1","0.1","51","41","6.1","archive","-23.558","-46.635","2026-09-20T16:31:34.073018-03:00"
"2026-08-05 19:00:00","24.5","24.4","41","0.0","0.0","1","38","1.9","archive","-23.558","-46.635","2026-09-20T16:31:34.073018-03:00"
"2026-08-05 20:00:00","23.4","23.2","46","0.0","0.0","0","16","3.3","archive","-23.558","-46.635","2026-09-20T16:31:34.073018-03:00"
"2026-08-05 21:00:00","23.7","23.6","51","0.0","0.0","0","16","7.2","archive","-23.558","-46.635","2026-09-20T16:31:34.073018-03:00"
"2026-08-05 22:00:00","22.4","22.8","57","0.0","0.0","2","75","4.3","archive","-23.558","-46.635","2026-09-20T16:31:34.073018-03:00"
"2026-08-05 23:00:00","17.5","17.2","84","1.5","1.5","61","20","13.0","archive","-23.558","-46.635","2026-09-20T16:31:34.073018-03:00"
"2026-08-06 00:00:00","17.6","18.5","84","0.1","0.1","51","19","5.0","archive","-23.558","-46.635","2026-09-20T16:31:34.073018-03:00"
"2026-08-06 01:00:00","17.8","18.5","83","0.0","0.0","2","53","5.5","archive","-23.558","-46.635","2026-09-20T16:31:34.073018-03:00"
"2026-08-06 02:00:00","17.6","18.3","82","0.6","0.6","53","55","5.6","archive","-23.558","-46.635","2026-09-20T16:31:34.073018-03:00"
"2026-08-06 03:00:00","18.3","18.7","80","0.2","0.2","51","39","7.8","archive","-23.558","-46.635","2026-09-20T16:31:34.073018-03:00"
"2026-08-06 04:00:00","17.6","17.6","82","0.0","0.0","1","40","9.8","archive","-23.558","-46.635","2026-09-20T16:31:34.073018-03:00"
"2026-08-06 05:00:00","17.3","17.2","82","0.0","0.0","2","64","9.8","archive","-23.558","-46.635","2026-09-20T16:31:34.073018-03:00"
"2026-08-06 06:00:00","17.4","17.1","80","0.0","0.0","1","38","10.6","archive","-23.558","-46.635","2026-09-20T16:31:34.073018-03:00"
"2026-08-06 07:00:00","17.3","17.3","80","0.0","0.0","0","11","8.5","archive","-23.558","-46.635","2026-09-20T16:31:34.073018-03:00"
"2026-08-06 08:00:00","18.3","18.7","76","0.0","0.0","0","16","5.8","archive","-23.558","-46.635","2026-09-20T16:31:34.073018-03:00"
"2026-08-06 09:00:00","21.8","21.3","58","0.0","0.0","0","5","10.7","archive","-23.558","-46.635","2026-09-20T16:31:34.073018-03:00"
"2026-08-06 10:00:00","24.2","22.5","48","0.0","0.0","2","70","16.0","archive","-23.558","-46.635","2026-09-20T16:31:34.073018-03:00"
"2026-08-06 11:00:00","25.3","24.0","44","0.0","0.0","0","18","16.9","archive","-23.558","-46.635","2026-09-20T16:31:34.073018-03:00"
"2026-08-06 12:00:00","26.3","25.3","40","0.0","0.0","0","6","16.7","archive","-23.558","-46.635","2026-09-20T16:31:34.073018-03:00"
"2026-08-06 13:00:00","27.1","26.4","37","0.0","0.0","0","13","13.3","archive","-23.558","-46.635","2026-09-20T16:31:34.073018-03:00"
"2026-08-06 14:00:00","27.6","26.5","35","0.0","0.0","1","46","13.9","archive","-23.558","-46.635","2026-09-20T16:31:34.073018-03:00"
"2026-08-06 15:00:00","28.4","26.3","31","0.0","0.0","2","70","13.9","archive","-23.558","-46.635","2026-09-20T16:31:34.073018-03:00"
"2026-08-06 16:00:00","27.6","24.0","29","0.0","0.0","3","88","20.7","archive","-23.558","-46.635","2026-09-20T16:31:34.073018-03:00"
"2026-08-06 17:00:00","25.9","23.9","36","0.3","0.3","51","34","12.5","archive","-23.558","-46.635","2026-09-20T16:31:34.073018-03:00"
"2026-08-06 18:00:00","24.7","23.8","41","0.0","0.0","1","35","7.4","archive","-23.558","-46.635","2026-09-20T16:31:34.073018-03:00"
"2026-08-06 19:00:00","23.9","23.2","45","0.0","0.0","1","42","6.9","archive","-23.558","-46.635","2026-09-20T16:31:34.073018-03:00"
"2026-08-06 20:00:00","22.9","22.1","51","0.0","0.0","2","79","9.7","archive","-23.558","-46.635","2026-09-20T16:31:34.073018-03:00"
"2026-08-06 21:00:00","20.8","20.8","66","0.0","0.0","3","98","9.1","archive","-23.558","-46.635","2026-09-20T16:31:34.073018-03:00"
"2026-08-06 22:00:00","20.4","19.3","66","0.3","0.3","51","96","15.7","archive","-23.558","-46.635","2026-09-20T16:31:34.073018-03:00"
"2026-08-06 23:00:00","19.1","18.4","73","0.5","0.5","53","97","13.8","archive","-23.558","-46.635","2026-09-20T16:31:34.073018-03:00"
"2026-08-07 00:00:00","18.6","18.6","76","0.0","0.0","3","98","8.9","archive","-23.558","-46.635","2026-09-20T16:31:34.073018-03:00"
"2026-08-07 01:00:00","19.0","18.4","72","0.0","0.0","3","93","11.9","archive","-23.558","-46.635","2026-09-20T16:31:34.073018-03:00"
"2026-08-07 02:00:00","18.9","17.9","69","0.0","0.0","2","73","13.0","archive","-23.558","-46.635","2026-09-20T16:31:34.073018-03:00"
"2026-08-07 03:00:00","20.2","18.8","63","0.0","0.0","1","23","15.8","archive","-23.558","-46.635","2026-09-20T16:31:34.073018-03:00"
"2026-08-07 04:00:00","20.5","18.8","60","0.0","0.0","3","84","16.2","archive","-23.558","-46.635","2026-09-20T16:31:34.073018-03:00"
"2026-08-07 05:00:00","21.1","19.1","55","0.0","0.0","3","88","17.3","archive","-23.558","-46.635","2026-09-20T16:31:34.073018-03:00"
"2026-08-07 06:00:00","21.3","18.9","53","0.0","0.0","3","100","18.7","archive","-23.558","-46.635","2026-09-20T16:31:34.073018-03:00"
"2026-08-07 07:00:00","21.4","20.1","52","0.0","0.0","3","80","11.0","archive","-23.558","-46.635","2026-09-20T16:31:34.073018-03:00"
"2026-08-07 08:00:00","21.7","20.5","52","0.0","0.0","3","99","10.9","archive","-23.558","-46.635","2026-09-20T16:31:34.073018-03:00"
"2026-08-07 09:00:00","19.1","18.4","77","0.2","0.2","51","96","16.2","archive","-23.558","-46.635","2026-09-20T16:31:34.073018-03:00"
"2026-08-07 10:00:00","19.1","19.1","79","1.0","1.0","55","98","12.5","archive","-23.558","-46.635","2026-09-20T16:31:34.073018-03:00"
"2026-08-07 11:00:00","19.1","19.3","80","0.2","0.2","51","100","11.0","archive","-23.558","-46.635","2026-09-20T16:31:34.073018-03:00"
"2026-08-07 12:00:00","20.3","20.5","73","0.0","0.0","3","88","10.6","archive","-23.558","-46.635","2026-09-20T16:31:34.073018-03:00"
"2026-08-07 13:00:00","23.3","22.2","56","0.0","0.0","0","8","17.6","archive","-23.558","-46.635","2026-09-20T16:31:34.073018-03:00"
"2026-08-07 14:00:00","24.6","23.5","52","0.0","0.0","0","10","20.5","archive","-23.558","-46.635","2026-09-20T16:31:34.073018-03:00"
"2026-08-07 15:00:00","24.1","22.1","53","0.0","0.0","1","30","22.8","archive","-23.558","-46.635","2026-09-20T16:31:34.073018-03:00"
"2026-08-07 16:00:00","23.2","21.5","58","0.1","0.1","51","90","21.3","archive","-23.558","-46.635","2026-09-20T16:31:34.073018-03:00"
"2026-08-07 17:00:00","20.9","20.1","70","0.3","0.3","51","100","17.2","archive","-23.558","-46.635","2026-09-20T16:31:34.073018-03:00"
"2026-08-07 18:00:00","20.4","19.6","71","0.0","0.0","2","69","16.5","archive","-23.558","-46.635","2026-09-20T16:31:34.073018-03:00"
"2026-08-07 19:00:00","20.0","19.6","72","0.0","0.0","3","97","13.5","archive","-23.558","-46.635","2026-09-20T16:31:34.073018-03:00"
"2026-08-07 20:00:00","19.6","19.4","75","0.1","0.1","51","79","12.8","archive","-23.558","-46.635","2026-09-20T16:31:34.073018-03:00"
"2026-08-07 21:00:00","19.0","19.5","84","0.2","0.2","51","92","11.1","archive","-23.558","-46.635","2026-09-20T16:31:34.073018-03:00"
"2026-08-07 22:00:00","17.9","19.1","94","2.9","2.9","63","82","7.8","archive","-23.558","-46.635","2026-09-20T16:31:34.073018-03:00"
"2026-08-07 23:00:00","17.9","19.5","94","0.6","0.6","53","68","5.5","archive","-23.558","-46.635","2026-09-20T16:31:34.073018-03:00"
"2026-08-08 00:00:00","17.7","19.2","94","0.1","0.1","51","23","5.6","archive","-23.558","-46.635","2026-09-20T16:31:34.073018-03:00"
"2026-08-08 01:00:00","17.6","19.5","94","0.0","0.0","2","57","3.3","archive","-23.558","-46.635","2026-09-20T16:31:34.073018-03:00"
"2026-08-08 02:00:00","17.3","19.0","96","0.0","0.0","3","100","3.5","archive","-23.558","-46.635","2026-09-20T16:31:34.073018-03:00"
"2026-08-08 03:00:00","18.1","19.7","98","0.0","0.0","3","100","8.1","archive","-23.558","-46.635","2026-09-20T16:31:34.073018-03:00"
"2026-08-08 04:00:00","17.6","19.2","97","0.0","0.0","1","48","5.8","archive","-23.558","-46.635","2026-09-20T16:31:34.073018-03:00"
"2026-08-08 05:00:00","17.0","18.1","95","0.1","0.1","51","7","6.9","archive","-23.558","-46.635","2026-09-20T16:31:34.073018-03:00"
"2026-08-08 06:00:00","16.6","17.7","94","0.1","0.1","51","16","5.5","archive","-23.558","-46.635","2026-09-20T16:31:34.073018-03:00"
"2026-08-08 07:00:00","16.7","18.0","94","0.2","0.2","51","21","3.6","archive","-23.558","-46.635","2026-09-20T16:31:34.073018-03:00"
"2026-08-08 08:00:00","17.9","19.3","93","0.7","0.7","53","30","6.1","archive","-23.558","-46.635","2026-09-20T16:31:34.073018-03:00"
"2026-08-08 09:00:00","19.0","21.0","91","0.6","0.6","53","55","4.5","archive","-23.558","-46.635","2026-09-20T16:31:34.073018-03:00"
"2026-08-08 10:00:00","20.6","22.4","86","0.9","0.9","53","18","7.7","archive","-23.558","-46.635","2026-09-20T16:31:34.073018-03:00"
"2026-08-08 11:00:00","23.4","24.4","71","0.0","0.0","0","12","12.7","archive","-23.558","-46.635","2026-09-20T16:31:34.073018-03:00"
"2026-08-08 12:00:00","25.1","26.3","61","0.0","0.0","1","22","14.4","archive","-23.558","-46.635","2026-09-20T16:31:34.073018-03:00"
"2026-08-08 13:00:00","26.2","27.1","56","0.0","0.0","1","41","16.3","archive","-23.558","-46.635","2026-09-20T16:31:34.073018-03:00"
"2026-08-08 14:00:00","27.0","27.0","51","0.0","0.0","1","20","17.7","archive","-23.558","-46.635","2026-09-20T16:31:34.073018-03:00"
"2026-08-08 15:00:00","27.1","26.7","52","0.1","0.1","51","52","17.8","archive","-23.558","-46.635","2026-09-20T16:31:34.073018-03:00"
"2026-08-08 16:00:00","26.8","26.0","50","0.0","0.0","1","41","18.8","archive","-23.558","-46.635","2026-09-20T16:31:34.073018-03:00"
"2026-08-08 17:00:00","25.8","25.6","55","0.0","0.0","0","18","15.6","archive","-23.558","-46.635","2026-09-20T16:31:34.073018-03:00"
"2026-08-08 18:00:00","24.6","24.6","58","0.0","0.0","0","9","13.4","archive","-23.558","-46.635","2026-09-20T16:31:34.073018-03:00"
"2026-08-08 19:00:00","23.9","24.0","61","0.0","0.0","0","5","13.2","archive","-23.558","-46.635","2026-09-20T16:31:34.073018-03:00"
"2026-08-08 20:00:00","23.8","23.5","60","0.0","0.0","1","28","14.6","archive","-23.558","-46.635","2026-09-20T16:31:34.073018-03:00"
"2026-08-08 21:00:00","24.3","24.7","61","0.0","0.0","2","75","11.6","archive","-23.558","-46.635","2026-09-20T16:31:34.073018-03:00"
"2026-08-08 22:00:00","23.4","24.2","66","0.0","0.0","2","55","9.5","archive","-23.558","-46.635","2026-09-20T16:31:34.073018-03:00"
"2026-08-08 23:00:00","22.6","23.6","69","0.0","0.0","3","94","8.9","archive","-23.558","-46.635","2026-09-20T16:31:34.073018-03:00"
"2026-08-09 00:00:00","22.7","23.4","68","0.0","0.0","2","70","10.3","archive","-23.558","-46.635","2026-09-20T16:31:34.073018-03:00"
"2026-08-09 01:00:00","22.3","22.9","67","0.0","0.0","0","7","9.3","archive","-23.558","-46.635","2026-09-20T16:31:34.073018-03:00"
"2026-08-09 02:00:00","21.4","22.1","69","0.0","0.0","0","2","7.0","archive","-23.558","-46.635","2026-09-20T16:31:34.073018-03:00"
"2026-08-09 03:00:00","21.4","22.5","70","0.0","0.0","0","15","5.2","archive","-23.558","-46.635","2026-09-20T16:31:34.073018-03:00"
"2026-08-09 04:00:00","20.9","21.5","68","0.0","0.0","0","15","7.2","archive","-23.558","-46.635","2026-09-20T16:31:34.073018-03:00"
"2026-08-09 05:00:00","20.3","20.9","71","0.0","0.0","0","5","6.6","archive","-23.558","-46.635","2026-09-20T16:31:34.073018-03:00"
"2026-08-09 06:00:00","19.8","20.5","73","0.0","0.0","0","7","5.6","archive","-23.558","-46.635","2026-09-20T16:31:34.073018-03:00"
"2026-08-09 07:00:00","19.3","19.5","76","0.1","0.1","51","34","10.5","archive","-23.558","-46.635","2026-09-20T16:31:34.073018-03:00"
"2026-08-09 08:00:00","19.6","21.2","80","0.2","0.2","51","29","3.9","archive","-23.558","-46.635","2026-09-20T16:31:34.073018-03:00"
"2026-08-09 09:00:00","19.9","21.9","90","0.0","0.0","1","23","6.5","archive","-23.558","-46.635","2026-09-20T16:31:34.073018-03:00"
"2026-08-09 10:00:00","21.6","23.9","82","0.0","0.0","1","34","5.2","archive","-23.558","-46.635","2026-09-20T16:31:34.073018-03:00"
"2026-08-09 11:00:00","23.2","25.7","74","0.0","0.0","1","34","5.6","archive","-23.558","-46.635","2026-09-20T16:31:34.073018-03:00"
"2026-08-09 12:00:00","23.9","26.3","69","0.0","0.0","1","38","6.4","archive","-23.558","-46.635","2026-09-20T16:31:34.073018-03:00"
"2026-08-09 13:00:00","24.2","26.5","68","0.0","0.0","1","32","8.1","archive","-23.558","-46.635","2026-09-20T16:31:34.073018-03:00"
"2026-08-09 14:00:00","22.2","23.7","79","0.0","0.0","3","100","12.5","archive","-23.558","-46.635","2026-09-20T16:31:34.073018-03:00"
"2026-08-09 15:00:00","19.9","20.0","80","0.7","0.7","53","100","14.6","archive","-23.558","-46.635","2026-09-20T16:31:34.073018-03:00"
"2026-08-09 16:00:00","17.7","17.5","87","0.1","0.1","51","100","13.8","archive","-23.558","-46.635","2026-09-20T16:31:34.073018-03:00"
"2026-08-09 17:00:00","17.0","16.9","88","0.1","0.1","51","100","12.1","archive","-23.558","-46.635","2026-09-20T16:31:34.073018-03:00"
"2026-08-09 18:00:00","16.1","15.9","91","0.1","0.1","51","100","12.1","archive","-23.558","-46.635","2026-09-20T16:31:34.073018-03:00"
"2026-08-09 19:00:00","16.0","15.8","90","0.0","0.0","3","100","11.3","archive","-23.558","-46.635","2026-09-20T16:31:34.073018-03:00"
"2026-08-09 20:00:00","15.6","15.5","92","0.0","0.0","3","100","10.2","archive","-23.558","-46.635","2026-09-20T16:31:34.073018-03:00"
"2026-08-09 21:00:00","15.6","15.6","90","0.0","0.0","3","95","9.0","archive","-23.558","-46.635","2026-09-20T16:31:34.073018-03:00"
"2026-08-09 22:00:00","15.4","15.3","93","1.9","1.9","61","96","10.0","archive","-23.558","-46.635","2026-09-20T16:31:34.073018-03:00"
"2026-08-09 23:00:00","15.1","15.1","94","6.7","6.7","63","59","9.3","archive","-23.558","-46.635","2026-09-20T16:31:34.073018-03:00"
"2026-08-10 00:00:00","14.7","14.8","96","0.3","0.3","51","50","8.8","archive","-23.558","-46.635","2026-09-20T16:31:34.073018-03:00"
"2026-08-10 01:00:00","14.4","14.5","97","0.0","0.0","3","100","8.0","archive","-23.558","-46.635","2026-09-20T16:31:34.073018-03:00"
"2026-08-10 02:00:00","14.3","14.2","98","0.0","0.0","3","100","9.5","archive","-23.558","-46.635","2026-09-20T16:31:34.073018-03:00"
"2026-08-10 03:00:00","14.2","13.8","97","0.0","0.0","3","100","10.4","archive","-23.558","-46.635","2026-09-20T16:31:34.073018-03:00"
"2026-08-10 04:00:00","14.2","13.8","96","0.0","0.0","3","100","10.5","archive","-23.558","-46.635","2026-09-20T16:31:34.073018-03:00"
"2026-08-10 05:00:00","14.3","13.9","95","0.0","0.0","3","100","10.1","archive","-23.558","-46.635","2026-09-20T16:31:34.073018-03:00"
"2026-08-10 06:00:00","14.4","13.9","94","0.0","0.0","3","100","10.3","archive","-23.558","-46.635","2026-09-20T16:31:34.073018-03:00"
"2026-08-10 07:00:00","14.4","13.9","94","0.0","0.0","3","100","10.3","archive","-23.558","-46.635","2026-09-20T16:31:34.073018-03:00"
"2026-08-10 08:00:00","14.9","14.4","91","0.0","0.0","3","100","10.5","archive","-23.558","-46.635","2026-09-20T16:31:34.073018-03:00"
"2026-08-10 09:00:00","16.4","15.7","84","0.0","0.0","3","100","12.3","archive","-23.558","-46.635","2026-09-20T16:31:34.073018-03:00"
"2026-08-10 10:00:00","17.1","16.5","81","0.2","0.2","51","100","12.7","archive","-23.558","-46.635","2026-09-20T16:31:34.073018-03:00"
"2026-08-10 11:00:00","17.5","16.9","80","0.1","0.1","51","100","12.8","archive","-23.558","-46.635","2026-09-20T16:31:34.073018-03:00"
"2026-08-10 12:00:00","18.1","17.3","76","0.2","0.2","51","100","13.4","archive","-23.558","-46.635","2026-09-20T16:31:34.073018-03:00"
"2026-08-10 13:00:00","17.9","16.9","77","0.2","0.2","51","100","15.8","archive","-23.558","-46.635","2026-09-20T16:31:34.073018-03:00"
"2026-08-10 14:00:00","16.8","15.6","81","0.2","0.2","51","100","15.9","archive","-23.558","-46.635","2026-09-20T16:31:34.073018-03:00"
"2026-08-10 15:00:00","16.3","14.8","80","0.1","0.1","51","100","15.9","archive","-23.558","-46.635","2026-09-20T16:31:34.073018-03:00"
"2026-08-10 16:00:00","15.4","13.7","82","0.2","0.2","51","100","16.4","archive","-23.558","-46.635","2026-09-20T16:31:34.073018-03:00"
"2026-08-10 17:00:00","14.6","12.9","83","0.0","0.0","3","94","15.5","archive","-23.558","-46.635","2026-09-20T16:31:34.073018-03:00"
"2026-08-10 18:00:00","14.0","12.6","87","0.0","0.0","3","94","13.4","archive","-23.558","-46.635","2026-09-20T16:31:34.073018-03:00"
"2026-08-10 19:00:00","13.9","12.5","90","0.0","0.0","3","98","13.6","archive","-23.558","-46.635","2026-09-20T16:31:34.073018-03:00"
"2026-08-10 20:00:00","13.9","12.8","91","0.0","0.0","3","100","12.4","archive","-23.558","-46.635","2026-09-20T16:31:34.073018-03:00"
"2026-08-10 21:00:00","13.8","12.5","89","0.0","0.0","3","100","12.7","archive","-23.558","-46.635","2026-09-20T16:31:34.073018-03:00"
"2026-08-10 22:00:00","13.6","12.4","89","0.0","0.0","3","100","12.0","archive","-23.558","-46.635","2026-09-20T16:31:34.073018-03:00"
"2026-08-10 23:00:00","13.4","12.3","90","0.0","0.0","3","100","11.7","archive","-23.558","-46.635","2026-09-20T16:31:34.073018-03:00"
"2026-08-11 00:00:00","13.3","12.1","91","0.0","0.0","3","100","12.5","archive","-23.558","-46.635","2026-09-20T16:31:34.073018-03:00"
"2026-08-11 01:00:00","13.3","11.9","91","0.0","0.0","3","100","12.7","archive","-23.558","-46.635","2026-09-20T16:31:34.073018-03:00"
"2026-08-11 02:00:00","13.1","11.8","90","0.0","0.0","3","100","11.9","archive","-23.558","-46.635","2026-09-20T16:31:34.073018-03:00"
"2026-08-11 03:00:00","12.9","11.5","91","0.0","0.0","3","100","12.3","archive","-23.558","-46.635","2026-09-20T16:31:34.073018-03:00"
"2026-08-11 04:00:00","12.8","11.5","91","0.0","0.0","3","100","11.4","archive","-23.558","-46.635","2026-09-20T16:31:34.073018-03:00"
"2026-08-11 05:00:00","12.8","11.6","91","0.0","0.0","3","100","10.8","archive","-23.558","-46.635","2026-09-20T16:31:34.073018-03:00"
"2026-08-11 06:00:00","12.9","11.7","90","0.0","0.0","3","100","11.2","archive","-23.558","-46.635","2026-09-20T16:31:34.073018-03:00"
"2026-08-11 07:00:00","12.9","11.8","92","0.0","0.0","3","100","10.2","archive","-23.558","-46.635","2026-09-20T16:31:34.073018-03:00"
"2026-08-11 08:00:00","13.3","11.9","89","0.0","0.0","3","100","12.3","archive","-23.558","-46.635","2026-09-20T16:31:34.073018-03:00"
"2026-08-11 09:00:00","13.9","12.5","86","0.0","0.0","3","100","12.7","archive","-23.558","-46.635","2026-09-20T16:31:34.073018-03:00"
"2026-08-11 10:00:00","14.4","13.0","84","0.0","0.0","3","100","12.6","archive","-23.558","-46.635","2026-09-20T16:31:34.073018-03:00"
"2026-08-11 11:00:00","14.6","13.4","83","0.0","0.0","3","100","12.1","archive","-23.558","-46.635","2026-09-20T16:31:34.073018-03:00"
"2026-08-11 12:00:00","15.6","14.6","79","0.0","0.0","3","100","11.0","archive","-23.558","-46.635","2026-09-20T16:31:34.073018-03:00"
"2026-08-11 13:00:00","16.5","15.6","76","0.1","0.1","51","100","10.7","archive","-23.558","-46.635","2026-09-20T16:31:34.073018-03:00"
"2026-08-11 14:00:00","17.1","16.3","74","0.1","0.1","51","100","10.0","archive","-23.558","-46.635","2026-09-20T16:31:34.073018-03:00"
"2026-08-11 15:00:00","16.7","16.1","78","0.1","0.1","51","100","9.9","archive","-23.558","-46.635","2026-09-20T16:31:34.073018-03:00"
"2026-08-11 16:00:00","16.1","15.5","81","0.0","0.0","3","100","10.6","archive","-23.558","-46.635","2026-09-20T16:31:34.073018-03:00"
"2026-08-11 17:00:00","15.2","14.4","86","0.0","0.0","3","100","11.6","archive","-23.558","-46.635","2026-09-20T16:31:34.073018-03:00"
"2026-08-11 18:00:00","14.2","13.2","91","0.0","0.0","3","100","12.4","archive","-23.558","-46.635","2026-09-20T16:31:34.073018-03:00"
"2026-08-11 19:00:00","13.9","13.0","92","0.0","0.0","3","100","11.5","archive","-23.558","-46.635","2026-09-20T16:31:34.073018-03:00"
"2026-08-11 20:00:00","13.8","13.0","92","0.0","0.0","3","99","10.8","archive","-23.558","-46.635","2026-09-20T16:31:34.073018-03:00"
"2026-08-11 21:00:00","14.3","14.0","92","0.0","0.0","3","100","8.3","archive","-23.558","-46.635","2026-09-20T16:31:34.073018-03:00"
"2026-08-11 22:00:00","14.3","14.0","92","0.0","0.0","3","100","8.3","archive","-23.558","-46.635","2026-09-20T16:31:34.073018-03:00"
"2026-08-11 23:00:00","14.4","14.2","92","0.0","0.0","3","100","7.3","archive","-23.558","-46.635","2026-09-20T16:31:34.073018-03:00"
"2026-08-12 00:00:00","14.4","14.5","92","0.0","0.0","3","100","5.8","archive","-23.558","-46.635","2026-09-20T16:31:34.073018-03:00"
"2026-08-12 01:00:00","14.2","14.2","93","0.0","0.0","3","100","6.4","archive","-23.558","-46.635","2026-09-20T16:31:34.073018-03:00"
"2026-08-12 02:00:00","14.0","14.0","94","0.0","0.0","3","100","6.5","archive","-23.558","-46.635","2026-09-20T16:31:34.073018-03:00"
"2026-08-12 03:00:00","14.0","14.0","95","0.0","0.0","3","100","6.7","archive","-23.558","-46.635","2026-09-20T16:31:34.073018-03:00"
"2026-08-12 04:00:00","14.0","14.1","96","0.0","0.0","3","100","6.3","archive","-23.558","-46.635","2026-09-20T16:31:34.073018-03:00"
"2026-08-12 05:00:00","14.0","14.1","95","0.0","0.0","3","100","6.2","archive","-23.558","-46.635","2026-09-20T16:31:34.073018-03:00"
"2026-08-12 06:00:00","14.2","14.3","93","0.0","0.0","3","100","6.1","archive","-23.558","-46.635","2026-09-20T16:31:34.073018-03:00"
"2026-08-12 07:00:00","14.4","14.6","93","0.0","0.0","3","100","5.3","archive","-23.558","-46.635","2026-09-20T16:31:34.073018-03:00"
"2026-08-12 08:00:00","14.9","15.1","91","0.0","0.0","3","100","5.8","archive","-23.558","-46.635","2026-09-20T16:31:34.073018-03:00"
"2026-08-12 09:00:00","15.8","16.0","88","0.0","0.0","3","100","7.4","archive","-23.558","-46.635","2026-09-20T16:31:34.073018-03:00"
"2026-08-12 10:00:00","16.8","17.1","84","0.0","0.0","3","100","6.8","archive","-23.558","-46.635","2026-09-20T16:31:34.073018-03:00"
"2026-08-12 11:00:00","18.4","18.7","78","0.0","0.0","3","100","7.8","archive","-23.558","-46.635","2026-09-20T16:31:34.073018-03:00"
"2026-08-12 12:00:00","20.6","22.4","71","0.0","0.0","3","91","3.4","archive","-23.558","-46.635","2026-09-20T16:31:34.073018-03:00"
"2026-08-12 13:00:00","21.8","24.3","69","0.0","0.0","3","94","2.7","archive","-23.558","-46.635","2026-09-20T16:31:34.073018-03:00"
"2026-08-12 14:00:00","22.6","24.5","69","0.0","0.0","1","45","5.2","archive","-23.558","-46.635","2026-09-20T16:31:34.073018-03:00"
"2026-08-12 15:00:00","23.2","25.2","69","0.0","0.0","2","58","4.3","archive","-23.558","-46.635","2026-09-20T16:31:34.073018-03:00"
"2026-08-12 16:00:00","23.1","25.1","71","0.0","0.0","3","99","5.1","archive","-23.558","-46.635","2026-09-20T16:31:34.073018-03:00"
"2026-08-12 17:00:00","22.4","24.5","75","0.0","0.0","3","100","4.0","archive","-23.558","-46.635","2026-09-20T16:31:34.073018-03:00"
"2026-08-12 18:00:00","21.5","24.2","82","0.0","0.0","3","100","2.2","archive","-23.558","-46.635","2026-09-20T16:31:34.073018-03:00"
"2026-08-12 19:00:00","20.9","23.6","84","0.0","0.0","3","87","2.0","archive","-23.558","-46.635","2026-09-20T16:31:34.073018-03:00"
"2026-08-12 20:00:00","19.7","21.8","88","0.0","0.0","1","43","4.2","archive","-23.558","-46.635","2026-09-20T16:31:34.073018-03:00"
"2026-08-12 21:00:00","17.4","19.3","96","0.0","0.0","3","97","2.9","archive","-23.558","-46.635","2026-09-20T16:31:34.073018-03:00"
"2026-08-12 22:00:00","17.0","19.0","98","0.0","0.0","3","100","2.4","archive","-23.558","-46.635","2026-09-20T16:31:34.073018-03:00"
"2026-08-12 23:00:00","16.8","18.7","97","0.0","0.0","2","73","2.6","archive","-23.558","-46.635","2026-09-20T16:31:34.073018-03:00"
"2026-08-13 00:00:00","16.6","18.3","98","0.0","0.0","3","99","2.5","archive","-23.558","-46.635","2026-09-20T16:31:34.073018-03:00"
"2026-08-13 01:00:00","16.6","18.3","99","0.0","0.0","3","82","2.9","archive","-23.558","-46.635","2026-09-20T16:31:34.073018-03:00"
"2026-08-13 02:00:00","16.7","18.5","100","0.0","0.0","3","100","3.0","archive","-23.558","-46.635","2026-09-20T16:31:34.073018-03:00"
"2026-08-13 03:00:00","16.6","18.2","100","0.0","0.0","3","100","4.0","archive","-23.558","-46.635","2026-09-20T16:31:34.073018-03:00"
"2026-08-13 04:00:00","16.7","18.1","98","0.0","0.0","3","88","4.8","archive","-23.558","-46.635","2026-09-20T16:31:34.073018-03:00"
"2026-08-13 05:00:00","16.6","18.0","96","0.0","0.0","1","48","3.8","archive","-23.558","-46.635","2026-09-20T16:31:34.073018-03:00"
"2026-08-13 06:00:00","16.8","17.9","93","0.0","0.0","2","63","5.0","archive","-23.558","-46.635","2026-09-20T16:31:34.073018-03:00"
"2026-08-13 07:00:00","17.5","18.4","88","0.0","0.0","3","82","5.7","archive","-23.558","-46.635","2026-09-20T16:31:34.073018-03:00"
"2026-08-13 08:00:00","19.2","20.3","80","0.0","0.0","2","53","5.6","archive","-23.558","-46.635","2026-09-20T16:31:34.073018-03:00"
"2026-08-13 09:00:00","22.3","24.0","71","0.0","0.0","2","76","4.4","archive","-23.558","-46.635","2026-09-20T16:31:34.073018-03:00"
"2026-08-13 10:00:00","24.6","26.4","65","0.0","0.0","3","100","5.9","archive","-23.558","-46.635","2026-09-20T16:31:34.073018-03:00"
"2026-08-13 11:00:00","25.9","27.1","58","0.0","0.0","3","99","8.9","archive","-23.558","-46.635","2026-09-20T16:31:34.073018-03:00"
"2026-08-13 12:00:00","27.2","27.4","49","0.0","0.0","3","100","11.4","archive","-23.558","-46.635","2026-09-20T16:31:34.073018-03:00"
"2026-08-13 13:00:00","27.4","26.9","46","0.0","0.0","1","46","13.5","archive","-23.558","-46.635","2026-09-20T16:31:34.073018-03:00"
"2026-08-13 14:00:00","27.9","28.0","44","0.0","0.0","0","10","14.5","archive","-23.558","-46.635","2026-09-20T16:31:34.073018-03:00"
"2026-08-13 15:00:00","28.1","27.5","43","0.0","0.0","1","20","13.3","archive","-23.558","-46.635","2026-09-20T16:31:34.073018-03:00"
"2026-08-13 16:00:00","28.0","27.0","42","0.2","0.2","51","47","14.4","archive","-23.558","-46.635","2026-09-20T16:31:34.073018-03:00"
"2026-08-13 17:00:00","26.7","27.0","50","0.2","0.2","51","12","10.1","archive","-23.558","-46.635","2026-09-20T16:31:34.073018-03:00"
"2026-08-13 18:00:00","24.6","26.6","63","0.0","0.0","1","21","3.8","archive","-23.558","-46.635","2026-09-20T16:31:34.073018-03:00"
"2026-08-13 19:00:00","23.9","25.8","65","0.0","0.0","1","39","3.9","archive","-23.558","-46.635","2026-09-20T16:31:34.073018-03:00"
"2026-08-13 20:00:00","20.5","20.6","77","1.5","1.5","61","58","14.4","archive","-23.558","-46.635","2026-09-20T16:31:34.073018-03:00"
"2026-08-13 21:00:00","18.9","20.3","92","0.5","0.5","53","64","8.8","archive","-23.558","-46.635","2026-09-20T16:31:34.073018-03:00"
"2026-08-13 22:00:00","18.3","20.5","94","0.0","0.0","2","56","2.7","archive","-23.558","-46.635","2026-09-20T16:31:34.073018-03:00"
"2026-08-13 23:00:00","18.0","19.9","94","0.0","0.0","2","56","3.8","archive","-23.558","-46.635","2026-09-20T16:31:34.073018-03:00"
"2026-08-14 00:00:00","17.5","19.5","96","0.0","0.0","3","96","2.7","archive","-23.558","-46.635","2026-09-20T16:31:34.073018-03:00"
"2026-08-14 01:00:00","17.8","19.3","94","0.0","0.0","2","61","6.3","archive","-23.558","-46.635","2026-09-20T16:31:34.073018-03:00"
"2026-08-14 02:00:00","17.8","19.6","94","0.0","0.0","1","49","4.0","archive","-23.558","-46.635","2026-09-20T16:31:34.073018-03:00"
"2026-08-14 03:00:00","17.7","18.5","91","0.0","0.0","3","85","9.3","archive","-23.558","-46.635","2026-09-20T16:31:34.073018-03:00"
"2026-08-14 04:00:00","17.8","19.2","90","0.2","0.2","51","38","4.3","archive","-23.558","-46.635","2026-09-20T16:31:34.073018-03:00"
"2026-08-14 05:00:00","17.5","18.5","90","0.1","0.1","51","41","6.5","archive","-23.558","-46.635","2026-09-20T16:31:34.073018-03:00"
"2026-08-14 06:00:00","17.0","18.0","91","0.0","0.0","1","21","5.9","archive","-23.558","-46.635","2026-09-20T16:31:34.073018-03:00"
"2026-08-14 07:00:00","16.8","17.7","93","0.0","0.0","1","23","7.0","archive","-23.558","-46.635","2026-09-20T16:31:34.073018-03:00"
"2026-08-14 08:00:00","17.9","19.1","89","0.0","0.0","0","7","5.6","archive","-23.558","-46.635","2026-09-20T16:31:34.073018-03:00"
"2026-08-14 09:00:00","18.2","19.5","92","0.0","0.0","3","100","7.7","archive","-23.558","-46.635","2026-09-20T16:31:34.073018-03:00"
"2026-08-14 10:00:00","19.9","20.8","82","0.0","0.0","3","100","9.1","archive","-23.558","-46.635","2026-09-20T16:31:34.073018-03:00"
"2026-08-14 11:00:00","22.0","22.8","71","0.0","0.0","3","100","9.4","archive","-23.558","-46.635","2026-09-20T16:31:34.073018-03:00"
"2026-08-14 12:00:00","22.6","23.6","67","0.0","0.0","3","95","7.7","archive","-23.558","-46.635","2026-09-20T16:31:34.073018-03:00"
"2026-08-14 13:00:00","24.0","25.4","61","0.0","0.0","1","38","4.8","archive","-23.558","-46.635","2026-09-20T16:31:34.073018-03:00"
"2026-08-14 14:00:00","24.6","26.4","58","0.1","0.1","51","48","5.0","archive","-23.558","-46.635","2026-09-20T16:31:34.073018-03:00"
"2026-08-14 15:00:00","24.9","25.9","55","0.2","0.2","51","47","5.0","archive","-23.558","-46.635","2026-09-20T16:31:34.073018-03:00"
"2026-08-14 16:00:00","25.2","26.1","54","0.1","0.1","51","39","5.4","archive","-23.558","-46.635","2026-09-20T16:31:34.073018-03:00"
"2026-08-14 17:00:00","24.1","25.1","61","0.0","0.0","2","52","7.3","archive","-23.558","-46.635","2026-09-20T16:31:34.073018-03:00"
"2026-08-14 18:00:00","21.4","22.6","79","0.0","0.0","2","66","10.6","archive","-23.558","-46.635","2026-09-20T16:31:34.073018-03:00"
"2026-08-14 19:00:00","19.3","21.0","92","0.0","0.0","3","100","8.3","archive","-23.558","-46.635","2026-09-20T16:31:34.073018-03:00"
"2026-08-14 20:00:00","18.6","20.0","93","0.0","0.0","3","100","9.0","archive","-23.558","-46.635","2026-09-20T16:31:34.073018-03:00"
"2026-08-14 21:00:00","18.6","20.1","91","0.1","0.1","51","71","6.5","archive","-23.558","-46.635","2026-09-20T16:31:34.073018-03:00"
"2026-08-14 22:00:00","18.3","19.6","93","0.0","0.0","3","100","7.8","archive","-23.558","-46.635","2026-09-20T16:31:34.073018-03:00"
"2026-08-14 23:00:00","17.8","19.3","97","0.0","0.0","3","100","7.5","archive","-23.558","-46.635","2026-09-20T16:31:34.073018-03:00"
"2026-08-15 00:00:00","17.9","19.2","95","0.0","0.0","3","100","8.8","archive","-23.558","-46.635","2026-09-20T16:31:34.073018-03:00"
"2026-08-15 01:00:00","18.1","19.4","92","0.0","0.0","3","99","7.3","archive","-23.558","-46.635","2026-09-20T16:31:34.073018-03:00"
"2026-08-15 02:00:00","18.1","19.1","91","0.0","0.0","3","100","9.0","archive","-23.558","-46.635","2026-09-20T16:31:34.073018-03:00"
"2026-08-15 03:00:00","17.2","18.2","96","0.0","0.0","3","95","8.0","archive","-23.558","-46.635","2026-09-20T16:31:34.073018-03:00"
"2026-08-15 04:00:00","16.9","18.3","95","0.1","0.1","51","77","4.5","archive","-23.558","-46.635","2026-09-20T16:31:34.073018-03:00"
"2026-08-15 05:00:00","16.6","18.3","96","0.8","0.8","53","74","2.4","archive","-23.558","-46.635","2026-09-20T16:31:34.073018-03:00"
"2026-08-15 06:00:00","16.4","17.6","97","0.9","0.9","53","84","5.9","archive","-23.558","-46.635","2026-09-20T16:31:34.073018-03:00"
"2026-08-15 07:00:00","16.6","17.5","97","0.1","0.1","51","66","7.7","archive","-23.558","-46.635","2026-09-20T16:31:34.073018-03:00"
"2026-08-15 08:00:00","17.7","19.0","91","0.1","0.1","51","98","5.7","archive","-23.558","-46.635","2026-09-20T16:31:34.073018-03:00"
"2026-08-15 09:00:00","17.9","19.3","92","1.2","1.2","55","100","6.1","archive","-23.558","-46.635","2026-09-20T16:31:34.073018-03:00"
"2026-08-15 10:00:00","18.1","20.0","92","1.5","1.5","61","100","2.9","archive","-23.558","-46.635","2026-09-20T16:31:34.073018-03:00"
"2026-08-15 11:00:00","18.9","20.6","87","0.8","0.8","53","94","4.5","archive","-23.558","-46.635","2026-09-20T16:31:34.073018-03:00"
"2026-08-15 12:00:00","19.9","20.8","82","1.5","1.5","61","70","9.9","archive","-23.558","-46.635","2026-09-20T16:31:34.073018-03:00"
"2026-08-15 13:00:00","21.7","24.0","74","0.0","0.0","3","92","5.3","archive","-23.558","-46.635","2026-09-20T16:31:34.073018-03:00"
"2026-08-15 14:00:00","22.3","24.2","72","0.0","0.0","1","30","4.2","archive","-23.558","-46.635","2026-09-20T16:31:34.073018-03:00"
"2026-08-15 15:00:00","22.1","23.5","72","0.0","0.0","1","49","6.2","archive","-23.558","-46.635","2026-09-20T16:31:34.073018-03:00"
"2026-08-15 16:00:00","21.9","23.5","72","0.3","0.3","51","35","5.1","archive","-23.558","-46.635","2026-09-20T16:31:34.073018-03:00"
"2026-08-15 17:00:00","21.4","23.1","74","0.3","0.3","51","29","4.3","archive","-23.558","-46.635","2026-09-20T16:31:34.073018-03:00"
"2026-08-15 18:00:00","20.1","21.6","82","0.0","0.0","2","52","6.0","archive","-23.558","-46.635","2026-09-20T16:31:34.073018-03:00"
"2026-08-15 19:00:00","18.8","20.2","91","0.0","0.0","3","82","8.2","archive","-23.558","-46.635","2026-09-20T16:31:34.073018-03:00"
"2026-08-15 20:00:00","17.7","19.0","97","0.0","0.0","3","100","8.3","archive","-23.558","-46.635","2026-09-20T16:31:34.073018-03:00"
"2026-08-15 21:00:00","17.7","18.6","90","0.0","0.0","2","62","7.4","archive","-23.558","-46.635","2026-09-20T16:31:34.073018-03:00"
"2026-08-15 22:00:00","17.3","18.5","91","0.0","0.0","3","89","5.8","archive","-23.558","-46.635","2026-09-20T16:31:34.073018-03:00"
"2026-08-15 23:00:00","16.9","18.1","92","0.0","0.0","3","98","4.5","archive","-23.558","-46.635","2026-09-20T16:31:34.073018-03:00"
"2026-08-16 00:00:00","16.7","17.8","93","0.0","0.0","3","100","5.4","archive","-23.558","-46.635","2026-09-20T16:31:34.073018-03:00"
"2026-08-16 01:00:00","16.5","17.4","94","0.0","0.0","3","96","6.5","archive","-23.558","-46.635","2026-09-20T16:31:34.073018-03:00"
"2026-08-16 02:00:00","16.1","17.0","95","0.0","0.0","3","91","5.8","archive","-23.558","-46.635","2026-09-20T16:31:34.073018-03:00"
"2026-08-16 03:00:00","15.7","16.3","97","0.0","0.0","3","85","7.4","archive","-23.558","-46.635","2026-09-20T16:31:34.073018-03:00"
"2026-08-16 04:00:00","15.4","15.6","97","0.0","0.0","3","100","9.6","archive","-23.558","-46.635","2026-09-20T16:31:34.073018-03:00"
"2026-08-16 05:00:00","15.6","15.6","95","0.0","0.0","3","100","10.4","archive","-23.558","-46.635","2026-09-20T16:31:34.073018-03:00"
"2026-08-16 06:00:00","15.4","15.6","95","0.0","0.0","3","98","9.2","archive","-23.558","-46.635","2026-09-20T16:31:34.073018-03:00"
"2026-08-16 07:00:00","15.4","15.5","95","0.0","0.0","3","95","9.1","archive","-23.558","-46.635","2026-09-20T16:31:34.073018-03:00"
"2026-08-16 08:00:00","15.8","16.1","93","0.0","0.0","3","93","8.7","archive","-23.558","-46.635","2026-09-20T16:31:34.073018-03:00"
"2026-08-16 09:00:00","17.3","17.7","87","0.0","0.0","3","92","9.3","archive","-23.558","-46.635","2026-09-20T16:31:34.073018-03:00"
"2026-08-16 10:00:00","19.0","19.8","80","0.0","0.0","2","73","7.2","archive","-23.558","-46.635","2026-09-20T16:31:34.073018-03:00"
"2026-08-16 11:00:00","21.0","23.0","74","0.0","0.0","3","92","5.1","archive","-23.558","-46.635","2026-09-20T16:31:34.073018-03:00"
"2026-08-16 12:00:00","22.8","25.7","68","0.0","0.0","3","100","4.8","archive","-23.558","-46.635","2026-09-20T16:31:34.073018-03:00"
"2026-08-16 13:00:00","24.2","27.0","62","0.0","0.0","3","92","5.6","archive","-23.558","-46.635","2026-09-20T16:31:34.073018-03:00"
"2026-08-16 14:00:00","25.3","27.6","56","0.0","0.0","2","72","5.4","archive","-23.558","-46.635","2026-09-20T16:31:34.073018-03:00"
"2026-08-16 15:00:00","26.4","27.7","50","0.0","0.0","3","82","4.9","archive","-23.558","-46.635","2026-09-20T16:31:34.073018-03:00"
"2026-08-16 16:00:00","26.4","27.1","49","0.0","0.0","1","23","5.4","archive","-23.558","-46.635","2026-09-20T16:31:34.073018-03:00"
"2026-08-16 17:00:00","25.3","26.2","55","0.0","0.0","0","7","6.2","archive","-23.558","-46.635","2026-09-20T16:31:34.073018-03:00"
"2026-08-16 18:00:00","23.2","24.4","64","0.0","0.0","0","12","5.4","archive","-23.558","-46.635","2026-09-20T16:31:34.073018-03:00"
"2026-08-16 19:00:00","22.2","23.5","69","0.0","0.0","0","5","5.6","archive","-23.558","-46.635","2026-09-20T16:31:34.073018-03:00"
"2026-08-16 20:00:00","21.8","22.7","72","0.0","0.0","0","12","9.1","archive","-23.558","-46.635","2026-09-20T16:31:34.073018-03:00"
"2026-08-16 21:00:00","20.8","22.2","81","0.0","0.0","0","5","8.5","archive","-23.558","-46.635","2026-09-20T16:31:34.073018-03:00"
"2026-08-16 22:00:00","19.5","20.7","87","0.0","0.0","0","14","9.9","archive","-23.558","-46.635","2026-09-20T16:31:34.073018-03:00"
"2026-08-16 23:00:00","18.9","19.9","89","0.0","0.0","1","35","9.6","archive","-23.558","-46.635","2026-09-20T16:31:34.073018-03:00"
"2026-08-17 00:00:00","18.5","19.5","90","0.0","0.0","1","26","9.1","archive","-23.558","-46.635","2026-09-20T16:31:34.073018-03:00"
"2026-08-17 01:00:00","18.0","19.1","90","0.0","0.0","1","25","7.5","archive","-23.558","-46.635","2026-09-20T16:31:34.073018-03:00"
"2026-08-17 02:00:00","17.4","18.6","92","0.0","0.0","0","16","6.3","archive","-23.558","-46.635","2026-09-20T16:31:34.073018-03:00"
"2026-08-17 03:00:00","17.0","18.1","94","0.0","0.0","1","47","6.4","archive","-23.558","-46.635","2026-09-20T16:31:34.073018-03:00"
"2026-08-17 04:00:00","16.4","17.3","95","0.0","0.0","1","25","7.2","archive","-23.558","-46.635","2026-09-20T16:31:34.073018-03:00"
"2026-08-17 05:00:00","15.8","16.4","97","0.0","0.0","2","76","7.9","archive","-23.558","-46.635","2026-09-20T16:31:34.073018-03:00"
"2026-08-17 06:00:00","15.4","15.8","98","0.0","0.0","3","100","8.5","archive","-23.558","-46.635","2026-09-20T16:31:34.073018-03:00"
"2026-08-17 07:00:00","15.2","15.9","98","0.0","0.0","3","100","6.3","archive","-23.558","-46.635","2026-09-20T16:31:34.073018-03:00"
"2026-08-17 08:00:00","15.9","16.9","95","0.0","0.0","3","96","4.8","archive","-23.558","-46.635","2026-09-20T16:31:34.073018-03:00"
"2026-08-17 09:00:00","17.4","18.6","90","0.0","0.0","2","74","4.8","archive","-23.558","-46.635","2026-09-20T16:31:34.073018-03:00"
"2026-08-17 10:00:00","19.6","21.3","83","0.0","0.0","0","13","3.9","archive","-23.558","-46.635","2026-09-20T16:31:34.073018-03:00"
"2026-08-17 11:00:00","22.1","25.3","75","0.0","0.0","0","13","3.1","archive","-23.558","-46.635","2026-09-20T16:31:34.073018-03:00"
"2026-08-17 12:00:00","24.7","28.9","68","0.0","0.0","1","42","2.1","archive","-23.558","-46.635","2026-09-20T16:31:34.073018-03:00"
"2026-08-17 13:00:00","26.5","30.9","62","0.0","0.0","0","5","3.0","archive","-23.558","-46.635","2026-09-20T16:31:34.073018-03:00"
"2026-08-17 14:00:00","27.4","31.3","59","0.0","0.0","0","0","4.2","archive","-23.558","-46.635","2026-09-20T16:31:34.073018-03:00"
"2026-08-17 15:00:00","28.1","30.9","57","0.0","0.0","0","9","5.0","archive","-23.558","-46.635","2026-09-20T16:31:34.073018-03:00"
"2026-08-17 16:00:00","28.2","29.8","51","0.0","0.0","1","40","5.5","archive","-23.558","-46.635","2026-09-20T16:31:34.073018-03:00"
"2026-08-17 17:00:00","27.5","28.5","49","0.0","0.0","2","59","6.4","archive","-23.558","-46.635","2026-09-20T16:31:34.073018-03:00"
"2026-08-17 18:00:00","25.5","25.7","49","0.0","0.0","0","17","7.9","archive","-23.558","-46.635","2026-09-20T16:31:34.073018-03:00"
"2026-08-17 19:00:00","24.3","24.7","54","0.0","0.0","0","6","6.4","archive","-23.558","-46.635","2026-09-20T16:31:34.073018-03:00"
"2026-08-17 20:00:00","23.2","24.5","63","0.0","0.0","0","3","4.0","archive","-23.558","-46.635","2026-09-20T16:31:34.073018-03:00"
"2026-08-17 21:00:00","22.0","23.2","67","0.0","0.0","0","5","4.9","archive","-23.558","-46.635","2026-09-20T16:31:34.073018-03:00"
"2026-08-17 22:00:00","21.2","22.6","72","0.0","0.0","0","12","4.2","archive","-23.558","-46.635","2026-09-20T16:31:34.073018-03:00"
"2026-08-17 23:00:00","20.5","21.7","74","0.0","0.0","0","2","5.6","archive","-23.558","-46.635","2026-09-20T16:31:34.073018-03:00"
"2026-08-18 00:00:00","19.7","20.8","77","0.0","0.0","0","4","5.4","archive","-23.558","-46.635","2026-09-20T16:31:34.073018-03:00"
"2026-08-18 01:00:00","18.8","19.9","80","0.0","0.0","0","5","4.7","archive","-23.558","-46.635","2026-09-20T16:31:34.073018-03:00"
"2026-08-18 02:00:00","18.2","19.2","82","0.0","0.0","0","2","3.9","archive","-23.558","-46.635","2026-09-20T16:31:34.073018-03:00"
"2026-08-18 03:00:00","17.5","18.6","85","0.0","0.0","0","0","3.2","archive","-23.558","-46.635","2026-09-20T16:31:34.073018-03:00"
"2026-08-18 04:00:00","17.1","18.1","85","0.0","0.0","0","0","3.2","archive","-23.558","-46.635","2026-09-20T16:31:34.073018-03:00"
"2026-08-18 05:00:00","16.7","17.6","86","0.0","0.0","0","3","3.8","archive","-23.558","-46.635","2026-09-20T16:31:34.073018-03:00"
"2026-08-18 06:00:00","16.5","17.2","85","0.0","0.0","0","0","4.2","archive","-23.558","-46.635","2026-09-20T16:31:34.073018-03:00"
"2026-08-18 07:00:00","16.8","17.4","82","0.0","0.0","0","0","4.2","archive","-23.558","-46.635","2026-09-20T16:31:34.073018-03:00"
"2026-08-18 08:00:00","19.0","19.7","73","0.0","0.0","0","0","4.3","archive","-23.558","-46.635","2026-09-20T16:31:34.073018-03:00"
"2026-08-18 09:00:00","21.4","22.3","66","0.0","0.0","0","0","4.7","archive","-23.558","-46.635","2026-09-20T16:31:34.073018-03:00"
"2026-08-18 10:00:00","23.8","24.9","60","0.0","0.0","0","0","5.7","archive","-23.558","-46.635","2026-09-20T16:31:34.073018-03:00"
"2026-08-18 11:00:00","25.8","27.8","54","0.0","0.0","0","0","6.2","archive","-23.558","-46.635","2026-09-20T16:31:34.073018-03:00"
"2026-08-18 12:00:00","27.3","29.8","49","0.0","0.0","0","0","6.2","archive","-23.558","-46.635","2026-09-20T16:31:34.073018-03:00"
"2026-08-18 13:00:00","28.4","30.6","43","0.0","0.0","0","0","6.1","archive","-23.558","-46.635","2026-09-20T16:31:34.073018-03:00"
"2026-08-18 14:00:00","28.8","30.4","40","0.0","0.0","0","0","6.2","archive","-23.558","-46.635","2026-09-20T16:31:34.073018-03:00"
"2026-08-18 15:00:00","29.3","29.7","36","0.0","0.0","0","0","5.6","archive","-23.558","-46.635","2026-09-20T16:31:34.073018-03:00"
"2026-08-18 16:00:00","29.0","28.6","35","0.0","0.0","0","0","6.6","archive","-23.558","-46.635","2026-09-20T16:31:34.073018-03:00"
"2026-08-18 17:00:00","28.0","27.8","39","0.0","0.0","0","0","7.5","archive","-23.558","-46.635","2026-09-20T16:31:34.073018-03:00"
"2026-08-18 18:00:00","25.9","26.0","47","0.0","0.0","0","0","6.5","archive","-23.558","-46.635","2026-09-20T16:31:34.073018-03:00"
"2026-08-18 19:00:00","24.7","25.7","55","0.0","0.0","0","0","4.0","archive","-23.558","-46.635","2026-09-20T16:31:34.073018-03:00"
"2026-08-18 20:00:00","23.9","25.7","59","0.0","0.0","0","0","0.6","archive","-23.558","-46.635","2026-09-20T16:31:34.073018-03:00"
"2026-08-18 21:00:00","23.5","24.7","59","0.0","0.0","0","0","2.5","archive","-23.558","-46.635","2026-09-20T16:31:34.073018-03:00"
"2026-08-18 22:00:00","22.8","24.0","60","0.0","0.0","0","0","2.2","archive","-23.558","-46.635","2026-09-20T16:31:34.073018-03:00"
"2026-08-18 23:00:00","21.8","22.9","63","0.0","0.0","0","0","2.2","archive","-23.558","-46.635","2026-09-20T16:31:34.073018-03:00"
"2026-08-19 00:00:00","21.1","22.2","65","0.0","0.0","0","0","1.9","archive","-23.558","-46.635","2026-09-20T16:31:34.073018-03:00"
"2026-08-19 01:00:00","20.2","21.2","68","0.0","0.0","0","0","1.8","archive","-23.558","-46.635","2026-09-20T16:31:34.073018-03:00"
"2026-08-19 02:00:00","19.4","20.4","70","0.0","0.0","0","0","1.5","archive","-23.558","-46.635","2026-09-20T16:31:34.073018-03:00"
"2026-08-19 03:00:00","18.4","19.4","74","0.0","0.0","0","0","1.1","archive","-23.558","-46.635","2026-09-20T16:31:34.073018-03:00"
"2026-08-19 04:00:00","17.5","18.5","78","0.0","0.0","0","0","0.8","archive","-23.558","-46.635","2026-09-20T16:31:34.073018-03:00"
"2026-08-19 05:00:00","16.7","17.5","81","0.0","0.0","0","0","1.7","archive","-23.558","-46.635","2026-09-20T16:31:34.073018-03:00"
"2026-08-19 06:00:00","16.1","16.7","82","0.0","0.0","0","0","2.4","archive","-23.558","-46.635","2026-09-20T16:31:34.073018-03:00"
"2026-08-19 07:00:00","16.1","16.8","84","0.0","0.0","0","0","2.2","archive","-23.558","-46.635","2026-09-20T16:31:34.073018-03:00"
"2026-08-19 08:00:00","18.5","19.6","75","0.0","0.0","0","0","1.1","archive","-23.558","-46.635","2026-09-20T16:31:34.073018-03:00"
"2026-08-19 09:00:00","21.3","22.7","68","0.0","0.0","0","0","1.8","archive","-23.558","-46.635","2026-09-20T16:31:34.073018-03:00"
"2026-08-19 10:00:00","24.8","26.3","55","0.0","0.0","0","0","2.7","archive","-23.558","-46.635","2026-09-20T16:31:34.073018-03:00"
"2026-08-19 11:00:00","27.2","28.7","44","0.0","0.0","0","0","5.3","archive","-23.558","-46.635","2026-09-20T16:31:34.073018-03:00"
"2026-08-19 12:00:00","28.6","30.4","38","0.0","0.0","0","0","5.2","archive","-23.558","-46.635","2026-09-20T16:31:34.073018-03:00"
"2026-08-19 13:00:00","29.4","31.1","35","0.0","0.0","0","0","4.4","archive","-23.558","-46.635","2026-09-20T16:31:34.073018-03:00"
"2026-08-19 14:00:00","29.6","30.4","34","0.0","0.0","0","0","7.1","archive","-23.558","-46.635","2026-09-20T16:31:34.073018-03:00"
"2026-08-19 15:00:00","30.0","29.4","28","0.0","0.0","0","2","6.5","archive","-23.558","-46.635","2026-09-20T16:31:34.073018-03:00"
"2026-08-19 16:00:00","30.3","28.7","25","0.0","0.0","0","2","6.3","archive","-23.558","-46.635","2026-09-20T16:31:34.073018-03:00"
"2026-08-19 17:00:00","29.3","27.5","29","0.0","0.0","0","0","10.2","archive","-23.558","-46.635","2026-09-20T16:31:34.073018-03:00"
"2026-08-19 18:00:00","26.1","25.2","43","0.0","0.0","0","0","11.7","archive","-23.558","-46.635","2026-09-20T16:31:34.073018-03:00"
"2026-08-19 19:00:00","24.8","24.1","43","0.0","0.0","0","10","7.5","archive","-23.558","-46.635","2026-09-20T16:31:34.073018-03:00"
"2026-08-19 20:00:00","23.5","23.4","48","0.0","0.0","1","39","4.2","archive","-23.558","-46.635","2026-09-20T16:31:34.073018-03:00"
"2026-08-19 21:00:00","21.9","23.0","66","0.0","0.0","2","79","3.9","archive","-23.558","-46.635","2026-09-20T16:31:34.073018-03:00"
"2026-08-19 22:00:00","20.5","22.1","76","0.0","0.0","3","85","3.5","archive","-23.558","-46.635","2026-09-20T16:31:34.073018-03:00"
"2026-08-19 23:00:00","19.7","21.5","83","0.0","0.0","3","82","3.3","archive","-23.558","-46.635","2026-09-20T16:31:34.073018-03:00"
"2026-08-20 00:00:00","19.0","20.9","87","0.0","0.0","2","55","3.7","archive","-23.558","-46.635","2026-09-20T16:31:34.073018-03:00"
"2026-08-20 01:00:00","18.3","20.1","92","0.0","0.0","2","64","3.7","archive","-23.558","-46.635","2026-09-20T16:31:34.073018-03:00"
"2026-08-20 02:00:00","17.6","19.5","95","0.0","0.0","3","80","3.0","archive","-23.558","-46.635","2026-09-20T16:31:34.073018-03:00"
"2026-08-20 03:00:00","17.1","19.2","98","0.0","0.0","3","84","2.2","archive","-23.558","-46.635","2026-09-20T16:31:34.073018-03:00"
"2026-08-20 04:00:00","16.5","18.1","99","0.0","0.0","3","99","4.1","archive","-23.558","-46.635","2026-09-20T16:31:34.073018-03:00"
"2026-08-20 05:00:00","16.4","17.8","96","0.0","0.0","2","55","3.5","archive","-23.558","-46.635","2026-09-20T16:31:34.073018-03:00"
"2026-08-20 06:00:00","15.7","16.8","98","0.0","0.0","3","98","4.3","archive","-23.558","-46.635","2026-09-20T16:31:34.073018-03:00"
"2026-08-20 07:00:00","15.4","16.2","98","0.0","0.0","3","98","6.0","archive","-23.558","-46.635","2026-09-20T16:31:34.073018-03:00"
"2026-08-20 08:00:00","17.9","18.5","82","0.0","0.0","0","3","6.3","archive","-23.558","-46.635","2026-09-20T16:31:34.073018-03:00"
"2026-08-20 09:00:00","21.7","22.1","61","0.0","0.0","0","12","5.7","archive","-23.558","-46.635","2026-09-20T16:31:34.073018-03:00"
"2026-08-20 10:00:00","25.3","25.8","47","0.0","0.0","0","0","4.4","archive","-23.558","-46.635","2026-09-20T16:31:34.073018-03:00"
"2026-08-20 11:00:00","28.3","29.2","36","0.0","0.0","0","0","5.1","archive","-23.558","-46.635","2026-09-20T16:31:34.073018-03:00"
"2026-08-20 12:00:00","30.6","29.8","25","0.0","0.0","0","0","12.0","archive","-23.558","-46.635","2026-09-20T16:31:34.073018-03:00"
"2026-08-20 13:00:00","31.0","29.7","25","0.0","0.0","0","0","16.0","archive","-23.558","-46.635","2026-09-20T16:31:34.073018-03:00"
"2026-08-20 14:00:00","31.4","29.7","22","0.0","0.0","0","1","14.5","archive","-23.558","-46.635","2026-09-20T16:31:34.073018-03:00"
"2026-08-20 15:00:00","32.0","29.8","20","0.0","0.0","0","0","11.9","archive","-23.558","-46.635","2026-09-20T16:31:34.073018-03:00"
"2026-08-20 16:00:00","31.7","28.7","19","0.0","0.0","0","0","12.3","archive","-23.558","-46.635","2026-09-20T16:31:34.073018-03:00"
"2026-08-20 17:00:00","30.8","27.7","20","0.0","0.0","0","3","13.2","archive","-23.558","-46.635","2026-09-20T16:31:34.073018-03:00"
"2026-08-20 18:00:00","28.9","26.7","24","0.0","0.0","0","18","8.3","archive","-23.558","-46.635","2026-09-20T16:31:34.073018-03:00"
"2026-08-20 19:00:00","27.5","25.7","28","0.0","0.0","2","52","7.5","archive","-23.558","-46.635","2026-09-20T16:31:34.073018-03:00"
"2026-08-20 20:00:00","26.7","25.3","33","0.0","0.0","3","97","7.6","archive","-23.558","-46.635","2026-09-20T16:31:34.073018-03:00"
"2026-08-20 21:00:00","26.2","25.1","35","0.0","0.0","3","81","6.3","archive","-23.558","-46.635","2026-09-20T16:31:34.073018-03:00"
"2026-08-20 22:00:00","24.9","23.9","39","0.0","0.0","3","83","7.2","archive","-23.558","-46.635","2026-09-20T16:31:34.073018-03:00"
"2026-08-20 23:00:00","24.0","23.2","42","0.0","0.0","3","81","6.3","archive","-23.558","-46.635","2026-09-20T16:31:34.073018-03:00"
"2026-08-21 00:00:00","23.5","22.5","43","0.0","0.0","3","91","6.7","archive","-23.558","-46.635","2026-09-20T16:31:34.073018-03:00"
"2026-08-21 01:00:00","23.3","21.8","42","0.0","0.0","2","73","9.4","archive","-23.558","-46.635","2026-09-20T16:31:34.073018-03:00"
"2026-08-21 02:00:00","22.6","21.0","44","0.0","0.0","2","64","10.3","archive","-23.558","-46.635","2026-09-20T16:31:34.073018-03:00"
"2026-08-21 03:00:00","22.1","20.8","48","0.0","0.0","3","93","9.9","archive","-23.558","-46.635","2026-09-20T16:31:34.073018-03:00"
"2026-08-21 04:00:00","21.5","20.7","52","0.0","0.0","3","82","8.3","archive","-23.558","-46.635","2026-09-20T16:31:34.073018-03:00"
"2026-08-21 05:00:00","20.7","20.0","57","0.0","0.0","2","77","8.6","archive","-23.558","-46.635","2026-09-20T16:31:34.073018-03:00"
"2026-08-21 06:00:00","20.0","19.4","60","0.0","0.0","2","73","8.6","archive","-23.558","-46.635","2026-09-20T16:31:34.073018-03:00"
"2026-08-21 07:00:00","19.8","19.3","64","0.0","0.0","2","68","9.4","archive","-23.558","-46.635","2026-09-20T16:31:34.073018-03:00"
"2026-08-21 08:00:00","20.7","20.2","64","0.0","0.0","2","73","10.7","archive","-23.558","-46.635","2026-09-20T16:31:34.073018-03:00"
"2026-08-21 09:00:00","21.6","21.1","61","0.0","0.0","3","81","11.3","archive","-23.558","-46.635","2026-09-20T16:31:34.073018-03:00"
"2026-08-21 10:00:00","22.7","22.1","54","0.0","0.0","3","98","10.4","archive","-23.558","-46.635","2026-09-20T16:31:34.073018-03:00"
"2026-08-21 11:00:00","23.6","23.0","47","0.0","0.0","2","72","11.3","archive","-23.558","-46.635","2026-09-20T16:31:34.073018-03:00"
"2026-08-21 12:00:00","24.3","24.1","44","0.0","0.0","2","70","10.5","archive","-23.558","-46.635","2026-09-20T16:31:34.073018-03:00"
"2026-08-21 13:00:00","24.9","24.7","41","0.0","0.0","2","68","11.4","archive","-23.558","-46.635","2026-09-20T16:31:34.073018-03:00"
"2026-08-21 14:00:00","24.7","22.9","39","0.0","0.0","0","17","13.2","archive","-23.558","-46.635","2026-09-20T16:31:34.073018-03:00"
"2026-08-21 15:00:00","25.5","23.5","35","0.0","0.0","1","37","14.1","archive","-23.558","-46.635","2026-09-20T16:31:34.073018-03:00"
"2026-08-21 16:00:00","25.2","22.7","33","0.0","0.0","0","15","12.8","archive","-23.558","-46.635","2026-09-20T16:31:34.073018-03:00"
"2026-08-21 17:00:00","22.8","21.3","40","0.0","0.0","0","6","6.7","archive","-23.558","-46.635","2026-09-20T16:31:34.073018-03:00"
"2026-08-21 18:00:00","17.2","16.0","78","0.0","0.0","3","100","15.2","archive","-23.558","-46.635","2026-09-20T16:31:34.073018-03:00"
"2026-08-21 19:00:00","15.9","15.1","81","0.0","0.0","2","78","10.6","archive","-23.558","-46.635","2026-09-20T16:31:34.073018-03:00"
"2026-08-21 20:00:00","16.2","15.4","77","0.0","0.0","1","44","9.8","archive","-23.558","-46.635","2026-09-20T16:31:34.073018-03:00"
"2026-08-21 21:00:00","15.5","15.0","78","0.0","0.0","1","45","7.2","archive","-23.558","-46.635","2026-09-20T16:31:34.073018-03:00"
"2026-08-21 22:00:00","15.4","15.2","78","0.0","0.0","0","11","4.4","archive","-23.558","-46.635","2026-09-20T16:31:34.073018-03:00"
"2026-08-21 23:00:00","15.0","14.7","79","0.0","0.0","0","7","4.7","archive","-23.558","-46.635","2026-09-20T16:31:34.073018-03:00"
"2026-08-22 00:00:00","14.7","14.2","81","0.0","0.0","0","6","5.6","archive","-23.558","-46.635","2026-09-20T16:31:34.073018-03:00"
"2026-08-22 01:00:00","14.5","13.9","82","0.0","0.0","1","38","6.5","archive","-23.558","-46.635","2026-09-20T16:31:34.073018-03:00"
"2026-08-22 02:00:00","14.1","13.3","84","0.0","0.0","3","84","8.4","archive","-23.558","-46.635","2026-09-20T16:31:34.073018-03:00"
"2026-08-22 03:00:00","13.9","12.8","84","0.0","0.0","3","100","10.1","archive","-23.558","-46.635","2026-09-20T16:31:34.073018-03:00"
"2026-08-22 04:00:00","14.0","12.9","83","0.0","0.0","3","99","9.3","archive","-23.558","-46.635","2026-09-20T16:31:34.073018-03:00"
"2026-08-22 05:00:00","14.0","13.1","81","0.0","0.0","2","58","7.7","archive","-23.558","-46.635","2026-09-20T16:31:34.073018-03:00"
"2026-08-22 06:00:00","14.0","13.1","80","0.0","0.0","3","100","7.6","archive","-23.558","-46.635","2026-09-20T16:31:34.073018-03:00"
"2026-08-22 07:00:00","14.1","13.1","79","0.0","0.0","3","100","7.6","archive","-23.558","-46.635","2026-09-20T16:31:34.073018-03:00"
"2026-08-22 08:00:00","14.9","13.8","74","0.0","0.0","3","100","8.0","archive","-23.558","-46.635","2026-09-20T16:31:34.073018-03:00"
"2026-08-22 09:00:00","16.5","15.5","67","0.0","0.0","2","79","7.4","archive","-23.558","-46.635","2026-09-20T16:31:34.073018-03:00"
"2026-08-22 10:00:00","17.9","17.0","57","0.0","0.0","1","42","5.0","archive","-23.558","-46.635","2026-09-20T16:31:34.073018-03:00"
"2026-08-22 11:00:00","19.2","18.6","52","0.0","0.0","0","4","3.6","archive","-23.558","-46.635","2026-09-20T16:31:34.073018-03:00"
"2026-08-22 12:00:00","20.5","21.0","46","0.0","0.0","0","8","2.9","archive","-23.558","-46.635","2026-09-20T16:31:34.073018-03:00"
"2026-08-22 13:00:00","21.8","22.5","41","0.0","0.0","0","9","3.2","archive","-23.558","-46.635","2026-09-20T16:31:34.073018-03:00"
"2026-08-22 14:00:00","22.7","22.8","36","0.0","0.0","0","4","3.9","archive","-23.558","-46.635","2026-09-20T16:31:34.073018-03:00"
"2026-08-22 15:00:00","22.9","21.8","37","0.0","0.0","0","5","6.7","archive","-23.558","-46.635","2026-09-20T16:31:34.073018-03:00"
"2026-08-22 16:00:00","21.4","20.0","49","0.0","0.0","0","1","10.1","archive","-23.558","-46.635","2026-09-20T16:31:34.073018-03:00"
"2026-08-22 17:00:00","18.4","17.4","70","0.0","0.0","0","5","12.3","archive","-23.558","-46.635","2026-09-20T16:31:34.073018-03:00"
"2026-08-22 18:00:00","16.4","15.8","79","0.0","0.0","2","56","9.7","archive","-23.558","-46.635","2026-09-20T16:31:34.073018-03:00"
"2026-08-22 19:00:00","15.3","14.5","83","0.0","0.0","3","100","10.4","archive","-23.558","-46.635","2026-09-20T16:31:34.073018-03:00"
"2026-08-22 20:00:00","14.9","14.3","83","0.0","0.0","3","100","8.6","archive","-23.558","-46.635","2026-09-20T16:31:34.073018-03:00"
"2026-08-22 21:00:00","14.7","14.1","81","0.0","0.0","3","100","7.4","archive","-23.558","-46.635","2026-09-20T16:31:34.073018-03:00"
"2026-08-22 22:00:00","14.6","13.9","80","0.0","0.0","3","100","7.4","archive","-23.558","-46.635","2026-09-20T16:31:34.073018-03:00"
"2026-08-22 23:00:00","14.4","13.6","80","0.0","0.0","3","100","7.6","archive","-23.558","-46.635","2026-09-20T16:31:34.073018-03:00"
"2026-08-23 00:00:00","14.1","13.3","82","0.0","0.0","3","100","7.4","archive","-23.558","-46.635","2026-09-20T16:31:34.073018-03:00"
"2026-08-23 01:00:00","13.6","12.8","84","0.0","0.0","3","100","7.4","archive","-23.558","-46.635","2026-09-20T16:31:34.073018-03:00"
"2026-08-23 02:00:00","13.3","12.5","85","0.0","0.0","1","28","7.3","archive","-23.558","-46.635","2026-09-20T16:31:34.073018-03:00"
"2026-08-23 03:00:00","13.4","12.6","86","0.0","0.0","2","58","7.2","archive","-23.558","-46.635","2026-09-20T16:31:34.073018-03:00"
"2026-08-23 04:00:00","13.3","12.4","86","0.0","0.0","3","100","7.8","archive","-23.558","-46.635","2026-09-20T16:31:34.073018-03:00"
"2026-08-23 05:00:00","13.3","12.3","88","0.0","0.0","3","100","8.9","archive","-23.558","-46.635","2026-09-20T16:31:34.073018-03:00"
"2026-08-23 06:00:00","13.4","12.5","87","0.0","0.0","3","100","8.5","archive","-23.558","-46.635","2026-09-20T16:31:34.073018-03:00"
"2026-08-23 07:00:00","13.6","12.8","84","0.0","0.0","3","100","7.4","archive","-23.558","-46.635","2026-09-20T16:31:34.073018-03:00"
"2026-08-23 08:00:00","14.2","13.5","79","0.0","0.0","2","55","6.3","archive","-23.558","-46.635","2026-09-20T16:31:34.073018-03:00"
"2026-08-23 09:00:00","16.1","15.3","70","0.0","0.0","1","41","6.7","archive","-23.558","-46.635","2026-09-20T16:31:34.073018-03:00"
"2026-08-23 10:00:00","18.0","17.6","61","0.0","0.0","1","22","3.4","archive","-23.558","-46.635","2026-09-20T16:31:34.073018-03:00"
"2026-08-23 11:00:00","20.0","20.6","51","0.0","0.0","0","13","2.0","archive","-23.558","-46.635","2026-09-20T16:31:34.073018-03:00"
"2026-08-23 12:00:00","21.7","22.6","42","0.0","0.0","0","0","2.7","archive","-23.558","-46.635","2026-09-20T16:31:34.073018-03:00"
"2026-08-23 13:00:00","22.7","23.1","37","0.0","0.0","0","0","4.7","archive","-23.558","-46.635","2026-09-20T16:31:34.073018-03:00"
"2026-08-23 14:00:00","23.5","23.4","34","0.0","0.0","0","0","5.4","archive","-23.558","-46.635","2026-09-20T16:31:34.073018-03:00"
"2026-08-23 15:00:00","23.9","22.9","37","0.0","0.0","0","2","7.6","archive","-23.558","-46.635","2026-09-20T16:31:34.073018-03:00"
"2026-08-23 16:00:00","19.9","18.5","65","0.0","0.0","1","20","16.3","archive","-23.558","-46.635","2026-09-20T16:31:34.073018-03:00"
"2026-08-23 17:00:00","18.4","17.5","68","0.0","0.0","1","23","11.7","archive","-23.558","-46.635","2026-09-20T16:31:34.073018-03:00"
"2026-08-23 18:00:00","16.9","16.0","77","0.0","0.0","2","51","12.2","archive","-23.558","-46.635","2026-09-20T16:31:34.073018-03:00"
"2026-08-23 19:00:00","16.2","15.2","79","0.0","0.0","3","100","11.8","archive","-23.558","-46.635","2026-09-20T16:31:34.073018-03:00"
"2026-08-23 20:00:00","15.8","14.8","80","0.0","0.0","3","100","11.1","archive","-23.558","-46.635","2026-09-20T16:31:34.073018-03:00"
"2026-08-23 21:00:00","15.8","15.0","79","0.0","0.0","3","100","10.4","archive","-23.558","-46.635","2026-09-20T16:31:34.073018-03:00"
"2026-08-23 22:00:00","15.6","14.8","80","0.0","0.0","3","100","10.1","archive","-23.558","-46.635","2026-09-20T16:31:34.073018-03:00"
"2026-08-23 23:00:00","15.5","14.6","80","0.0","0.0","3","99","10.2","archive","-23.558","-46.635","2026-09-20T16:31:34.073018-03:00"
"2026-08-24 00:00:00","15.6","14.6","79","0.1","0.1","51","86","10.8","archive","-23.558","-46.635","2026-09-20T16:31:34.073018-03:00"
"2026-08-24 01:00:00","15.6","14.7","79","0.0","0.0","3","88","10.3","archive","-23.558","-46.635","2026-09-20T16:31:34.073018-03:00"
"2026-08-24 02:00:00","15.5","14.7","79","0.0","0.0","2","72","9.2","archive","-23.558","-46.635","2026-09-20T16:31:34.073018-03:00"
"2026-08-24 03:00:00","14.9","14.2","83","0.0","0.0","3","100","9.4","archive","-23.558","-46.635","2026-09-20T16:31:34.073018-03:00"
"2026-08-24 04:00:00","14.9","14.0","82","0.0","0.0","3","94","10.2","archive","-23.558","-46.635","2026-09-20T16:31:34.073018-03:00"
"2026-08-24 05:00:00","14.8","13.8","82","0.0","0.0","2","52","10.2","archive","-23.558","-46.635","2026-09-20T16:31:34.073018-03:00"
"2026-08-24 06:00:00","14.8","13.9","84","0.0","0.0","3","81","10.1","archive","-23.558","-46.635","2026-09-20T16:31:34.073018-03:00"
"2026-08-24 07:00:00","14.9","14.1","85","0.0","0.0","2","79","10.1","archive","-23.558","-46.635","2026-09-20T16:31:34.073018-03:00"
"2026-08-24 08:00:00","15.6","14.8","82","0.0","0.0","2","70","10.8","archive","-23.558","-46.635","2026-09-20T16:31:34.073018-03:00"
"2026-08-24 09:00:00","17.0","16.1","74","0.1","0.1","51","88","10.5","archive","-23.558","-46.635","2026-09-20T16:31:34.073018-03:00"
"2026-08-24 10:00:00","18.3","17.3","66","0.1","0.1","51","100","11.1","archive","-23.558","-46.635","2026-09-20T16:31:34.073018-03:00"
"2026-08-24 11:00:00","19.3","18.2","62","0.0","0.0","3","97","10.8","archive","-23.558","-46.635","2026-09-20T16:31:34.073018-03:00"
"2026-08-24 12:00:00","19.4","18.6","64","0.1","0.1","51","100","10.7","archive","-23.558","-46.635","2026-09-20T16:31:34.073018-03:00"
"2026-08-24 13:00:00","18.2","17.1","71","0.0","0.0","3","100","12.8","archive","-23.558","-46.635","2026-09-20T16:31:34.073018-03:00"
"2026-08-24 14:00:00","17.3","16.2","72","0.0","0.0","3","100","12.1","archive","-23.558","-46.635","2026-09-20T16:31:34.073018-03:00"
"2026-08-24 15:00:00","16.3","15.0","75","0.0","0.0","3","100","12.0","archive","-23.558","-46.635","2026-09-20T16:31:34.073018-03:00"
"2026-08-24 16:00:00","15.7","14.3","77","0.0","0.0","3","100","13.4","archive","-23.558","-46.635","2026-09-20T16:31:34.073018-03:00"
"2026-08-24 17:00:00","15.0","13.7","81","0.0","0.0","3","100","12.7","archive","-23.558","-46.635","2026-09-20T16:31:34.073018-03:00"
"2026-08-24 18:00:00","14.4","13.3","85","0.0","0.0","3","100","11.5","archive","-23.558","-46.635","2026-09-20T16:31:34.073018-03:00"
"2026-08-24 19:00:00","14.1","12.9","87","0.0","0.0","3","100","11.8","archive","-23.558","-46.635","2026-09-20T16:31:34.073018-03:00"
"2026-08-24 20:00:00","13.8","12.8","89","0.0","0.0","3","100","11.2","archive","-23.558","-46.635","2026-09-20T16:31:34.073018-03:00"
"2026-08-24 21:00:00","14.0","12.7","86","0.0","0.0","3","100","12.0","archive","-23.558","-46.635","2026-09-20T16:31:34.073018-03:00"
"2026-08-24 22:00:00","13.9","12.8","87","0.0","0.0","3","100","11.0","archive","-23.558","-46.635","2026-09-20T16:31:34.073018-03:00"
"2026-08-24 23:00:00","13.9","12.9","87","0.0","0.0","3","100","10.5","archive","-23.558","-46.635","2026-09-20T16:31:34.073018-03:00"
"2026-08-25 00:00:00","14.0","12.9","87","0.0","0.0","3","100","10.7","archive","-23.558","-46.635","2026-09-20T16:31:34.073018-03:00"
"2026-08-25 01:00:00","14.0","13.2","87","0.0","0.0","3","100","9.4","archive","-23.558","-46.635","2026-09-20T16:31:34.073018-03:00"
"2026-08-25 02:00:00","14.0","13.3","87","0.0","0.0","3","100","9.0","archive","-23.558","-46.635","2026-09-20T16:31:34.073018-03:00"
"2026-08-25 03:00:00","14.1","13.4","88","0.0","0.0","3","100","9.2","archive","-23.558","-46.635","2026-09-20T16:31:34.073018-03:00"
"2026-08-25 04:00:00","14.0","13.5","89","0.0","0.0","3","100","7.9","archive","-23.558","-46.635","2026-09-20T16:31:34.073018-03:00"
"2026-08-25 05:00:00","13.9","13.4","89","0.0","0.0","3","100","8.0","archive","-23.558","-46.635","2026-09-20T16:31:34.073018-03:00"
"2026-08-25 06:00:00","14.1","13.6","89","0.0","0.0","3","100","7.9","archive","-23.558","-46.635","2026-09-20T16:31:34.073018-03:00"
"2026-08-25 07:00:00","14.2","13.8","89","0.0","0.0","3","100","7.6","archive","-23.558","-46.635","2026-09-20T16:31:34.073018-03:00"
"2026-08-25 08:00:00","14.8","14.4","85","0.0","0.0","3","100","7.8","archive","-23.558","-46.635","2026-09-20T16:31:34.073018-03:00"
"2026-08-25 09:00:00","15.6","15.1","82","0.0","0.0","3","100","8.6","archive","-23.558","-46.635","2026-09-20T16:31:34.073018-03:00"
"2026-08-25 10:00:00","16.6","16.3","77","0.0","0.0","3","100","7.3","archive","-23.558","-46.635","2026-09-20T16:31:34.073018-03:00"
"2026-08-25 11:00:00","18.4","18.6","70","0.0","0.0","3","98","4.1","archive","-23.558","-46.635","2026-09-20T16:31:34.073018-03:00"
"2026-08-25 12:00:00","20.7","21.6","61","0.0","0.0","3","100","1.2","archive","-23.558","-46.635","2026-09-20T16:31:34.073018-03:00"
"2026-08-25 13:00:00","20.8","21.2","60","0.0","0.0","3","100","2.5","archive","-23.558","-46.635","2026-09-20T16:31:34.073018-03:00"
"2026-08-25 14:00:00","20.6","20.6","61","0.0","0.0","3","100","5.3","archive","-23.558","-46.635","2026-09-20T16:31:34.073018-03:00"
"2026-08-25 15:00:00","19.2","19.6","69","0.0","0.0","3","100","4.5","archive","-23.558","-46.635","2026-09-20T16:31:34.073018-03:00"
"2026-08-25 16:00:00","18.5","19.1","75","0.0","0.0","3","100","4.7","archive","-23.558","-46.635","2026-09-20T16:31:34.073018-03:00"
"2026-08-25 17:00:00","17.9","18.5","80","0.2","0.2","51","100","5.2","archive","-23.558","-46.635","2026-09-20T16:31:34.073018-03:00"
"2026-08-25 18:00:00","17.2","17.8","84","0.1","0.1","51","99","6.0","archive","-23.558","-46.635","2026-09-20T16:31:34.073018-03:00"
"2026-08-25 19:00:00","16.7","17.3","87","0.0","0.0","3","100","5.9","archive","-23.558","-46.635","2026-09-20T16:31:34.073018-03:00"
"2026-08-25 20:00:00","16.4","17.3","88","0.0","0.0","3","100","3.8","archive","-23.558","-46.635","2026-09-20T16:31:34.073018-03:00"
"2026-08-25 21:00:00","16.1","17.2","91","0.1","0.1","51","100","2.7","archive","-23.558","-46.635","2026-09-20T16:31:34.073018-03:00"
"2026-08-25 22:00:00","15.8","17.1","93","0.0","0.0","3","100","1.9","archive","-23.558","-46.635","2026-09-20T16:31:34.073018-03:00"
"2026-08-25 23:00:00","15.8","17.1","93","0.0","0.0","3","100","1.5","archive","-23.558","-46.635","2026-09-20T16:31:34.073018-03:00"
"2026-08-26 00:00:00","15.6","16.8","94","0.0","0.0","3","95","2.2","archive","-23.558","-46.635","2026-09-20T16:31:34.073018-03:00"
"2026-08-26 01:00:00","14.9","16.0","97","0.0","0.0","3","98","2.2","archive","-23.558","-46.635","2026-09-20T16:31:34.073018-03:00"
"2026-08-26 02:00:00","14.9","16.1","98","0.0","0.0","3","100","2.3","archive","-23.558","-46.635","2026-09-20T16:31:34.073018-03:00"
"2026-08-26 03:00:00","15.0","16.1","98","0.0","0.0","3","100","2.9","archive","-23.558","-46.635","2026-09-20T16:31:34.073018-03:00"
"2026-08-26 04:00:00","15.0","16.1","97","0.0","0.0","3","100","2.2","archive","-23.558","-46.635","2026-09-20T16:31:34.073018-03:00"
"2026-08-26 05:00:00","15.1","16.0","97","0.0","0.0","3","100","3.6","archive","-23.558","-46.635","2026-09-20T16:31:34.073018-03:00"
"2026-08-26 06:00:00","15.1","16.3","97","0.0","0.0","3","100","1.8","archive","-23.558","-46.635","2026-09-20T16:31:34.073018-03:00"
"2026-08-26 07:00:00","15.0","16.3","97","0.0","0.0","3","100","1.5","archive","-23.558","-46.635","2026-09-20T16:31:34.073018-03:00"
"2026-08-26 08:00:00","15.4","16.5","94","0.0","0.0","3","100","2.3","archive","-23.558","-46.635","2026-09-20T16:31:34.073018-03:00"
"2026-08-26 09:00:00","17.2","18.5","86","0.0","0.0","3","100","1.5","archive","-23.558","-46.635","2026-09-20T16:31:34.073018-03:00"
"2026-08-26 10:00:00","19.5","20.6","72","0.0","0.0","3","99","2.7","archive","-23.558","-46.635","2026-09-20T16:31:34.073018-03:00"
"2026-08-26 11:00:00","21.1","22.2","66","0.0","0.0","3","100","3.5","archive","-23.558","-46.635","2026-09-20T16:31:34.073018-03:00"
"2026-08-26 12:00:00","21.6","22.0","62","0.0","0.0","3","100","5.4","archive","-23.558","-46.635","2026-09-20T16:31:34.073018-03:00"
"2026-08-26 13:00:00","22.0","22.5","60","0.0","0.0","3","100","5.6","archive","-23.558","-46.635","2026-09-20T16:31:34.073018-03:00"
"2026-08-26 14:00:00","23.1","23.3","56","0.0","0.0","3","100","6.6","archive","-23.558","-46.635","2026-09-20T16:31:34.073018-03:00"
"2026-08-26 15:00:00","23.8","23.6","51","0.0","0.0","3","100","7.4","archive","-23.558","-46.635","2026-09-20T16:31:34.073018-03:00"
"2026-08-26 16:00:00","23.3","22.6","52","0.3","0.3","51","100","10.6","archive","-23.558","-46.635","2026-09-20T16:31:34.073018-03:00"
"2026-08-26 17:00:00","22.5","21.9","55","0.2","0.2","51","100","10.4","archive","-23.558","-46.635","2026-09-20T16:31:34.073018-03:00"
"2026-08-26 18:00:00","21.1","21.0","64","0.1","0.1","51","100","9.2","archive","-23.558","-46.635","2026-09-20T16:31:34.073018-03:00"
"2026-08-26 19:00:00","20.3","21.0","72","0.0","0.0","3","100","6.6","archive","-23.558","-46.635","2026-09-20T16:31:34.073018-03:00"
"2026-08-26 20:00:00","19.8","21.2","76","0.0","0.0","3","100","3.1","archive","-23.558","-46.635","2026-09-20T16:31:34.073018-03:00"
"2026-08-26 21:00:00","19.6","21.2","77","0.0","0.0","3","100","1.8","archive","-23.558","-46.635","2026-09-20T16:31:34.073018-03:00"
"2026-08-26 22:00:00","19.2","21.0","80","0.0","0.0","3","100","1.0","archive","-23.558","-46.635","2026-09-20T16:31:34.073018-03:00"
"2026-08-26 23:00:00","19.1","20.6","80","0.0","0.0","3","100","2.7","archive","-23.558","-46.635","2026-09-20T16:31:34.073018-03:00"
"2026-08-27 00:00:00","18.6","19.9","82","0.0","0.0","3","100","3.3","archive","-23.558","-46.635","2026-09-20T16:31:34.073018-03:00"
"2026-08-27 01:00:00","18.4","19.3","81","0.1","0.1","51","100","4.9","archive","-23.558","-46.635","2026-09-20T16:31:34.073018-03:00"
"2026-08-27 02:00:00","18.0","18.6","82","0.1","0.1","51","100","6.1","archive","-23.558","-46.635","2026-09-20T16:31:34.073018-03:00"
"2026-08-27 03:00:00","18.0","18.9","85","0.2","0.2","51","100","6.0","archive","-23.558","-46.635","2026-09-20T16:31:34.073018-03:00"
"2026-08-27 04:00:00","17.5","18.8","88","0.4","0.4","51","100","3.8","archive","-23.558","-46.635","2026-09-20T16:31:34.073018-03:00"
"2026-08-27 05:00:00","17.1","18.5","91","0.1","0.1","51","68","3.1","archive","-23.558","-46.635","2026-09-20T16:31:34.073018-03:00"
"2026-08-27 06:00:00","16.4","18.0","93","0.0","0.0","2","74","1.5","archive","-23.558","-46.635","2026-09-20T16:31:34.073018-03:00"
"2026-08-27 07:00:00","16.6","18.2","93","0.0","0.0","1","34","1.5","archive","-23.558","-46.635","2026-09-20T16:31:34.073018-03:00"
"2026-08-27 08:00:00","18.0","19.6","88","0.0","0.0","0","2","3.1","archive","-23.558","-46.635","2026-09-20T16:31:34.073018-03:00"
"2026-08-27 09:00:00","19.6","20.5","79","0.0","0.0","1","27","7.7","archive","-23.558","-46.635","2026-09-20T16:31:34.073018-03:00"
"2026-08-27 10:00:00","21.4","22.0","69","0.0","0.0","0","10","8.9","archive","-23.558","-46.635","2026-09-20T16:31:34.073018-03:00"
"2026-08-27 11:00:00","23.2","24.7","61","0.0","0.0","0","3","8.4","archive","-23.558","-46.635","2026-09-20T16:31:34.073018-03:00"
"2026-08-27 12:00:00","25.0","27.1","51","0.0","0.0","0","9","6.3","archive","-23.558","-46.635","2026-09-20T16:31:34.073018-03:00"
"2026-08-27 13:00:00","26.3","28.4","46","0.0","0.0","1","20","5.2","archive","-23.558","-46.635","2026-09-20T16:31:34.073018-03:00"
"2026-08-27 14:00:00","27.0","28.7","44","0.0","0.0","0","12","4.3","archive","-23.558","-46.635","2026-09-20T16:31:34.073018-03:00"
"2026-08-27 15:00:00","27.2","27.5","40","0.0","0.0","1","23","4.6","archive","-23.558","-46.635","2026-09-20T16:31:34.073018-03:00"
"2026-08-27 16:00:00","27.1","26.9","40","0.0","0.0","1","23","5.5","archive","-23.558","-46.635","2026-09-20T16:31:34.073018-03:00"
"2026-08-27 17:00:00","26.5","26.3","41","0.0","0.0","0","15","5.9","archive","-23.558","-46.635","2026-09-20T16:31:34.073018-03:00"
"2026-08-27 18:00:00","25.3","25.6","49","0.0","0.0","0","18","5.6","archive","-23.558","-46.635","2026-09-20T16:31:34.073018-03:00"
"2026-08-27 19:00:00","24.4","24.7","51","0.0","0.0","1","41","5.8","archive","-23.558","-46.635","2026-09-20T16:31:34.073018-03:00"
"2026-08-27 20:00:00","23.1","23.6","58","0.0","0.0","1","44","6.0","archive","-23.558","-46.635","2026-09-20T16:31:34.073018-03:00"
"2026-08-27 21:00:00","22.2","23.4","68","0.0","0.0","0","5","5.9","archive","-23.558","-46.635","2026-09-20T16:31:34.073018-03:00"
"2026-08-27 22:00:00","21.1","21.8","72","0.0","0.0","0","12","8.4","archive","-23.558","-46.635","2026-09-20T16:31:34.073018-03:00"
"2026-08-27 23:00:00","20.0","20.7","76","0.0","0.0","0","2","7.7","archive","-23.558","-46.635","2026-09-20T16:31:34.073018-03:00"
"2026-08-28 00:00:00","19.2","20.0","80","0.0","0.0","0","2","7.4","archive","-23.558","-46.635","2026-09-20T16:31:34.073018-03:00"
"2026-08-28 01:00:00","18.6","19.5","82","0.0","0.0","0","0","6.7","archive","-23.558","-46.635","2026-09-20T16:31:34.073018-03:00"
"2026-08-28 02:00:00","18.2","19.1","82","0.0","0.0","0","1","5.7","archive","-23.558","-46.635","2026-09-20T16:31:34.073018-03:00"
"2026-08-28 03:00:00","18.2","19.0","80","0.0","0.0","0","8","4.9","archive","-23.558","-46.635","2026-09-20T16:31:34.073018-03:00"
"2026-08-28 04:00:00","17.9","18.3","78","0.0","0.0","0","8","5.5","archive","-23.558","-46.635","2026-09-20T16:31:34.073018-03:00"
"2026-08-28 05:00:00","17.3","17.8","79","0.0","0.0","0","0","5.0","archive","-23.558","-46.635","2026-09-20T16:31:34.073018-03:00"
"2026-08-28 06:00:00","17.0","17.3","80","0.0","0.0","0","2","5.2","archive","-23.558","-46.635","2026-09-20T16:31:34.073018-03:00"
"2026-08-28 07:00:00","17.4","17.7","77","0.0","0.0","0","14","5.6","archive","-23.558","-46.635","2026-09-20T16:31:34.073018-03:00"
"2026-08-28 08:00:00","19.4","20.1","70","0.0","0.0","1","43","3.5","archive","-23.558","-46.635","2026-09-20T16:31:34.073018-03:00"
"2026-08-28 09:00:00","22.7","23.3","59","0.0","0.0","0","16","5.2","archive","-23.558","-46.635","2026-09-20T16:31:34.073018-03:00"
"2026-08-28 10:00:00","25.3","25.6","52","0.0","0.0","1","23","10.8","archive","-23.558","-46.635","2026-09-20T16:31:34.073018-03:00"
"2026-08-28 11:00:00","27.4","28.3","46","0.0","0.0","2","66","11.9","archive","-23.558","-46.635","2026-09-20T16:31:34.073018-03:00"
"2026-08-28 12:00:00","28.6","29.9","44","0.0","0.0","2","75","12.0","archive","-23.558","-46.635","2026-09-20T16:31:34.073018-03:00"
"2026-08-28 13:00:00","29.9","31.4","39","0.0","0.0","1","35","9.3","archive","-23.558","-46.635","2026-09-20T16:31:34.073018-03:00"
"2026-08-28 14:00:00","30.7","31.2","33","0.0","0.0","2","51","9.2","archive","-23.558","-46.635","2026-09-20T16:31:34.073018-03:00"
"2026-08-28 15:00:00","31.0","29.7","30","0.0","0.0","2","74","11.5","archive","-23.558","-46.635","2026-09-20T16:31:34.073018-03:00"
"2026-08-28 16:00:00","30.9","29.6","30","0.0","0.0","1","27","11.9","archive","-23.558","-46.635","2026-09-20T16:31:34.073018-03:00"
"2026-08-28 17:00:00","30.1","29.0","33","0.0","0.0","0","16","11.9","archive","-23.558","-46.635","2026-09-20T16:31:34.073018-03:00"
"2026-08-28 18:00:00","28.5","28.1","38","0.0","0.0","0","16","8.2","archive","-23.558","-46.635","2026-09-20T16:31:34.073018-03:00"
"2026-08-28 19:00:00","27.1","26.9","44","0.0","0.0","1","21","8.9","archive","-23.558","-46.635","2026-09-20T16:31:34.073018-03:00"
"2026-08-28 20:00:00","26.1","26.2","47","0.0","0.0","0","2","8.1","archive","-23.558","-46.635","2026-09-20T16:31:34.073018-03:00"
"2026-08-28 21:00:00","27.1","27.0","45","0.0","0.0","1","20","8.9","archive","-23.558","-46.635","2026-09-20T16:31:34.073018-03:00"
"2026-08-28 22:00:00","26.5","26.7","48","0.0","0.0","1","34","8.5","archive","-23.558","-46.635","2026-09-20T16:31:34.073018-03:00"
"2026-08-28 23:00:00","25.5","26.1","52","0.0","0.0","0","18","6.3","archive","-23.558","-46.635","2026-09-20T16:31:34.073018-03:00"
"2026-08-29 00:00:00","24.7","25.4","55","0.0","0.0","0","13","6.6","archive","-23.558","-46.635","2026-09-20T16:31:34.073018-03:00"
"2026-08-29 01:00:00","24.1","24.7","57","0.0","0.0","0","9","7.1","archive","-23.558","-46.635","2026-09-20T16:31:34.073018-03:00"
"2026-08-29 02:00:00","23.7","24.0","58","0.0","0.0","2","73","8.9","archive","-23.558","-46.635","2026-09-20T16:31:34.073018-03:00"
"2026-08-29 03:00:00","23.9","23.8","57","0.0","0.0","0","1","11.3","archive","-23.558","-46.635","2026-09-20T16:31:34.073018-03:00"
"2026-08-29 04:00:00","23.5","23.4","58","0.0","0.0","0","7","11.2","archive","-23.558","-46.635","2026-09-20T16:31:34.073018-03:00"
"2026-08-29 05:00:00","23.0","23.2","60","0.0","0.0","0","16","9.0","archive","-23.558","-46.635","2026-09-20T16:31:34.073018-03:00"
"2026-08-29 06:00:00","22.8","22.8","60","0.0","0.0","1","29","10.0","archive","-23.558","-46.635","2026-09-20T16:31:34.073018-03:00"
"2026-08-29 07:00:00","23.0","23.3","59","0.0","0.0","0","11","8.2","archive","-23.558","-46.635","2026-09-20T16:31:34.073018-03:00"
"2026-08-29 08:00:00","24.8","25.3","53","0.0","0.0","0","19","6.9","archive","-23.558","-46.635","2026-09-20T16:31:34.073018-03:00"
"2026-08-29 09:00:00","27.3","28.0","47","0.0","0.0","2","66","6.8","archive","-23.558","-46.635","2026-09-20T16:31:34.073018-03:00"
"2026-08-29 10:00:00","29.4","29.7","43","0.0","0.0","3","95","10.5","archive","-23.558","-46.635","2026-09-20T16:31:34.073018-03:00"
"2026-08-29 11:00:00","29.9","29.7","42","0.0","0.0","2","59","13.6","archive","-23.558","-46.635","2026-09-20T16:31:34.073018-03:00"
"2026-08-29 12:00:00","31.5","31.4","36","0.0","0.0","3","89","16.5","archive","-23.558","-46.635","2026-09-20T16:31:34.073018-03:00"
"2026-08-29 13:00:00","31.5","30.3","33","0.1","0.1","51","85","18.2","archive","-23.558","-46.635","2026-09-20T16:31:34.073018-03:00"
"2026-08-29 14:00:00","30.1","29.6","41","0.6","0.6","53","74","15.7","archive","-23.558","-46.635","2026-09-20T16:31:34.073018-03:00"
"2026-08-29 15:00:00","31.0","30.0","34","0.0","0.0","2","51","14.1","archive","-23.558","-46.635","2026-09-20T16:31:34.073018-03:00"
"2026-08-29 16:00:00","31.0","31.0","38","0.0","0.0","1","48","10.9","archive","-23.558","-46.635","2026-09-20T16:31:34.073018-03:00"
"2026-08-29 17:00:00","30.8","30.8","38","0.0","0.0","1","30","11.3","archive","-23.558","-46.635","2026-09-20T16:31:34.073018-03:00"
"2026-08-29 18:00:00","29.6","30.6","43","0.0","0.0","3","91","6.5","archive","-23.558","-46.635","2026-09-20T16:31:34.073018-03:00"
"2026-08-29 19:00:00","28.6","30.0","48","0.0","0.0","1","37","5.8","archive","-23.558","-46.635","2026-09-20T16:31:34.073018-03:00"
"2026-08-29 20:00:00","27.6","29.7","55","0.0","0.0","1","27","4.4","archive","-23.558","-46.635","2026-09-20T16:31:34.073018-03:00"
"2026-08-29 21:00:00","27.6","29.8","55","0.0","0.0","1","48","3.3","archive","-23.558","-46.635","2026-09-20T16:31:34.073018-03:00"
"2026-08-29 22:00:00","26.7","28.8","58","0.0","0.0","0","11","4.2","archive","-23.558","-46.635","2026-09-20T16:31:34.073018-03:00"
"2026-08-29 23:00:00","26.1","28.5","60","0.0","0.0","0","7","2.6","archive","-23.558","-46.635","2026-09-20T16:31:34.073018-03:00"
"2026-08-30 00:00:00","25.4","27.8","62","0.0","0.0","0","13","2.1","archive","-23.558","-46.635","2026-09-20T16:31:34.073018-03:00"
"2026-08-30 01:00:00","24.5","26.6","64","0.0","0.0","0","2","2.7","archive","-23.558","-46.635","2026-09-20T16:31:34.073018-03:00"
"2026-08-30 02:00:00","23.5","25.2","68","0.0","0.0","0","3","5.9","archive","-23.558","-46.635","2026-09-20T16:31:34.073018-03:00"
"2026-08-30 03:00:00","22.6","25.6","79","0.0","0.0","0","10","2.2","archive","-23.558","-46.635","2026-09-20T16:31:34.073018-03:00"
"2026-08-30 04:00:00","22.1","25.0","81","0.0","0.0","0","9","1.8","archive","-23.558","-46.635","2026-09-20T16:31:34.073018-03:00"
"2026-08-30 05:00:00","21.2","23.4","85","0.0","0.0","0","16","6.5","archive","-23.558","-46.635","2026-09-20T16:31:34.073018-03:00"
"2026-08-30 06:00:00","19.9","22.0","92","0.0","0.0","1","41","6.9","archive","-23.558","-46.635","2026-09-20T16:31:34.073018-03:00"
"2026-08-30 07:00:00","19.6","21.9","94","0.0","0.0","3","100","5.8","archive","-23.558","-46.635","2026-09-20T16:31:34.073018-03:00"
"2026-08-30 08:00:00","20.1","22.5","91","0.0","0.0","3","98","5.3","archive","-23.558","-46.635","2026-09-20T16:31:34.073018-03:00"
"2026-08-30 09:00:00","22.3","25.4","82","0.0","0.0","0","5","2.1","archive","-23.558","-46.635","2026-09-20T16:31:34.073018-03:00"
"2026-08-30 10:00:00","24.7","27.4","68","0.9","0.9","53","73","3.2","archive","-23.558","-46.635","2026-09-20T16:31:34.073018-03:00"
"2026-08-30 11:00:00","26.1","28.4","63","0.6","0.6","53","35","5.8","archive","-23.558","-46.635","2026-09-20T16:31:34.073018-03:00"
"2026-08-30 12:00:00","25.7","29.7","67","2.9","2.9","63","19","2.8","archive","-23.558","-46.635","2026-09-20T16:31:34.073018-03:00"
"2026-08-30 13:00:00","27.5","32.0","61","0.3","0.3","51","12","3.5","archive","-23.558","-46.635","2026-09-20T16:31:34.073018-03:00"
"2026-08-30 14:00:00","28.5","32.3","54","0.0","0.0","0","5","3.9","archive","-23.558","-46.635","2026-09-20T16:31:34.073018-03:00"
"2026-08-30 15:00:00","27.7","30.6","59","0.0","0.0","2","63","6.8","archive","-23.558","-46.635","2026-09-20T16:31:34.073018-03:00"
"2026-08-30 16:00:00","21.9","24.0","88","3.4","3.4","63","98","10.9","archive","-23.558","-46.635","2026-09-20T16:31:34.073018-03:00"
"2026-08-30 17:00:00","21.2","23.6","94","3.9","3.9","63","93","10.6","archive","-23.558","-46.635","2026-09-20T16:31:34.073018-03:00"
"2026-08-30 18:00:00","20.2","22.1","91","0.0","0.0","3","97","9.5","archive","-23.558","-46.635","2026-09-20T16:31:34.073018-03:00"
"2026-08-30 19:00:00","19.4","21.1","91","0.0","0.0","3","100","7.9","archive","-23.558","-46.635","2026-09-20T16:31:34.073018-03:00"
"2026-08-30 20:00:00","19.1","20.9","91","0.0","0.0","3","98","6.5","archive","-23.558","-46.635","2026-09-20T16:31:34.073018-03:00"
"2026-08-30 21:00:00","18.3","19.6","94","0.0","0.0","3","81","8.8","archive","-23.558","-46.635","2026-09-20T16:31:34.073018-03:00"
"2026-08-30 22:00:00","18.4","20.4","95","3.0","3.0","63","91","4.6","archive","-23.558","-46.635","2026-09-20T16:31:34.073018-03:00"
"2026-08-30 23:00:00","18.5","20.2","96","1.7","1.7","61","96","7.8","archive","-23.558","-46.635","2026-09-20T16:31:34.073018-03:00"
"2026-08-31 00:00:00","18.4","20.2","97","0.9","0.9","53","86","6.9","archive","-23.558","-46.635","2026-09-20T16:31:34.073018-03:00"
"2026-08-31 01:00:00","18.4","19.7","97","0.9","0.9","53","97","10.8","archive","-23.558","-46.635","2026-09-20T16:31:34.073018-03:00"
"2026-08-31 02:00:00","18.2","19.1","97","0.4","0.4","51","83","13.0","archive","-23.558","-46.635","2026-09-20T16:31:34.073018-03:00"
"2026-08-31 03:00:00","18.5","19.6","94","0.0","0.0","2","67","11.2","archive","-23.558","-46.635","2026-09-20T16:31:34.073018-03:00"
"2026-08-31 04:00:00","18.3","19.8","95","0.0","0.0","2","79","7.7","archive","-23.558","-46.635","2026-09-20T16:31:34.073018-03:00"
"2026-08-31 05:00:00","18.3","20.2","97","0.0","0.0","2","79","5.9","archive","-23.558","-46.635","2026-09-20T16:31:34.073018-03:00"
"2026-08-31 06:00:00","18.1","20.0","97","0.0","0.0","2","50","5.4","archive","-23.558","-46.635","2026-09-20T16:31:34.073018-03:00"
"2026-08-31 07:00:00","18.2","19.7","95","0.0","0.0","2","66","8.1","archive","-23.558","-46.635","2026-09-20T16:31:34.073018-03:00"
"2026-08-31 08:00:00","18.8","20.3","93","0.0","0.0","3","100","8.3","archive","-23.558","-46.635","2026-09-20T16:31:34.073018-03:00"
"2026-08-31 09:00:00","21.2","23.0","86","0.0","0.0","2","72","10.0","archive","-23.558","-46.635","2026-09-20T16:31:34.073018-03:00"
"2026-08-31 10:00:00","23.0","25.0","78","0.0","0.0","3","86","10.1","archive","-23.558","-46.635","2026-09-20T16:31:34.073018-03:00"
"2026-08-31 11:00:00","24.8","27.5","72","0.0","0.0","1","43","6.9","archive","-23.558","-46.635","2026-09-20T16:31:34.073018-03:00"
"2026-08-31 12:00:00","26.5","30.1","63","0.4","0.4","51","98","6.7","archive","-23.558","-46.635","2026-09-20T16:31:34.073018-03:00"
"2026-08-31 13:00:00","23.0","26.0","81","4.1","4.1","63","64","3.9","archive","-23.558","-46.635","2026-09-20T16:31:34.073018-03:00"
"2026-08-31 14:00:00","25.1","28.0","71","0.3","0.3","51","93","10.3","archive","-23.558","-46.635","2026-09-20T16:31:34.073018-03:00"
"2026-08-31 15:00:00","23.0","25.3","78","0.1","0.1","51","77","7.2","archive","-23.558","-46.635","2026-09-20T16:31:34.073018-03:00"
"2026-08-31 16:00:00","24.3","27.1","75","0.0","0.0","2","65","5.1","archive","-23.558","-46.635","2026-09-20T16:31:34.073018-03:00"
"2026-08-31 17:00:00","24.3","26.9","76","0.0","0.0","1","45","7.8","archive","-23.558","-46.635","2026-09-20T16:31:34.073018-03:00"
"2026-08-31 18:00:00","23.2","25.9","83","0.0","0.0","1","45","7.5","archive","-23.558","-46.635","2026-09-20T16:31:34.073018-03:00"
"2026-08-31 19:00:00","22.5","25.2","86","0.0","0.0","0","18","8.1","archive","-23.558","-46.635","2026-09-20T16:31:34.073018-03:00"
"2026-08-31 20:00:00","22.0","24.4","87","0.1","0.1","51","24","9.5","archive","-23.558","-46.635","2026-09-20T16:31:34.073018-03:00"
"2026-08-31 21:00:00","20.3","22.9","96","0.0","0.0","1","38","7.6","archive","-23.558","-46.635","2026-09-20T16:31:34.073018-03:00"
"2026-08-31 22:00:00","20.2","22.9","96","0.0","0.0","3","89","6.3","archive","-23.558","-46.635","2026-09-20T16:31:34.073018-03:00"
"2026-08-31 23:00:00","20.0","23.5","96","0.0","0.0","3","98","0.3","archive","-23.558","-46.635","2026-09-20T16:31:34.073018-03:00"
"2026-09-01 00:00:00","20.2","23.2","95","0.0","0.0","3","97","3.9","archive","-23.558","-46.635","2026-09-20T16:31:34.073018-03:00"
"2026-09-01 01:00:00","20.3","22.5","88","0.4","0.4","51","100","5.1","archive","-23.558","-46.635","2026-09-20T16:31:34.073018-03:00"
"2026-09-01 02:00:00","19.6","20.9","89","1.5","1.5","61","98","10.1","archive","-23.558","-46.635","2026-09-20T16:31:34.073018-03:00"
"2026-09-01 03:00:00","18.9","20.3","93","0.4","0.4","51","100","9.6","archive","-23.558","-46.635","2026-09-20T16:31:34.073018-03:00"
"2026-09-01 04:00:00","18.6","20.4","95","0.7","0.7","53","100","7.3","archive","-23.558","-46.635","2026-09-20T16:31:34.073018-03:00"
"2026-09-01 05:00:00","18.5","20.6","95","0.3","0.3","51","98","5.2","archive","-23.558","-46.635","2026-09-20T16:31:34.073018-03:00"
"2026-09-01 06:00:00","18.4","19.8","92","0.1","0.1","51","100","7.8","archive","-23.558","-46.635","2026-09-20T16:31:34.073018-03:00"
"2026-09-01 07:00:00","18.1","19.1","92","1.0","1.0","55","99","9.2","archive","-23.558","-46.635","2026-09-20T16:31:34.073018-03:00"
"2026-09-01 08:00:00","18.2","18.8","91","2.1","2.1","61","98","12.2","archive","-23.558","-46.635","2026-09-20T16:31:34.073018-03:00"
"2026-09-01 09:00:00","18.9","18.6","86","3.4","3.4","63","100","17.5","archive","-23.558","-46.635","2026-09-20T16:31:34.073018-03:00"
"2026-09-01 10:00:00","18.2","18.2","92","2.6","2.6","63","100","16.6","archive","-23.558","-46.635","2026-09-20T16:31:34.073018-03:00"
"2026-09-01 11:00:00","18.5","18.1","90","2.8","2.8","63","100","19.2","archive","-23.558","-46.635","2026-09-20T16:31:34.073018-03:00"
"2026-09-01 12:00:00","18.3","18.0","92","2.4","2.4","61","100","18.7","archive","-23.558","-46.635","2026-09-20T16:31:34.073018-03:00"
"2026-09-01 13:00:00","19.7","20.2","86","0.3","0.3","51","98","13.9","archive","-23.558","-46.635","2026-09-20T16:31:34.073018-03:00"
"2026-09-01 14:00:00","20.1","20.6","82","0.1","0.1","51","100","13.2","archive","-23.558","-46.635","2026-09-20T16:31:34.073018-03:00"
"2026-09-01 15:00:00","19.5","19.7","85","0.3","0.3","51","100","14.8","archive","-23.558","-46.635","2026-09-20T16:31:34.073018-03:00"
"2026-09-01 16:00:00","17.4","17.7","89","0.3","0.3","51","99","11.0","archive","-23.558","-46.635","2026-09-20T16:31:34.073018-03:00"
"2026-09-01 17:00:00","17.6","17.7","87","0.1","0.1","51","95","11.9","archive","-23.558","-46.635","2026-09-20T16:31:34.073018-03:00"
"2026-09-01 18:00:00","16.9","17.4","90","0.2","0.2","51","100","8.4","archive","-23.558","-46.635","2026-09-20T16:31:34.073018-03:00"
"2026-09-01 19:00:00","15.4","15.4","88","3.4","3.4","63","98","7.8","archive","-23.558","-46.635","2026-09-20T16:31:34.073018-03:00"
"2026-09-01 20:00:00","16.3","16.8","96","3.1","3.1","63","100","9.3","archive","-23.558","-46.635","2026-09-20T16:31:34.073018-03:00"
"2026-09-01 21:00:00","16.6","17.5","94","4.2","4.2","63","73","6.3","archive","-23.558","-46.635","2026-09-20T16:31:34.073018-03:00"
"2026-09-01 22:00:00","16.0","16.5","94","0.1","0.1","51","42","8.3","archive","-23.558","-46.635","2026-09-20T16:31:34.073018-03:00"
"2026-09-01 23:00:00","14.9","15.1","93","0.0","0.0","1","23","6.7","archive","-23.558","-46.635","2026-09-20T16:31:34.073018-03:00"
"2026-09-02 00:00:00","14.2","14.6","93","0.0","0.0","0","9","4.1","archive","-23.558","-46.635","2026-09-20T16:31:34.073018-03:00"
"2026-09-02 01:00:00","14.0","14.2","92","0.0","0.0","0","6","3.7","archive","-23.558","-46.635","2026-09-20T16:31:34.073018-03:00"
"2026-09-02 02:00:00","13.6","14.0","91","0.0","0.0","0","8","2.2","archive","-23.558","-46.635","2026-09-20T16:31:34.073018-03:00"
"2026-09-02 03:00:00","13.5","13.9","93","0.0","0.0","0","18","1.5","archive","-23.558","-46.635","2026-09-20T16:31:34.073018-03:00"
"2026-09-02 04:00:00","13.2","13.8","94","0.0","0.0","2","59","1.1","archive","-23.558","-46.635","2026-09-20T16:31:34.073018-03:00"
"2026-09-02 05:00:00","13.2","13.9","95","0.0","0.0","3","100","0.8","archive","-23.558","-46.635","2026-09-20T16:31:34.073018-03:00"
"2026-09-02 06:00:00","13.5","14.2","95","0.1","0.1","51","100","1.0","archive","-23.558","-46.635","2026-09-20T16:31:34.073018-03:00"
"2026-09-02 07:00:00","14.0","14.2","94","0.1","0.1","51","67","4.5","archive","-23.558","-46.635","2026-09-20T16:31:34.073018-03:00"
"2026-09-02 08:00:00","15.0","15.0","88","0.2","0.2","51","78","6.4","archive","-23.558","-46.635","2026-09-20T16:31:34.073018-03:00"
"2026-09-02 09:00:00","16.4","16.3","79","0.1","0.1","51","72","6.5","archive","-23.558","-46.635","2026-09-20T16:31:34.073018-03:00"
"2026-09-02 10:00:00","17.7","17.7","71","0.1","0.1","51","73","5.1","archive","-23.558","-46.635","2026-09-20T16:31:34.073018-03:00"
"2026-09-02 11:00:00","19.0","19.4","64","0.0","0.0","2","66","3.6","archive","-23.558","-46.635","2026-09-20T16:31:34.073018-03:00"
"2026-09-02 12:00:00","20.2","21.3","57","0.0","0.0","2","77","3.1","archive","-23.558","-46.635","2026-09-20T16:31:34.073018-03:00"
"2026-09-02 13:00:00","21.0","21.9","52","0.0","0.0","3","81","4.0","archive","-23.558","-46.635","2026-09-20T16:31:34.073018-03:00"
"2026-09-02 14:00:00","21.2","21.4","52","0.0","0.0","2","66","6.5","archive","-23.558","-46.635","2026-09-20T16:31:34.073018-03:00"
"2026-09-02 15:00:00","20.0","19.7","63","0.0","0.0","0","8","9.8","archive","-23.558","-46.635","2026-09-20T16:31:34.073018-03:00"
"2026-09-02 16:00:00","18.9","18.3","70","0.0","0.0","1","27","11.5","archive","-23.558","-46.635","2026-09-20T16:31:34.073018-03:00"
"2026-09-02 17:00:00","17.4","16.8","78","0.0","0.0","1","32","12.0","archive","-23.558","-46.635","2026-09-20T16:31:34.073018-03:00"
"2026-09-02 18:00:00","16.0","15.7","83","0.0","0.0","1","21","8.7","archive","-23.558","-46.635","2026-09-20T16:31:34.073018-03:00"
"2026-09-02 19:00:00","15.4","15.2","86","0.0","0.0","0","12","8.0","archive","-23.558","-46.635","2026-09-20T16:31:34.073018-03:00"
"2026-09-02 20:00:00","14.6","14.4","89","0.0","0.0","0","16","7.6","archive","-23.558","-46.635","2026-09-20T16:31:34.073018-03:00"
"2026-09-02 21:00:00","14.3","14.4","92","0.0","0.0","1","27","6.0","archive","-23.558","-46.635","2026-09-20T16:31:34.073018-03:00"
"2026-09-02 22:00:00","13.8","13.7","94","0.0","0.0","3","85","7.1","archive","-23.558","-46.635","2026-09-20T16:31:34.073018-03:00"
"2026-09-02 23:00:00","13.4","13.2","94","0.0","0.0","3","96","6.9","archive","-23.558","-46.635","2026-09-20T16:31:34.073018-03:00"
"2026-09-03 00:00:00","12.8","12.4","95","0.0","0.0","2","53","7.0","archive","-23.558","-46.635","2026-09-20T16:31:34.073018-03:00"
"2026-09-03 01:00:00","12.7","12.2","96","0.0","0.0","3","100","7.2","archive","-23.558","-46.635","2026-09-20T16:31:34.073018-03:00"
"2026-09-03 02:00:00","12.4","11.8","98","0.0","0.0","3","100","8.1","archive","-23.558","-46.635","2026-09-20T16:31:34.073018-03:00"
"2026-09-03 03:00:00","11.8","11.3","100","0.0","0.0","3","100","7.4","archive","-23.558","-46.635","2026-09-20T16:31:34.073018-03:00"
"2026-09-03 04:00:00","11.8","11.1","99","0.0","0.0","3","100","7.6","archive","-23.558","-46.635","2026-09-20T16:31:34.073018-03:00"
"2026-09-03 05:00:00","11.9","11.1","99","0.0","0.0","3","100","9.3","archive","-23.558","-46.635","2026-09-20T16:31:34.073018-03:00"
"2026-09-03 06:00:00","12.1","11.3","97","0.0","0.0","3","100","9.1","archive","-23.558","-46.635","2026-09-20T16:31:34.073018-03:00"
"2026-09-03 07:00:00","12.2","11.5","97","0.0","0.0","3","100","8.5","archive","-23.558","-46.635","2026-09-20T16:31:34.073018-03:00"
"2026-09-03 08:00:00","13.3","12.6","91","0.0","0.0","2","51","8.3","archive","-23.558","-46.635","2026-09-20T16:31:34.073018-03:00"
"2026-09-03 09:00:00","16.1","16.0","82","0.0","0.0","0","3","6.8","archive","-23.558","-46.635","2026-09-20T16:31:34.073018-03:00"
"2026-09-03 10:00:00","18.6","19.7","74","0.0","0.0","0","1","5.0","archive","-23.558","-46.635","2026-09-20T16:31:34.073018-03:00"
"2026-09-03 11:00:00","21.5","23.7","64","0.0","0.0","0","0","5.0","archive","-23.558","-46.635","2026-09-20T16:31:34.073018-03:00"
"2026-09-03 12:00:00","24.2","25.1","49","0.0","0.0","0","0","11.9","archive","-23.558","-46.635","2026-09-20T16:31:34.073018-03:00"
"2026-09-03 13:00:00","24.7","25.8","49","0.0","0.0","0","0","12.5","archive","-23.558","-46.635","2026-09-20T16:31:34.073018-03:00"
"2026-09-03 14:00:00","25.6","26.1","44","0.0","0.0","0","0","11.4","archive","-23.558","-46.635","2026-09-20T16:31:34.073018-03:00"
"2026-09-03 15:00:00","26.2","25.9","39","0.0","0.0","0","0","9.3","archive","-23.558","-46.635","2026-09-20T16:31:34.073018-03:00"
"2026-09-03 16:00:00","25.9","24.9","39","0.0","0.0","0","0","8.1","archive","-23.558","-46.635","2026-09-20T16:31:34.073018-03:00"
"2026-09-03 17:00:00","24.6","24.8","48","0.0","0.0","0","0","5.4","archive","-23.558","-46.635","2026-09-20T16:31:34.073018-03:00"
"2026-09-03 18:00:00","22.6","23.2","58","0.0","0.0","0","0","4.2","archive","-23.558","-46.635","2026-09-20T16:31:34.073018-03:00"
"2026-09-03 19:00:00","21.3","22.3","66","0.0","0.0","0","0","3.5","archive","-23.558","-46.635","2026-09-20T16:31:34.073018-03:00"
"2026-09-03 20:00:00","20.2","21.5","72","0.0","0.0","0","0","2.5","archive","-23.558","-46.635","2026-09-20T16:31:34.073018-03:00"
"2026-09-03 21:00:00","20.0","21.5","73","0.0","0.0","0","0","1.1","archive","-23.558","-46.635","2026-09-20T16:31:34.073018-03:00"
"2026-09-03 22:00:00","18.8","19.8","79","0.0","0.0","0","0","4.0","archive","-23.558","-46.635","2026-09-20T16:31:34.073018-03:00"
"2026-09-03 23:00:00","17.9","18.5","82","0.0","0.0","0","0","6.2","archive","-23.558","-46.635","2026-09-20T16:31:34.073018-03:00"
"2026-09-04 00:00:00","17.6","17.9","79","0.0","0.0","0","0","7.0","archive","-23.558","-46.635","2026-09-20T16:31:34.073018-03:00"
"2026-09-04 01:00:00","17.3","17.3","75","0.0","0.0","0","0","5.8","archive","-23.558","-46.635","2026-09-20T16:31:34.073018-03:00"
"2026-09-04 02:00:00","16.8","17.0","74","0.0","0.0","0","0","3.2","archive","-23.558","-46.635","2026-09-20T16:31:34.073018-03:00"
"2026-09-04 03:00:00","16.1","15.9","76","0.0","0.0","0","0","5.0","archive","-23.558","-46.635","2026-09-20T16:31:34.073018-03:00"
"2026-09-04 04:00:00","15.9","15.5","76","0.0","0.0","0","0","6.0","archive","-23.558","-46.635","2026-09-20T16:31:34.073018-03:00"
"2026-09-04 05:00:00","16.1","15.5","75","0.0","0.0","0","2","7.3","archive","-23.558","-46.635","2026-09-20T16:31:34.073018-03:00"
"2026-09-04 06:00:00","16.1","15.7","75","0.0","0.0","1","30","6.4","archive","-23.558","-46.635","2026-09-20T16:31:34.073018-03:00"
"2026-09-04 07:00:00","17.3","16.7","71","0.0","0.0","1","45","8.2","archive","-23.558","-46.635","2026-09-20T16:31:34.073018-03:00"
"2026-09-04 08:00:00","18.9","18.8","70","0.0","0.0","1","28","7.9","archive","-23.558","-46.635","2026-09-20T16:31:34.073018-03:00"
"2026-09-04 09:00:00","21.2","22.3","66","0.0","0.0","1","20","2.5","archive","-23.558","-46.635","2026-09-20T16:31:34.073018-03:00"
"2026-09-04 10:00:00","23.9","24.8","58","0.0","0.0","1","22","7.4","archive","-23.558","-46.635","2026-09-20T16:31:34.073018-03:00"
"2026-09-04 11:00:00","25.5","26.5","51","0.0","0.0","0","3","9.6","archive","-23.558","-46.635","2026-09-20T16:31:34.073018-03:00"
"2026-09-04 12:00:00","26.9","28.1","43","0.0","0.0","1","31","8.8","archive","-23.558","-46.635","2026-09-20T16:31:34.073018-03:00"
"2026-09-04 13:00:00","27.4","27.3","35","0.0","0.0","1","26","8.4","archive","-23.558","-46.635","2026-09-20T16:31:34.073018-03:00"
"2026-09-04 14:00:00","27.5","27.1","31","0.0","0.0","1","22","7.6","archive","-23.558","-46.635","2026-09-20T16:31:34.073018-03:00"
"2026-09-04 15:00:00","28.3","27.3","28","0.0","0.0","0","3","6.0","archive","-23.558","-46.635","2026-09-20T16:31:34.073018-03:00"
"2026-09-04 16:00:00","28.2","26.9","31","0.0","0.0","2","56","7.6","archive","-23.558","-46.635","2026-09-20T16:31:34.073018-03:00"
"2026-09-04 17:00:00","25.8","25.5","43","0.0","0.0","2","62","6.5","archive","-23.558","-46.635","2026-09-20T16:31:34.073018-03:00"
"2026-09-04 18:00:00","19.9","19.8","74","0.2","0.2","51","38","11.9","archive","-23.558","-46.635","2026-09-20T16:31:34.073018-03:00"
"2026-09-04 19:00:00","18.4","19.0","87","0.0","0.0","1","48","10.1","archive","-23.558","-46.635","2026-09-20T16:31:34.073018-03:00"
"2026-09-04 20:00:00","17.7","18.2","90","0.0","0.0","3","95","10.2","archive","-23.558","-46.635","2026-09-20T16:31:34.073018-03:00"
"2026-09-04 21:00:00","17.8","18.9","93","0.0","0.0","2","63","8.1","archive","-23.558","-46.635","2026-09-20T16:31:34.073018-03:00"
"2026-09-04 22:00:00","17.3","18.6","94","0.0","0.0","3","100","5.6","archive","-23.558","-46.635","2026-09-20T16:31:34.073018-03:00"
"2026-09-04 23:00:00","17.4","18.4","92","0.1","0.1","51","80","6.9","archive","-23.558","-46.635","2026-09-20T16:31:34.073018-03:00"
"2026-09-05 00:00:00","17.2","18.4","93","0.0","0.0","1","34","5.5","archive","-23.558","-46.635","2026-09-20T16:31:34.073018-03:00"
"2026-09-05 01:00:00","16.9","17.9","93","0.0","0.0","0","18","6.0","archive","-23.558","-46.635","2026-09-20T16:31:34.073018-03:00"
"2026-09-05 02:00:00","16.4","17.2","93","0.0","0.0","0","14","6.7","archive","-23.558","-46.635","2026-09-20T16:31:34.073018-03:00"
"2026-09-05 03:00:00","16.7","17.6","96","0.0","0.0","0","5","7.8","archive","-23.558","-46.635","2026-09-20T16:31:34.073018-03:00"
"2026-09-05 04:00:00","16.3","16.9","96","0.0","0.0","1","39","8.6","archive","-23.558","-46.635","2026-09-20T16:31:34.073018-03:00"
"2026-09-05 05:00:00","16.1","16.6","95","0.0","0.0","0","19","8.7","archive","-23.558","-46.635","2026-09-20T16:31:34.073018-03:00"
"2026-09-05 06:00:00","16.1","16.7","95","0.0","0.0","1","25","8.2","archive","-23.558","-46.635","2026-09-20T16:31:34.073018-03:00"
"2026-09-05 07:00:00","16.5","17.3","93","0.1","0.1","51","45","7.3","archive","-23.558","-46.635","2026-09-20T16:31:34.073018-03:00"
"2026-09-05 08:00:00","17.7","18.4","86","0.1","0.1","51","100","7.6","archive","-23.558","-46.635","2026-09-20T16:31:34.073018-03:00"
"2026-09-05 09:00:00","19.0","20.0","82","6.3","6.3","63","100","6.7","archive","-23.558","-46.635","2026-09-20T16:31:34.073018-03:00"
"2026-09-05 10:00:00","19.0","20.3","84","1.0","1.0","55","100","5.6","archive","-23.558","-46.635","2026-09-20T16:31:34.073018-03:00"
"2026-09-05 11:00:00","18.2","19.1","92","3.8","3.8","63","100","9.9","archive","-23.558","-46.635","2026-09-20T16:31:34.073018-03:00"
"2026-09-05 12:00:00","19.3","20.9","84","0.5","0.5","53","88","5.1","archive","-23.558","-46.635","2026-09-20T16:31:34.073018-03:00"
"2026-09-05 13:00:00","21.3","23.4","74","0.1","0.1","51","76","3.4","archive","-23.558","-46.635","2026-09-20T16:31:34.073018-03:00"
"2026-09-05 14:00:00","22.3","24.8","72","0.3","0.3","51","77","3.8","archive","-23.558","-46.635","2026-09-20T16:31:34.073018-03:00"
"2026-09-05 15:00:00","19.3","21.3","86","0.7","0.7","53","100","3.0","archive","-23.558","-46.635","2026-09-20T16:31:34.073018-03:00"
"2026-09-05 16:00:00","19.3","21.3","86","0.5","0.5","53","44","3.1","archive","-23.558","-46.635","2026-09-20T16:31:34.073018-03:00"
"2026-09-05 17:00:00","19.7","21.4","85","0.0","0.0","2","73","5.3","archive","-23.558","-46.635","2026-09-20T16:31:34.073018-03:00"
"2026-09-05 18:00:00","18.6","19.4","89","0.1","0.1","51","100","10.0","archive","-23.558","-46.635","2026-09-20T16:31:34.073018-03:00"
"2026-09-05 19:00:00","17.1","17.3","92","0.2","0.2","51","100","12.0","archive","-23.558","-46.635","2026-09-20T16:31:34.073018-03:00"
"2026-09-05 20:00:00","15.8","16.0","93","1.5","1.5","61","100","9.3","archive","-23.558","-46.635","2026-09-20T16:31:34.073018-03:00"
"2026-09-05 21:00:00","15.7","16.0","92","0.7","0.7","53","100","7.6","archive","-23.558","-46.635","2026-09-20T16:31:34.073018-03:00"
"2026-09-05 22:00:00","15.5","15.5","91","0.5","0.5","53","100","9.0","archive","-23.558","-46.635","2026-09-20T16:31:34.073018-03:00"
"2026-09-05 23:00:00","15.3","15.7","92","0.4","0.4","51","100","6.1","archive","-23.558","-46.635","2026-09-20T16:31:34.073018-03:00"
"2026-09-06 00:00:00","15.0","15.2","95","1.0","1.0","55","100","7.9","archive","-23.558","-46.635","2026-09-20T16:31:34.073018-03:00"
"2026-09-06 01:00:00","14.8","14.3","95","1.5","1.5","61","100","12.0","archive","-23.558","-46.635","2026-09-20T16:31:34.073018-03:00"
"2026-09-06 02:00:00","14.2","13.5","95","0.8","0.8","53","100","12.3","archive","-23.558","-46.635","2026-09-20T16:31:34.073018-03:00"
"2026-09-06 03:00:00","13.7","13.4","95","0.6","0.6","53","100","8.5","archive","-23.558","-46.635","2026-09-20T16:31:34.073018-03:00"
"2026-09-06 04:00:00","13.6","13.1","95","0.4","0.4","51","100","9.5","archive","-23.558","-46.635","2026-09-20T16:31:34.073018-03:00"
"2026-09-06 05:00:00","13.4","12.9","94","0.4","0.4","51","100","8.7","archive","-23.558","-46.635","2026-09-20T16:31:34.073018-03:00"
"2026-09-06 06:00:00","13.4","12.8","95","0.1","0.1","51","100","9.6","archive","-23.558","-46.635","2026-09-20T16:31:34.073018-03:00"
"2026-09-06 07:00:00","13.5","12.7","94","0.1","0.1","51","100","10.3","archive","-23.558","-46.635","2026-09-20T16:31:34.073018-03:00"
"2026-09-06 08:00:00","13.2","12.2","92","0.2","0.2","51","100","10.7","archive","-23.558","-46.635","2026-09-20T16:31:34.073018-03:00"
"2026-09-06 09:00:00","13.6","12.2","87","0.3","0.3","51","100","12.7","archive","-23.558","-46.635","2026-09-20T16:31:34.073018-03:00"
"2026-09-06 10:00:00","13.4","11.4","84","0.2","0.2","51","100","15.1","archive","-23.558","-46.635","2026-09-20T16:31:34.073018-03:00"
"2026-09-06 11:00:00","13.0","11.0","83","0.2","0.2","51","100","14.1","archive","-23.558","-46.635","2026-09-20T16:31:34.073018-03:00"
"2026-09-06 12:00:00","12.9","10.9","84","1.0","1.0","55","100","14.8","archive","-23.558","-46.635","2026-09-20T16:31:34.073018-03:00"
"2026-09-06 13:00:00","13.5","11.3","79","0.3","0.3","51","100","15.3","archive","-23.558","-46.635","2026-09-20T16:31:34.073018-03:00"
"2026-09-06 14:00:00","13.2","11.1","81","0.1","0.1","51","100","14.6","archive","-23.558","-46.635","2026-09-20T16:31:34.073018-03:00"
"2026-09-06 15:00:00","12.7","10.7","81","0.0","0.0","3","100","12.3","archive","-23.558","-46.635","2026-09-20T16:31:34.073018-03:00"
"2026-09-06 16:00:00","12.5","10.3","83","0.1","0.1","51","100","14.7","archive","-23.558","-46.635","2026-09-20T16:31:34.073018-03:00"
"2026-09-06 17:00:00","12.3","10.6","86","0.2","0.2","51","100","12.2","archive","-23.558","-46.635","2026-09-20T16:31:34.073018-03:00"
"2026-09-06 18:00:00","12.1","10.4","90","0.1","0.1","51","100","12.2","archive","-23.558","-46.635","2026-09-20T16:31:34.073018-03:00"
"2026-09-06 19:00:00","11.9","10.2","91","0.1","0.1","51","100","12.8","archive","-23.558","-46.635","2026-09-20T16:31:34.073018-03:00"
"2026-09-06 20:00:00","11.6","9.8","91","0.1","0.1","51","100","12.9","archive","-23.558","-46.635","2026-09-20T16:31:34.073018-03:00"
"2026-09-06 21:00:00","11.5","9.8","90","0.2","0.2","51","100","11.5","archive","-23.558","-46.635","2026-09-20T16:31:34.073018-03:00"
"2026-09-06 22:00:00","11.2","9.7","91","0.1","0.1","51","100","10.3","archive","-23.558","-46.635","2026-09-20T16:31:34.073018-03:00"
"2026-09-06 23:00:00","11.1","9.4","91","0.1","0.1","51","100","10.8","archive","-23.558","-46.635","2026-09-20T16:31:34.073018-03:00"
"2026-09-07 00:00:00","11.0","9.3","91","0.1","0.1","51","100","10.8","archive","-23.558","-46.635","2026-09-20T16:31:34.073018-03:00"
"2026-09-07 01:00:00","11.0","9.1","90","0.1","0.1","51","99","12.0","archive","-23.558","-46.635","2026-09-20T16:31:34.073018-03:00"
"2026-09-07 02:00:00","10.8","8.6","90","0.1","0.1","51","99","13.0","archive","-23.558","-46.635","2026-09-20T16:31:34.073018-03:00"
"2026-09-07 03:00:00","10.7","8.5","89","0.0","0.0","3","98","13.2","archive","-23.558","-46.635","2026-09-20T16:31:34.073018-03:00"
"2026-09-07 04:00:00","10.6","8.5","89","0.0","0.0","3","98","12.3","archive","-23.558","-46.635","2026-09-20T16:31:34.073018-03:00"
"2026-09-07 05:00:00","10.5","8.7","90","0.0","0.0","3","100","10.1","archive","-23.558","-46.635","2026-09-20T16:31:34.073018-03:00"
"2026-09-07 06:00:00","10.5","8.7","90","0.0","0.0","3","100","9.8","archive","-23.558","-46.635","2026-09-20T16:31:34.073018-03:00"
"2026-09-07 07:00:00","10.7","9.1","90","0.0","0.0","3","100","9.2","archive","-23.558","-46.635","2026-09-20T16:31:34.073018-03:00"
"2026-09-07 08:00:00","11.2","9.4","88","0.0","0.0","3","100","11.2","archive","-23.558","-46.635","2026-09-20T16:31:34.073018-03:00"
"2026-09-07 09:00:00","12.3","10.5","84","0.0","0.0","3","100","11.5","archive","-23.558","-46.635","2026-09-20T16:31:34.073018-03:00"
"2026-09-07 10:00:00","12.7","10.8","82","0.0","0.0","3","100","11.8","archive","-23.558","-46.635","2026-09-20T16:31:34.073018-03:00"
"2026-09-07 11:00:00","13.4","11.6","78","0.0","0.0","3","100","11.6","archive","-23.558","-46.635","2026-09-20T16:31:34.073018-03:00"
"2026-09-07 12:00:00","14.1","12.2","75","0.0","0.0","3","100","12.0","archive","-23.558","-46.635","2026-09-20T16:31:34.073018-03:00"
"2026-09-07 13:00:00","14.2","12.5","75","0.0","0.0","3","100","11.6","archive","-23.558","-46.635","2026-09-20T16:31:34.073018-03:00"
"2026-09-07 14:00:00","14.5","12.9","74","0.1","0.1","51","100","11.1","archive","-23.558","-46.635","2026-09-20T16:31:34.073018-03:00"
"2026-09-07 15:00:00","14.2","12.7","76","0.1","0.1","51","100","10.9","archive","-23.558","-46.635","2026-09-20T16:31:34.073018-03:00"
"2026-09-07 16:00:00","13.6","12.2","80","0.4","0.4","51","100","10.1","archive","-23.558","-46.635","2026-09-20T16:31:34.073018-03:00"
"2026-09-07 17:00:00","13.3","12.1","82","0.1","0.1","51","100","8.8","archive","-23.558","-46.635","2026-09-20T16:31:34.073018-03:00"
"2026-09-07 18:00:00","12.9","11.8","85","0.0","0.0","3","100","8.7","archive","-23.558","-46.635","2026-09-20T16:31:34.073018-03:00"
"2026-09-07 19:00:00","12.5","11.3","88","0.4","0.4","51","97","9.1","archive","-23.558","-46.635","2026-09-20T16:31:34.073018-03:00"
"2026-09-07 20:00:00","12.2","11.1","92","0.5","0.5","53","100","8.7","archive","-23.558","-46.635","2026-09-20T16:31:34.073018-03:00"
"2026-09-07 21:00:00","12.1","11.3","95","0.1","0.1","51","69","8.7","archive","-23.558","-46.635","2026-09-20T16:31:34.073018-03:00"
"2026-09-07 22:00:00","12.0","11.2","96","0.5","0.5","53","98","7.7","archive","-23.558","-46.635","2026-09-20T16:31:34.073018-03:00"
"2026-09-07 23:00:00","12.1","11.2","95","0.1","0.1","51","98","8.8","archive","-23.558","-46.635","2026-09-20T16:31:34.073018-03:00"
"2026-09-08 00:00:00","12.1","11.4","95","1.9","1.9","61","100","8.0","archive","-23.558","-46.635","2026-09-20T16:31:34.073018-03:00"
"2026-09-08 01:00:00","12.0","11.5","96","1.1","1.1","55","100","6.3","archive","-23.558","-46.635","2026-09-20T16:31:34.073018-03:00"
"2026-09-08 02:00:00","12.0","11.3","95","0.4","0.4","51","100","7.4","archive","-23.558","-46.635","2026-09-20T16:31:34.073018-03:00"
"2026-09-08 03:00:00","12.2","11.7","96","0.1","0.1","51","98","6.6","archive","-23.558","-46.635","2026-09-20T16:31:34.073018-03:00"
"2026-09-08 04:00:00","12.3","11.8","95","0.1","0.1","51","88","6.7","archive","-23.558","-46.635","2026-09-20T16:31:34.073018-03:00"
"2026-09-08 05:00:00","12.3","11.8","95","0.0","0.0","3","84","6.1","archive","-23.558","-46.635","2026-09-20T16:31:34.073018-03:00"
"2026-09-08 06:00:00","12.3","11.8","95","0.0","0.0","3","100","6.0","archive","-23.558","-46.635","2026-09-20T16:31:34.073018-03:00"
"2026-09-08 07:00:00","12.6","12.0","94","0.0","0.0","3","100","7.4","archive","-23.558","-46.635","2026-09-20T16:31:34.073018-03:00"
"2026-09-08 08:00:00","13.3","12.9","91","0.0","0.0","3","100","6.5","archive","-23.558","-46.635","2026-09-20T16:31:34.073018-03:00"
"2026-09-08 09:00:00","14.5","14.1","86","0.0","0.0","3","100","6.7","archive","-23.558","-46.635","2026-09-20T16:31:34.073018-03:00"
"2026-09-08 10:00:00","16.1","16.2","80","0.0","0.0","3","100","5.1","archive","-23.558","-46.635","2026-09-20T16:31:34.073018-03:00"
"2026-09-08 11:00:00","17.1","17.4","77","0.0","0.0","3","95","3.9","archive","-23.558","-46.635","2026-09-20T16:31:34.073018-03:00"
"2026-09-08 12:00:00","19.8","22.1","71","0.0","0.0","3","100","0.9","archive","-23.558","-46.635","2026-09-20T16:31:34.073018-03:00"
"2026-09-08 13:00:00","20.3","21.8","71","0.0","0.0","3","100","1.3","archive","-23.558","-46.635","2026-09-20T16:31:34.073018-03:00"
"2026-09-08 14:00:00","20.5","21.6","71","0.0","0.0","3","100","3.7","archive","-23.558","-46.635","2026-09-20T16:31:34.073018-03:00"
"2026-09-08 15:00:00","19.0","20.2","77","0.2","0.2","51","78","2.7","archive","-23.558","-46.635","2026-09-20T16:31:34.073018-03:00"
"2026-09-08 16:00:00","19.4","20.7","78","0.4","0.4","51","45","3.4","archive","-23.558","-46.635","2026-09-20T16:31:34.073018-03:00"
"2026-09-08 17:00:00","19.7","21.2","78","0.0","0.0","0","19","2.5","archive","-23.558","-46.635","2026-09-20T16:31:34.073018-03:00"
"2026-09-08 18:00:00","18.9","20.8","85","0.0","0.0","0","14","2.0","archive","-23.558","-46.635","2026-09-20T16:31:34.073018-03:00"
"2026-09-08 19:00:00","18.5","20.1","85","0.0","0.0","0","16","3.3","archive","-23.558","-46.635","2026-09-20T16:31:34.073018-03:00"
"2026-09-08 20:00:00","18.0","19.4","89","0.0","0.0","2","50","4.8","archive","-23.558","-46.635","2026-09-20T16:31:34.073018-03:00"
"2026-09-08 21:00:00","17.2","18.9","95","0.0","0.0","2","66","3.6","archive","-23.558","-46.635","2026-09-20T16:31:34.073018-03:00"
"2026-09-08 22:00:00","17.0","18.7","97","0.7","0.7","53","64","3.6","archive","-23.558","-46.635","2026-09-20T16:31:34.073018-03:00"
"2026-09-08 23:00:00","16.5","17.9","97","1.2","1.2","55","34","4.5","archive","-23.558","-46.635","2026-09-20T16:31:34.073018-03:00"
"2026-09-09 00:00:00","16.2","17.4","98","0.1","0.1","51","10","5.0","archive","-23.558","-46.635","2026-09-20T16:31:34.073018-03:00"
"2026-09-09 01:00:00","15.7","16.5","99","0.0","0.0","2","62","7.0","archive","-23.558","-46.635","2026-09-20T16:31:34.073018-03:00"
"2026-09-09 02:00:00","15.6","16.5","99","0.0","0.0","2","66","6.1","archive","-23.558","-46.635","2026-09-20T16:31:34.073018-03:00"
"2026-09-09 03:00:00","15.8","16.6","99","0.0","0.0","3","96","7.0","archive","-23.558","-46.635","2026-09-20T16:31:34.073018-03:00"
"2026-09-09 04:00:00","15.8","16.9","99","0.0","0.0","3","99","4.9","archive","-23.558","-46.635","2026-09-20T16:31:34.073018-03:00"
"2026-09-09 05:00:00","15.7","17.0","99","0.1","0.1","51","87","3.9","archive","-23.558","-46.635","2026-09-20T16:31:34.073018-03:00"
"2026-09-09 06:00:00","15.5","16.8","99","0.0","0.0","2","74","2.5","archive","-23.558","-46.635","2026-09-20T16:31:34.073018-03:00"
"2026-09-09 07:00:00","15.9","17.1","98","0.1","0.1","51","78","4.8","archive","-23.558","-46.635","2026-09-20T16:31:34.073018-03:00"
"2026-09-09 08:00:00","17.4","19.4","96","0.2","0.2","51","100","2.5","archive","-23.558","-46.635","2026-09-20T16:31:34.073018-03:00"
"2026-09-09 09:00:00","17.9","19.8","93","0.5","0.5","53","100","3.2","archive","-23.558","-46.635","2026-09-20T16:31:34.073018-03:00"
"2026-09-09 10:00:00","18.7","20.9","92","1.0","1.0","55","80","2.4","archive","-23.558","-46.635","2026-09-20T16:31:34.073018-03:00"
"2026-09-09 11:00:00","21.0","22.2","80","0.2","0.2","51","100","9.7","archive","-23.558","-46.635","2026-09-20T16:31:34.073018-03:00"
"2026-09-09 12:00:00","22.1","22.9","78","0.4","0.4","51","84","14.3","archive","-23.558","-46.635","2026-09-20T16:31:34.073018-03:00"
"2026-09-09 13:00:00","23.1","24.4","72","0.1","0.1","51","98","13.0","archive","-23.558","-46.635","2026-09-20T16:31:34.073018-03:00"
"2026-09-09 14:00:00","23.9","26.1","72","0.2","0.2","51","38","11.4","archive","-23.558","-46.635","2026-09-20T16:31:34.073018-03:00"
"2026-09-09 15:00:00","22.6","23.7","73","0.1","0.1","51","64","11.1","archive","-23.558","-46.635","2026-09-20T16:31:34.073018-03:00"
"2026-09-09 16:00:00","22.3","23.4","72","0.1","0.1","51","67","10.0","archive","-23.558","-46.635","2026-09-20T16:31:34.073018-03:00"
"2026-09-09 17:00:00","21.5","23.0","78","0.0","0.0","2","66","8.3","archive","-23.558","-46.635","2026-09-20T16:31:34.073018-03:00"
"2026-09-09 18:00:00","20.2","21.7","86","0.0","0.0","3","97","8.5","archive","-23.558","-46.635","2026-09-20T16:31:34.073018-03:00"
"2026-09-09 19:00:00","19.6","21.5","90","0.0","0.0","3","99","6.2","archive","-23.558","-46.635","2026-09-20T16:31:34.073018-03:00"
"2026-09-09 20:00:00","19.6","21.6","91","0.1","0.1","51","99","6.2","archive","-23.558","-46.635","2026-09-20T16:31:34.073018-03:00"
"2026-09-09 21:00:00","19.5","21.3","92","0.1","0.1","51","97","7.9","archive","-23.558","-46.635","2026-09-20T16:31:34.073018-03:00"
"2026-09-09 22:00:00","19.6","21.5","90","0.0","0.0","3","100","6.8","archive","-23.558","-46.635","2026-09-20T16:31:34.073018-03:00"
"2026-09-09 23:00:00","19.4","21.5","90","0.0","0.0","3","98","4.6","archive","-23.558","-46.635","2026-09-20T16:31:34.073018-03:00"
"2026-09-10 00:00:00","18.9","20.4","92","0.8","0.8","53","98","7.9","archive","-23.558","-46.635","2026-09-20T16:31:34.073018-03:00"
"2026-09-10 01:00:00","18.2","19.3","94","3.5","3.5","63","98","9.7","archive","-23.558","-46.635","2026-09-20T16:31:34.073018-03:00"
"2026-09-10 02:00:00","18.2","19.1","91","0.4","0.4","51","72","10.0","archive","-23.558","-46.635","2026-09-20T16:31:34.073018-03:00"
"2026-09-10 03:00:00","18.0","19.3","93","0.0","0.0","2","75","7.0","archive","-23.558","-46.635","2026-09-20T16:31:34.073018-03:00"
"2026-09-10 04:00:00","17.6","19.1","93","0.0","0.0","3","99","5.1","archive","-23.558","-46.635","2026-09-20T16:31:34.073018-03:00"
"2026-09-10 05:00:00","18.1","18.9","92","0.3","0.3","51","100","11.0","archive","-23.558","-46.635","2026-09-20T16:31:34.073018-03:00"
"2026-09-10 06:00:00","18.3","19.2","93","0.9","0.9","53","98","11.4","archive","-23.558","-46.635","2026-09-20T16:31:34.073018-03:00"
"2026-09-10 07:00:00","18.6","19.9","94","0.8","0.8","53","98","9.5","archive","-23.558","-46.635","2026-09-20T16:31:34.073018-03:00"
"2026-09-10 08:00:00","19.7","20.7","90","0.1","0.1","51","95","13.3","archive","-23.558","-46.635","2026-09-20T16:31:34.073018-03:00"
"2026-09-10 09:00:00","20.0","22.5","88","0.1","0.1","51","99","2.5","archive","-23.558","-46.635","2026-09-20T16:31:34.073018-03:00"
"2026-09-10 10:00:00","21.1","23.4","85","0.1","0.1","51","100","5.5","archive","-23.558","-46.635","2026-09-20T16:31:34.073018-03:00"
"2026-09-10 11:00:00","21.2","23.8","86","0.2","0.2","51","100","4.6","archive","-23.558","-46.635","2026-09-20T16:31:34.073018-03:00"
"2026-09-10 12:00:00","21.1","23.4","87","0.9","0.9","53","100","7.1","archive","-23.558","-46.635","2026-09-20T16:31:34.073018-03:00"
"2026-09-10 13:00:00","20.9","23.2","88","0.8","0.8","53","100","6.9","archive","-23.558","-46.635","2026-09-20T16:31:34.073018-03:00"
"2026-09-10 14:00:00","20.9","23.3","89","1.4","1.4","61","100","7.2","archive","-23.558","-46.635","2026-09-20T16:31:34.073018-03:00"
"2026-09-10 15:00:00","17.7","19.8","93","0.5","0.5","53","100","1.1","archive","-23.558","-46.635","2026-09-20T16:31:34.073018-03:00"
"2026-09-10 16:00:00","17.7","19.7","93","1.9","1.9","61","100","2.3","archive","-23.558","-46.635","2026-09-20T16:31:34.073018-03:00"
"2026-09-10 17:00:00","17.7","19.4","94","0.6","0.6","53","100","4.6","archive","-23.558","-46.635","2026-09-20T16:31:34.073018-03:00"
"2026-09-10 18:00:00","17.5","18.9","96","0.1","0.1","51","100","6.5","archive","-23.558","-46.635","2026-09-20T16:31:34.073018-03:00"
"2026-09-10 19:00:00","17.5","18.6","95","0.2","0.2","51","98","8.4","archive","-23.558","-46.635","2026-09-20T16:31:34.073018-03:00"
"2026-09-10 20:00:00","17.4","18.2","94","0.5","0.5","53","100","9.7","archive","-23.558","-46.635","2026-09-20T16:31:34.073018-03:00"
"2026-09-10 21:00:00","16.2","16.7","93","0.4","0.4","51","98","8.0","archive","-23.558","-46.635","2026-09-20T16:31:34.073018-03:00"
"2026-09-10 22:00:00","16.1","17.0","94","2.0","2.0","61","99","5.2","archive","-23.558","-46.635","2026-09-20T16:31:34.073018-03:00"
"2026-09-10 23:00:00","15.9","16.7","95","1.5","1.5","61","98","6.2","archive","-23.558","-46.635","2026-09-20T16:31:34.073018-03:00"
"2026-09-11 00:00:00","15.8","17.0","95","2.2","2.2","61","100","2.7","archive","-23.558","-46.635","2026-09-20T16:31:34.073018-03:00"
"2026-09-11 01:00:00","15.6","16.3","96","1.0","1.0","55","95","6.2","archive","-23.558","-46.635","2026-09-20T16:31:34.073018-03:00"
"2026-09-11 02:00:00","15.5","16.4","96","0.2","0.2","51","100","5.0","archive","-23.558","-46.635","2026-09-20T16:31:34.073018-03:00"
"2026-09-11 03:00:00","15.8","16.9","97","0.0","0.0","3","100","4.3","archive","-23.558","-46.635","2026-09-20T16:31:34.073018-03:00"
"2026-09-11 04:00:00","15.5","16.6","97","0.0","0.0","3","100","4.2","archive","-23.558","-46.635","2026-09-20T16:31:34.073018-03:00"
"2026-09-11 05:00:00","15.5","16.5","96","0.0","0.0","3","100","4.1","archive","-23.558","-46.635","2026-09-20T16:31:34.073018-03:00"
"2026-09-11 06:00:00","15.8","16.4","95","0.0","0.0","3","93","7.5","archive","-23.558","-46.635","2026-09-20T16:31:34.073018-03:00"
"2026-09-11 07:00:00","16.9","17.7","93","0.0","0.0","1","22","8.1","archive","-23.558","-46.635","2026-09-20T16:31:34.073018-03:00"
"2026-09-11 08:00:00","19.1","20.0","92","0.0","0.0","0","3","12.7","archive","-23.558","-46.635","2026-09-20T16:31:34.073018-03:00"
"2026-09-11 09:00:00","19.7","20.4","84","0.0","0.0","2","73","12.0","archive","-23.558","-46.635","2026-09-20T16:31:34.073018-03:00"
"2026-09-11 10:00:00","22.0","23.0","78","0.0","0.0","0","17","13.0","archive","-23.558","-46.635","2026-09-20T16:31:34.073018-03:00"
"2026-09-11 11:00:00","24.9","25.9","65","0.0","0.0","2","54","19.3","archive","-23.558","-46.635","2026-09-20T16:31:34.073018-03:00"
"2026-09-11 12:00:00","24.4","24.7","68","0.1","0.1","51","42","22.2","archive","-23.558","-46.635","2026-09-20T16:31:34.073018-03:00"
"2026-09-11 13:00:00","25.4","25.8","65","0.1","0.1","51","20","23.7","archive","-23.558","-46.635","2026-09-20T16:31:34.073018-03:00"
"2026-09-11 14:00:00","25.9","26.5","62","0.1","0.1","51","18","22.8","archive","-23.558","-46.635","2026-09-20T16:31:34.073018-03:00"
"2026-09-11 15:00:00","26.8","27.3","60","0.0","0.0","1","23","20.8","archive","-23.558","-46.635","2026-09-20T16:31:34.073018-03:00"
"2026-09-11 16:00:00","26.4","26.8","63","0.0","0.0","0","9","18.8","archive","-23.558","-46.635","2026-09-20T16:31:34.073018-03:00"
"2026-09-11 17:00:00","25.8","26.3","66","0.0","0.0","1","48","19.2","archive","-23.558","-46.635","2026-09-20T16:31:34.073018-03:00"
"2026-09-11 18:00:00","25.1","25.9","69","0.0","0.0","1","38","17.2","archive","-23.558","-46.635","2026-09-20T16:31:34.073018-03:00"
"2026-09-11 19:00:00","24.4","25.5","71","0.0","0.0","0","19","14.7","archive","-23.558","-46.635","2026-09-20T16:31:34.073018-03:00"
"2026-09-11 20:00:00","23.4","25.2","76","0.0","0.0","3","86","10.7","archive","-23.558","-46.635","2026-09-20T16:31:34.073018-03:00"
"2026-09-11 21:00:00","23.5","26.2","77","0.0","0.0","1","33","5.1","archive","-23.558","-46.635","2026-09-20T16:31:34.073018-03:00"
"2026-09-11 22:00:00","21.9","24.6","83","1.1","1.1","55","82","4.6","archive","-23.558","-46.635","2026-09-20T16:31:34.073018-03:00"
"2026-09-11 23:00:00","19.5","21.5","95","12.3","12.3","65","100","8.8","archive","-23.558","-46.635","2026-09-20T16:31:34.073018-03:00"
"2026-09-12 00:00:00","19.6","22.5","96","2.5","2.5","63","100","3.1","archive","-23.558","-46.635","2026-09-20T16:31:34.073018-03:00"
"2026-09-12 01:00:00","19.2","21.6","98","2.7","2.7","63","100","5.3","archive","-23.558","-46.635","2026-09-20T16:31:34.073018-03:00"
"2026-09-12 02:00:00","18.8","21.4","99","3.5","3.5","63","100","3.7","archive","-23.558","-46.635","2026-09-20T16:31:34.073018-03:00"
"2026-09-12 03:00:00","17.4","19.4","98","2.2","2.2","61","100","2.9","archive","-23.558","-46.635","2026-09-20T16:31:34.073018-03:00"
"2026-09-12 04:00:00","17.5","19.7","98","1.4","1.4","61","100","1.4","archive","-23.558","-46.635","2026-09-20T16:31:34.073018-03:00"
"2026-09-12 05:00:00","17.4","19.0","98","2.8","2.8","63","100","5.9","archive","-23.558","-46.635","2026-09-20T16:31:34.073018-03:00"
"2026-09-12 06:00:00","17.4","19.4","98","3.8","3.8","63","100","2.7","archive","-23.558","-46.635","2026-09-20T16:31:34.073018-03:00"
"2026-09-12 07:00:00","17.5","19.4","93","3.4","3.4","63","100","2.1","archive","-23.558","-46.635","2026-09-20T16:31:34.073018-03:00"
"2026-09-12 08:00:00","17.4","18.2","91","4.5","4.5","63","100","8.2","archive","-23.558","-46.635","2026-09-20T16:31:34.073018-03:00"
"2026-09-12 09:00:00","17.5","18.7","96","4.4","4.4","63","100","7.6","archive","-23.558","-46.635","2026-09-20T16:31:34.073018-03:00"
"2026-09-12 10:00:00","18.2","19.4","94","1.9","1.9","61","100","9.1","archive","-23.558","-46.635","2026-09-20T16:31:34.073018-03:00"
"2026-09-12 11:00:00","18.9","19.7","90","1.2","1.2","55","100","12.1","archive","-23.558","-46.635","2026-09-20T16:31:34.073018-03:00"
"2026-09-12 12:00:00","18.9","19.7","89","0.3","0.3","51","100","11.3","archive","-23.558","-46.635","2026-09-20T16:31:34.073018-03:00"
"2026-09-12 13:00:00","20.2","21.5","81","0.0","0.0","3","99","7.2","archive","-23.558","-46.635","2026-09-20T16:31:34.073018-03:00"
"2026-09-12 14:00:00","20.5","21.8","79","0.6","0.6","53","100","6.2","archive","-23.558","-46.635","2026-09-20T16:31:34.073018-03:00"
"2026-09-12 15:00:00","19.7","21.6","88","1.1","1.1","55","100","5.6","archive","-23.558","-46.635","2026-09-20T16:31:34.073018-03:00"
"2026-09-12 16:00:00","19.7","21.9","88","0.4","0.4","51","98","3.2","archive","-23.558","-46.635","2026-09-20T16:31:34.073018-03:00"
"2026-09-12 17:00:00","19.4","21.7","89","0.2","0.2","51","95","2.8","archive","-23.558","-46.635","2026-09-20T16:31:34.073018-03:00"
"2026-09-12 18:00:00","18.5","20.6","93","0.1","0.1","51","92","3.5","archive","-23.558","-46.635","2026-09-20T16:31:34.073018-03:00"
"2026-09-12 19:00:00","18.1","19.8","91","0.0","0.0","3","100","4.3","archive","-23.558","-46.635","2026-09-20T16:31:34.073018-03:00"
"2026-09-12 20:00:00","17.9","19.4","91","0.0","0.0","3","95","4.5","archive","-23.558","-46.635","2026-09-20T16:31:34.073018-03:00"
"2026-09-12 21:00:00","16.8","17.6","93","0.1","0.1","51","100","7.3","archive","-23.558","-46.635","2026-09-20T16:31:34.073018-03:00"
"2026-09-12 22:00:00","16.4","16.9","92","0.1","0.1","51","100","7.5","archive","-23.558","-46.635","2026-09-20T16:31:34.073018-03:00"
"2026-09-12 23:00:00","16.2","16.7","92","0.0","0.0","3","100","7.3","archive","-23.558","-46.635","2026-09-20T16:31:34.073018-03:00"
"2026-09-13 00:00:00","15.9","16.3","93","0.0","0.0","3","100","7.7","archive","-23.558","-46.635","2026-09-20T16:31:34.073018-03:00"
"2026-09-13 01:00:00","15.7","16.1","93","0.0","0.0","3","100","7.2","archive","-23.558","-46.635","2026-09-20T16:31:34.073018-03:00"
"2026-09-13 02:00:00","15.5","15.9","93","0.0","0.0","3","100","6.5","archive","-23.558","-46.635","2026-09-20T16:31:34.073018-03:00"
"2026-09-13 03:00:00","15.3","15.5","92","0.1","0.1","51","100","6.7","archive","-23.558","-46.635","2026-09-20T16:31:34.073018-03:00"
"2026-09-13 04:00:00","14.9","15.1","92","0.5","0.5","53","100","6.6","archive","-23.558","-46.635","2026-09-20T16:31:34.073018-03:00"
"2026-09-13 05:00:00","14.7","14.7","93","0.5","0.5","53","100","7.5","archive","-23.558","-46.635","2026-09-20T16:31:34.073018-03:00"
"2026-09-13 06:00:00","14.6","14.7","93","0.1","0.1","51","100","6.7","archive","-23.558","-46.635","2026-09-20T16:31:34.073018-03:00"
"2026-09-13 07:00:00","14.7","14.7","92","0.2","0.2","51","100","7.9","archive","-23.558","-46.635","2026-09-20T16:31:34.073018-03:00"
"2026-09-13 08:00:00","15.1","14.9","91","0.6","0.6","53","100","9.6","archive","-23.558","-46.635","2026-09-20T16:31:34.073018-03:00"
"2026-09-13 09:00:00","16.1","15.9","87","0.3","0.3","51","100","10.4","archive","-23.558","-46.635","2026-09-20T16:31:34.073018-03:00"
"2026-09-13 10:00:00","15.7","15.5","89","0.5","0.5","53","100","10.0","archive","-23.558","-46.635","2026-09-20T16:31:34.073018-03:00"
"2026-09-13 11:00:00","15.6","15.5","91","0.9","0.9","53","100","10.1","archive","-23.558","-46.635","2026-09-20T16:31:34.073018-03:00"
"2026-09-13 12:00:00","16.2","15.9","87","0.2","0.2","51","100","10.6","archive","-23.558","-46.635","2026-09-20T16:31:34.073018-03:00"
"2026-09-13 13:00:00","16.5","16.0","85","0.2","0.2","51","100","11.5","archive","-23.558","-46.635","2026-09-20T16:31:34.073018-03:00"
"2026-09-13 14:00:00","16.3","15.9","85","0.2","0.2","51","100","10.8","archive","-23.558","-46.635","2026-09-20T16:31:34.073018-03:00"
"2026-09-13 15:00:00","16.1","15.6","85","0.2","0.2","51","100","11.2","archive","-23.558","-46.635","2026-09-20T16:31:34.073018-03:00"
"2026-09-13 16:00:00","15.9","15.4","86","0.0","0.0","3","100","10.8","archive","-23.558","-46.635","2026-09-20T16:31:34.073018-03:00"
"2026-09-13 17:00:00","15.3","15.1","89","0.3","0.3","51","100","9.1","archive","-23.558","-46.635","2026-09-20T16:31:34.073018-03:00"
"2026-09-13 18:00:00","14.9","15.0","93","1.0","1.0","55","100","8.1","archive","-23.558","-46.635","2026-09-20T16:31:34.073018-03:00"
"2026-09-13 19:00:00","14.7","14.8","97","1.7","1.7","61","100","8.3","archive","-23.558","-46.635","2026-09-20T16:31:34.073018-03:00"
"2026-09-13 20:00:00","14.7","14.9","97","2.4","2.4","61","100","7.4","archive","-23.558","-46.635","2026-09-20T16:31:34.073018-03:00"
"2026-09-13 21:00:00","14.5","14.2","96","1.6","1.6","61","100","10.0","archive","-23.558","-46.635","2026-09-20T16:31:34.073018-03:00"
"2026-09-13 22:00:00","14.4","14.7","96","0.7","0.7","53","100","6.2","archive","-23.558","-46.635","2026-09-20T16:31:34.073018-03:00"
"2026-09-13 23:00:00","14.3","14.3","97","1.3","1.3","61","100","8.2","archive","-23.558","-46.635","2026-09-20T16:31:34.073018-03:00"
"2026-09-14 00:00:00","14.2","14.3","97","2.0","2.0","61","100","7.2","forecast","-23.558","-46.635","2026-09-20T16:31:34.073018-03:00"
"2026-09-14 01:00:00","14.2","14.5","97","2.2","2.2","61","100","6.5","forecast","-23.558","-46.635","2026-09-20T16:31:34.073018-03:00"
"2026-09-14 02:00:00","14.2","14.4","97","2.1","2.1","61","100","6.7","forecast","-23.558","-46.635","2026-09-20T16:31:34.073018-03:00"
"2026-09-14 03:00:00","14.2","14.1","97","2.0","2.0","61","100","8.5","forecast","-23.558","-46.635","2026-09-20T16:31:34.073018-03:00"
"2026-09-14 04:00:00","14.1","14.4","97","1.6","1.6","61","100","5.9","forecast","-23.558","-46.635","2026-09-20T16:31:34.073018-03:00"
"2026-09-14 05:00:00","14.1","14.3","97","1.9","1.9","61","100","6.4","forecast","-23.558","-46.635","2026-09-20T16:31:34.073018-03:00"
"2026-09-14 06:00:00","14.0","14.2","97","0.9","0.9","53","100","6.8","forecast","-23.558","-46.635","2026-09-20T16:31:34.073018-03:00"
"2026-09-14 07:00:00","14.2","14.1","97","0.2","0.2","51","100","9.0","forecast","-23.558","-46.635","2026-09-20T16:31:34.073018-03:00"
"2026-09-14 08:00:00","14.8","14.3","93","0.1","0.0","51","100","10.9","forecast","-23.558","-46.635","2026-09-20T16:31:34.073018-03:00"
"2026-09-14 09:00:00","15.1","14.1","88","0.0","0.0","3","100","13.2","forecast","-23.558","-46.635","2026-09-20T16:31:34.073018-03:00"
"2026-09-14 10:00:00","16.5","15.4","78","0.1","0.0","51","100","12.6","forecast","-23.558","-46.635","2026-09-20T16:31:34.073018-03:00"
"2026-09-14 11:00:00","17.0","16.6","77","0.2","0.0","51","100","8.8","forecast","-23.558","-46.635","2026-09-20T16:31:34.073018-03:00"
"2026-09-14 12:00:00","17.2","17.3","77","0.1","0.0","51","100","5.4","forecast","-23.558","-46.635","2026-09-20T16:31:34.073018-03:00"
"2026-09-14 13:00:00","17.1","17.3","79","0.4","0.4","51","100","5.6","forecast","-23.558","-46.635","2026-09-20T16:31:34.073018-03:00"
"2026-09-14 14:00:00","16.5","16.4","83","0.9","0.9","53","100","8.0","forecast","-23.558","-46.635","2026-09-20T16:31:34.073018-03:00"
"2026-09-14 15:00:00","15.2","15.4","93","1.7","1.7","61","100","7.8","forecast","-23.558","-46.635","2026-09-20T16:31:34.073018-03:00"
"2026-09-14 16:00:00","14.9","15.3","95","2.4","2.4","61","100","6.2","forecast","-23.558","-46.635","2026-09-20T16:31:34.073018-03:00"
"2026-09-14 17:00:00","14.7","15.2","95","2.1","2.1","61","100","4.8","forecast","-23.558","-46.635","2026-09-20T16:31:34.073018-03:00"
"2026-09-14 18:00:00","14.4","15.0","97","2.3","1.9","80","100","4.8","forecast","-23.558","-46.635","2026-09-20T16:31:34.073018-03:00"
"2026-09-14 19:00:00","14.3","15.2","97","0.5","0.4","53","100","1.7","forecast","-23.558","-46.635","2026-09-20T16:31:34.073018-03:00"
"2026-09-14 20:00:00","14.1","14.5","97","0.6","0.6","53","100","4.9","forecast","-23.558","-46.635","2026-09-20T16:31:34.073018-03:00"
"2026-09-14 21:00:00","13.8","14.4","97","0.7","0.7","53","100","2.7","forecast","-23.558","-46.635","2026-09-20T16:31:34.073018-03:00"
"2026-09-14 22:00:00","13.7","13.5","98","0.6","0.4","53","100","8.0","forecast","-23.558","-46.635","2026-09-20T16:31:34.073018-03:00"
"2026-09-14 23:00:00","13.8","14.2","97","0.1","0.1","51","83","3.8","forecast","-23.558","-46.635","2026-09-20T16:31:34.073018-03:00"
"2026-09-15 00:00:00","13.0","13.0","99","0.0","0.0","1","44","5.9","forecast","-23.558","-46.635","2026-09-20T16:31:34.073018-03:00"
"2026-09-15 01:00:00","12.2","12.6","100","0.0","0.0","3","98","1.9","forecast","-23.558","-46.635","2026-09-20T16:31:34.073018-03:00"
"2026-09-15 02:00:00","11.9","12.0","99","0.0","0.0","3","99","3.3","forecast","-23.558","-46.635","2026-09-20T16:31:34.073018-03:00"
"2026-09-15 03:00:00","13.0","13.5","99","0.0","0.0","3","100","2.4","forecast","-23.558","-46.635","2026-09-20T16:31:34.073018-03:00"
"2026-09-15 04:00:00","12.9","13.3","98","0.0","0.0","3","100","3.0","forecast","-23.558","-46.635","2026-09-20T16:31:34.073018-03:00"
"2026-09-15 05:00:00","12.8","12.9","98","0.0","0.0","3","100","4.5","forecast","-23.558","-46.635","2026-09-20T16:31:34.073018-03:00"
"2026-09-15 06:00:00","12.9","13.1","98","0.0","0.0","3","100","4.2","forecast","-23.558","-46.635","2026-09-20T16:31:34.073018-03:00"
"2026-09-15 07:00:00","13.1","13.6","100","0.0","0.0","3","100","2.7","forecast","-23.558","-46.635","2026-09-20T16:31:34.073018-03:00"
"2026-09-15 08:00:00","13.6","14.3","98","0.0","0.0","3","100","2.0","forecast","-23.558","-46.635","2026-09-20T16:31:34.073018-03:00"
"2026-09-15 09:00:00","14.6","15.1","95","0.1","0.1","51","100","4.6","forecast","-23.558","-46.635","2026-09-20T16:31:34.073018-03:00"
"2026-09-15 10:00:00","15.4","16.0","90","0.1","0.1","51","100","4.1","forecast","-23.558","-46.635","2026-09-20T16:31:34.073018-03:00"
"2026-09-15 11:00:00","17.0","17.5","80","0.1","0.1","51","98","3.5","forecast","-23.558","-46.635","2026-09-20T16:31:34.073018-03:00"
"2026-09-15 12:00:00","18.6","19.3","72","0.1","0.0","51","100","2.4","forecast","-23.558","-46.635","2026-09-20T16:31:34.073018-03:00"
"2026-09-15 13:00:00","19.4","19.9","69","0.0","0.0","3","81","4.2","forecast","-23.558","-46.635","2026-09-20T16:31:34.073018-03:00"
"2026-09-15 14:00:00","20.6","20.8","64","0.0","0.0","2","73","6.2","forecast","-23.558","-46.635","2026-09-20T16:31:34.073018-03:00"
"2026-09-15 15:00:00","19.9","19.8","67","0.0","0.0","2","74","7.8","forecast","-23.558","-46.635","2026-09-20T16:31:34.073018-03:00"
"2026-09-15 16:00:00","19.3","19.6","68","0.3","0.1","51","100","5.4","forecast","-23.558","-46.635","2026-09-20T16:31:34.073018-03:00"
"2026-09-15 17:00:00","17.9","18.8","82","3.0","0.3","81","100","4.4","forecast","-23.558","-46.635","2026-09-20T16:31:34.073018-03:00"
"2026-09-15 18:00:00","17.3","18.7","87","1.1","0.3","55","94","1.8","forecast","-23.558","-46.635","2026-09-20T16:31:34.073018-03:00"
"2026-09-15 19:00:00","16.5","18.0","91","1.7","0.1","80","100","1.5","forecast","-23.558","-46.635","2026-09-20T16:31:34.073018-03:00"
"2026-09-15 20:00:00","16.2","17.3","93","1.8","0.1","80","95","3.5","forecast","-23.558","-46.635","2026-09-20T16:31:34.073018-03:00"
"2026-09-15 21:00:00","15.7","17.1","94","0.1","0.0","51","61","1.3","forecast","-23.558","-46.635","2026-09-20T16:31:34.073018-03:00"
"2026-09-15 22:00:00","15.1","16.4","96","0.1","0.1","51","35","0.9","forecast","-23.558","-46.635","2026-09-20T16:31:34.073018-03:00"
"2026-09-15 23:00:00","14.4","15.7","98","0.0","0.0","0","9","0.2","forecast","-23.558","-46.635","2026-09-20T16:31:34.073018-03:00"
"2026-09-16 00:00:00","13.8","14.9","100","0.0","0.0","3","100","0.6","forecast","-23.558","-46.635","2026-09-20T16:31:34.073018-03:00"
"2026-09-16 01:00:00","13.5","14.4","100","0.0","0.0","3","100","1.6","forecast","-23.558","-46.635","2026-09-20T16:31:34.073018-03:00"
"2026-09-16 02:00:00","13.4","13.8","99","0.0","0.0","3","97","3.7","forecast","-23.558","-46.635","2026-09-20T16:31:34.073018-03:00"
"2026-09-16 03:00:00","12.9","13.2","98","0.0","0.0","3","100","3.7","forecast","-23.558","-46.635","2026-09-20T16:31:34.073018-03:00"
"2026-09-16 04:00:00","13.2","13.1","96","0.1","0.0","51","100","6.5","forecast","-23.558","-46.635","2026-09-20T16:31:34.073018-03:00"
"2026-09-16 05:00:00","13.4","13.3","95","0.1","0.0","51","100","5.9","forecast","-23.558","-46.635","2026-09-20T16:31:34.073018-03:00"
"2026-09-16 06:00:00","13.4","13.2","94","0.0","0.0","3","100","5.9","forecast","-23.558","-46.635","2026-09-20T16:31:34.073018-03:00"
"2026-09-16 07:00:00","13.5","13.3","93","0.1","0.0","51","100","6.1","forecast","-23.558","-46.635","2026-09-20T16:31:34.073018-03:00"
"2026-09-16 08:00:00","14.3","13.8","88","0.1","0.0","51","88","7.7","forecast","-23.558","-46.635","2026-09-20T16:31:34.073018-03:00"
"2026-09-16 09:00:00","15.5","14.5","77","0.2","0.1","51","97","9.4","forecast","-23.558","-46.635","2026-09-20T16:31:34.073018-03:00"
"2026-09-16 10:00:00","16.2","15.2","72","0.2","0.0","51","86","9.5","forecast","-23.558","-46.635","2026-09-20T16:31:34.073018-03:00"
"2026-09-16 11:00:00","17.2","16.3","68","0.1","0.0","51","98","8.6","forecast","-23.558","-46.635","2026-09-20T16:31:34.073018-03:00"
"2026-09-16 12:00:00","18.2","17.8","63","0.0","0.0","3","100","6.7","forecast","-23.558","-46.635","2026-09-20T16:31:34.073018-03:00"
"2026-09-16 13:00:00","19.1","18.8","58","0.0","0.0","3","100","5.5","forecast","-23.558","-46.635","2026-09-20T16:31:34.073018-03:00"
"2026-09-16 14:00:00","19.5","19.1","56","0.0","0.0","3","100","8.1","forecast","-23.558","-46.635","2026-09-20T16:31:34.073018-03:00"
"2026-09-16 15:00:00","17.8","17.0","72","0.0","0.0","2","67","13.5","forecast","-23.558","-46.635","2026-09-20T16:31:34.073018-03:00"
"2026-09-16 16:00:00","16.9","15.9","76","0.0","0.0","3","98","12.1","forecast","-23.558","-46.635","2026-09-20T16:31:34.073018-03:00"
"2026-09-16 17:00:00","15.6","14.5","80","0.0","0.0","3","90","12.2","forecast","-23.558","-46.635","2026-09-20T16:31:34.073018-03:00"
"2026-09-16 18:00:00","14.4","13.3","85","0.0","0.0","3","98","11.2","forecast","-23.558","-46.635","2026-09-20T16:31:34.073018-03:00"
"2026-09-16 19:00:00","13.8","12.8","87","0.0","0.0","3","100","10.4","forecast","-23.558","-46.635","2026-09-20T16:31:34.073018-03:00"
"2026-09-16 20:00:00","13.5","12.5","89","0.0","0.0","3","100","10.2","forecast","-23.558","-46.635","2026-09-20T16:31:34.073018-03:00"
"2026-09-16 21:00:00","13.5","12.6","90","0.0","0.0","2","78","10.1","forecast","-23.558","-46.635","2026-09-20T16:31:34.073018-03:00"
"2026-09-16 22:00:00","13.5","12.6","90","0.0","0.0","3","99","9.8","forecast","-23.558","-46.635","2026-09-20T16:31:34.073018-03:00"
"2026-09-16 23:00:00","13.4","12.4","90","0.0","0.0","3","100","10.5","forecast","-23.558","-46.635","2026-09-20T16:31:34.073018-03:00"
"2026-09-17 00:00:00","13.2","12.3","91","0.0","0.0","3","99","9.6","forecast","-23.558","-46.635","2026-09-20T16:31:34.073018-03:00"
"2026-09-17 01:00:00","13.1","12.3","91","0.0","0.0","3","98","9.2","forecast","-23.558","-46.635","2026-09-20T16:31:34.073018-03:00"
"2026-09-17 02:00:00","13.0","12.2","92","0.0","0.0","3","100","8.9","forecast","-23.558","-46.635","2026-09-20T16:31:34.073018-03:00"
"2026-09-17 03:00:00","13.1","12.5","92","0.0","0.0","3","100","8.2","forecast","-23.558","-46.635","2026-09-20T16:31:34.073018-03:00"
"2026-09-17 04:00:00","13.1","12.5","93","0.0","0.0","3","100","7.8","forecast","-23.558","-46.635","2026-09-20T16:31:34.073018-03:00"
"2026-09-17 05:00:00","13.1","12.5","93","0.0","0.0","3","100","8.4","forecast","-23.558","-46.635","2026-09-20T16:31:34.073018-03:00"
"2026-09-17 06:00:00","13.2","12.6","93","0.0","0.0","3","100","8.6","forecast","-23.558","-46.635","2026-09-20T16:31:34.073018-03:00"
"2026-09-17 07:00:00","13.7","12.7","90","0.0","0.0","3","100","11.4","forecast","-23.558","-46.635","2026-09-20T16:31:34.073018-03:00"
"2026-09-17 08:00:00","14.4","13.3","86","0.0","0.0","3","100","11.8","forecast","-23.558","-46.635","2026-09-20T16:31:34.073018-03:00"
"2026-09-17 09:00:00","15.2","14.1","83","0.0","0.0","3","100","12.6","forecast","-23.558","-46.635","2026-09-20T16:31:34.073018-03:00"
"2026-09-17 10:00:00","15.7","14.7","81","0.1","0.1","51","100","11.9","forecast","-23.558","-46.635","2026-09-20T16:31:34.073018-03:00"
"2026-09-17 11:00:00","16.9","16.1","78","0.1","0.0","51","100","11.1","forecast","-23.558","-46.635","2026-09-20T16:31:34.073018-03:00"
"2026-09-17 12:00:00","17.5","16.9","76","0.1","0.0","51","100","10.9","forecast","-23.558","-46.635","2026-09-20T16:31:34.073018-03:00"
"2026-09-17 13:00:00","17.9","17.4","76","0.1","0.0","51","100","11.5","forecast","-23.558","-46.635","2026-09-20T16:31:34.073018-03:00"
"2026-09-17 14:00:00","17.5","17.0","78","0.0","0.0","3","100","11.4","forecast","-23.558","-46.635","2026-09-20T16:31:34.073018-03:00"
"2026-09-17 15:00:00","16.7","16.1","82","0.0","0.0","3","100","11.6","forecast","-23.558","-46.635","2026-09-20T16:31:34.073018-03:00"
"2026-09-17 16:00:00","15.5","14.8","88","0.0","0.0","3","100","12.7","forecast","-23.558","-46.635","2026-09-20T16:31:34.073018-03:00"
"2026-09-17 17:00:00","15.0","14.3","90","0.0","0.0","3","100","11.6","forecast","-23.558","-46.635","2026-09-20T16:31:34.073018-03:00"
"2026-09-17 18:00:00","14.7","14.1","92","0.0","0.0","3","100","11.2","forecast","-23.558","-46.635","2026-09-20T16:31:34.073018-03:00"
"2026-09-17 19:00:00","14.6","14.4","92","0.0","0.0","3","100","8.0","forecast","-23.558","-46.635","2026-09-20T16:31:34.073018-03:00"
"2026-09-17 20:00:00","14.4","14.3","93","0.0","0.0","3","100","7.5","forecast","-23.558","-46.635","2026-09-20T16:31:34.073018-03:00"
"2026-09-17 21:00:00","14.5","14.4","91","0.0","0.0","3","100","7.2","forecast","-23.558","-46.635","2026-09-20T16:31:34.073018-03:00"
"2026-09-17 22:00:00","14.3","14.2","92","0.0","0.0","3","100","6.8","forecast","-23.558","-46.635","2026-09-20T16:31:34.073018-03:00"
"2026-09-17 23:00:00","14.1","14.0","93","0.0","0.0","3","92","7.2","forecast","-23.558","-46.635","2026-09-20T16:31:34.073018-03:00"
"2026-09-18 00:00:00","14.0","13.7","93","0.0","0.0","2","74","7.9","forecast","-23.558","-46.635","2026-09-20T16:31:34.073018-03:00"
"2026-09-18 01:00:00","14.1","13.8","92","0.0","0.0","2","67","7.9","forecast","-23.558","-46.635","2026-09-20T16:31:34.073018-03:00"
"2026-09-18 02:00:00","13.9","13.4","92","0.0","0.0","3","97","9.2","forecast","-23.558","-46.635","2026-09-20T16:31:34.073018-03:00"
"2026-09-18 03:00:00","14.3","13.9","92","0.0","0.0","3","100","9.4","forecast","-23.558","-46.635","2026-09-20T16:31:34.073018-03:00"
"2026-09-18 04:00:00","14.2","13.8","92","0.0","0.0","3","100","9.2","forecast","-23.558","-46.635","2026-09-20T16:31:34.073018-03:00"
"2026-09-18 05:00:00","14.2","13.9","92","0.0","0.0","3","100","8.7","forecast","-23.558","-46.635","2026-09-20T16:31:34.073018-03:00"
"2026-09-18 06:00:00","14.4","14.2","92","0.0","0.0","3","100","7.8","forecast","-23.558","-46.635","2026-09-20T16:31:34.073018-03:00"
"2026-09-18 07:00:00","14.6","14.5","92","0.0","0.0","3","100","7.5","forecast","-23.558","-46.635","2026-09-20T16:31:34.073018-03:00"
"2026-09-18 08:00:00","15.0","15.0","90","0.0","0.0","3","98","7.4","forecast","-23.558","-46.635","2026-09-20T16:31:34.073018-03:00"
"2026-09-18 09:00:00","16.4","15.9","83","0.0","0.0","3","100","11.3","forecast","-23.558","-46.635","2026-09-20T16:31:34.073018-03:00"
"2026-09-18 10:00:00","17.6","17.5","79","0.0","0.0","3","100","9.4","forecast","-23.558","-46.635","2026-09-20T16:31:34.073018-03:00"
"2026-09-18 11:00:00","18.7","18.8","76","0.0","0.0","3","88","8.8","forecast","-23.558","-46.635","2026-09-20T16:31:34.073018-03:00"
"2026-09-18 12:00:00","20.0","20.5","72","0.0","0.0","3","100","7.1","forecast","-23.558","-46.635","2026-09-20T16:31:34.073018-03:00"
"2026-09-18 13:00:00","20.7","21.6","71","0.0","0.0","3","99","5.5","forecast","-23.558","-46.635","2026-09-20T16:31:34.073018-03:00"
"2026-09-18 14:00:00","22.0","23.3","66","0.0","0.0","3","96","4.0","forecast","-23.558","-46.635","2026-09-20T16:31:34.073018-03:00"
"2026-09-18 15:00:00","21.9","22.6","69","0.0","0.0","3","100","9.3","forecast","-23.558","-46.635","2026-09-20T16:31:34.073018-03:00"
"2026-09-18 16:00:00","19.7","20.2","82","0.0","0.0","2","57","11.5","forecast","-23.558","-46.635","2026-09-20T16:31:34.073018-03:00"
"2026-09-18 17:00:00","18.7","19.2","85","0.0","0.0","1","48","10.8","forecast","-23.558","-46.635","2026-09-20T16:31:34.073018-03:00"
"2026-09-18 18:00:00","17.2","17.9","91","0.0","0.0","2","70","8.7","forecast","-23.558","-46.635","2026-09-20T16:31:34.073018-03:00"
"2026-09-18 19:00:00","16.5","17.3","95","0.0","0.0","3","96","7.3","forecast","-23.558","-46.635","2026-09-20T16:31:34.073018-03:00"
"2026-09-18 20:00:00","16.4","17.1","96","0.0","0.0","3","100","8.1","forecast","-23.558","-46.635","2026-09-20T16:31:34.073018-03:00"
"2026-09-18 21:00:00","16.8","17.6","94","0.0","0.0","3","96","7.5","forecast","-23.558","-46.635","2026-09-20T16:31:34.073018-03:00"
"2026-09-18 22:00:00","16.7","17.6","94","0.0","0.0","3","96","6.5","forecast","-23.558","-46.635","2026-09-20T16:31:34.073018-03:00"
"2026-09-18 23:00:00","16.5","17.1","94","0.0","0.0","3","100","8.8","forecast","-23.558","-46.635","2026-09-20T16:31:34.073018-03:00"
"2026-09-19 00:00:00","16.6","17.0","92","0.0","0.0","3","93","9.0","forecast","-23.558","-46.635","2026-09-20T16:31:34.073018-03:00"
"2026-09-19 01:00:00","16.1","16.4","94","0.0","0.0","3","100","9.2","forecast","-23.558","-46.635","2026-09-20T16:31:34.073018-03:00"
"2026-09-19 02:00:00","15.8","16.3","95","0.0","0.0","3","100","8.4","forecast","-23.558","-46.635","2026-09-20T16:31:34.073018-03:00"
"2026-09-19 03:00:00","15.9","16.7","98","0.0","0.0","3","100","7.7","forecast","-23.558","-46.635","2026-09-20T16:31:34.073018-03:00"
"2026-09-19 04:00:00","15.9","16.4","97","0.0","0.0","3","100","9.5","forecast","-23.558","-46.635","2026-09-20T16:31:34.073018-03:00"
"2026-09-19 05:00:00","15.9","16.3","97","0.0","0.0","3","100","9.6","forecast","-23.558","-46.635","2026-09-20T16:31:34.073018-03:00"
"2026-09-19 06:00:00","15.9","16.3","97","0.0","0.0","3","100","9.4","forecast","-23.558","-46.635","2026-09-20T16:31:34.073018-03:00"
"2026-09-19 07:00:00","15.9","16.3","97","0.0","0.0","3","100","9.5","forecast","-23.558","-46.635","2026-09-20T16:31:34.073018-03:00"
"2026-09-19 08:00:00","16.5","17.0","94","0.0","0.0","3","100","9.0","forecast","-23.558","-46.635","2026-09-20T16:31:34.073018-03:00"
"2026-09-19 09:00:00","17.9","18.3","87","0.0","0.0","3","100","10.8","forecast","-23.558","-46.635","2026-09-20T16:31:34.073018-03:00"
"2026-09-19 10:00:00","19.5","20.3","79","0.0","0.0","3","100","8.1","forecast","-23.558","-46.635","2026-09-20T16:31:34.073018-03:00"
"2026-09-19 11:00:00","21.6","23.2","71","0.0","0.0","3","89","7.0","forecast","-23.558","-46.635","2026-09-20T16:31:34.073018-03:00"
"2026-09-19 12:00:00","23.9","26.6","62","0.0","0.0","3","98","5.9","forecast","-23.558","-46.635","2026-09-20T16:31:34.073018-03:00"
"2026-09-19 13:00:00","25.1","28.2","58","0.0","0.0","3","100","3.6","forecast","-23.558","-46.635","2026-09-20T16:31:34.073018-03:00"
"2026-09-19 14:00:00","25.7","28.5","56","0.0","0.0","1","26","2.7","forecast","-23.558","-46.635","2026-09-20T16:31:34.073018-03:00"
"2026-09-19 15:00:00","26.7","29.1","51","0.0","0.0","2","59","2.9","forecast","-23.558","-46.635","2026-09-20T16:31:34.073018-03:00"
"2026-09-19 16:00:00","26.4","27.9","52","0.0","0.0","2","75","2.8","forecast","-23.558","-46.635","2026-09-20T16:31:34.073018-03:00"
"2026-09-19 17:00:00","22.9","24.3","72","0.5","0.2","53","84","8.7","forecast","-23.558","-46.635","2026-09-20T16:31:34.073018-03:00"
"2026-09-19 18:00:00","21.2","23.4","85","0.5","0.4","53","54","7.3","forecast","-23.558","-46.635","2026-09-20T16:31:34.073018-03:00"
"2026-09-19 19:00:00","20.6","22.9","88","0.0","0.0","3","95","5.8","forecast","-23.558","-46.635","2026-09-20T16:31:34.073018-03:00"
"2026-09-19 20:00:00","19.7","22.2","93","0.0","0.0","3","90","4.0","forecast","-23.558","-46.635","2026-09-20T16:31:34.073018-03:00"
"2026-09-19 21:00:00","19.2","21.3","93","0.2","0.2","51","100","5.7","forecast","-23.558","-46.635","2026-09-20T16:31:34.073018-03:00"
"2026-09-19 22:00:00","19.6","21.0","89","0.0","0.0","3","100","9.3","forecast","-23.558","-46.635","2026-09-20T16:31:34.073018-03:00"
"2026-09-19 23:00:00","19.1","20.1","88","0.0","0.0","3","100","10.2","forecast","-23.558","-46.635","2026-09-20T16:31:34.073018-03:00"
"2026-09-20 00:00:00","18.7","19.8","89","0.0","0.0","3","100","8.9","forecast","-23.558","-46.635","2026-09-20T16:31:34.073018-03:00"
"2026-09-20 01:00:00","18.4","19.8","90","0.3","0.1","51","98","6.6","forecast","-23.558","-46.635","2026-09-20T16:31:34.073018-03:00"
"2026-09-20 02:00:00","18.2","19.8","91","0.4","0.2","51","100","4.3","forecast","-23.558","-46.635","2026-09-20T16:31:34.073018-03:00"
"2026-09-20 03:00:00","18.3","20.2","91","0.4","0.3","51","100","3.6","forecast","-23.558","-46.635","2026-09-20T16:31:34.073018-03:00"
"2026-09-20 04:00:00","18.2","20.0","92","1.2","1.2","55","100","3.8","forecast","-23.558","-46.635","2026-09-20T16:31:34.073018-03:00"
"2026-09-20 05:00:00","18.0","19.9","93","0.8","0.8","53","100","3.2","forecast","-23.558","-46.635","2026-09-20T16:31:34.073018-03:00"
"2026-09-20 06:00:00","17.8","19.6","94","0.7","0.7","53","100","4.5","forecast","-23.558","-46.635","2026-09-20T16:31:34.073018-03:00"
"2026-09-20 07:00:00","18.0","19.4","94","0.7","0.7","53","100","7.1","forecast","-23.558","-46.635","2026-09-20T16:31:34.073018-03:00"
"2026-09-20 08:00:00","18.6","20.0","93","0.7","0.7","53","95","8.8","forecast","-23.558","-46.635","2026-09-20T16:31:34.073018-03:00"
"2026-09-20 09:00:00","18.8","20.5","93","0.2","0.2","51","100","6.9","forecast","-23.558","-46.635","2026-09-20T16:31:34.073018-03:00"
"2026-09-20 10:00:00","19.7","21.4","89","0.2","0.1","51","100","7.4","forecast","-23.558","-46.635","2026-09-20T16:31:34.073018-03:00"
"2026-09-20 11:00:00","19.9","20.5","88","0.5","0.4","53","100","14.8","forecast","-23.558","-46.635","2026-09-20T16:31:34.073018-03:00"
"2026-09-20 12:00:00","21.2","21.5","81","0.3","0.3","51","100","17.3","forecast","-23.558","-46.635","2026-09-20T16:31:34.073018-03:00"
"2026-09-20 13:00:00","22.0","22.9","76","0.3","0.3","51","88","12.7","forecast","-23.558","-46.635","2026-09-20T16:31:34.073018-03:00"
"2026-09-20 14:00:00","23.6","23.8","66","0.0","0.0","3","100","14.4","forecast","-23.558","-46.635","2026-09-20T16:31:34.073018-03:00"
"2026-09-20 15:00:00","22.5","23.1","74","0.9","0.9","53","100","14.4","forecast","-23.558","-46.635","2026-09-20T16:31:34.073018-03:00"
"2026-09-20 16:00:00","20.2","21.3","86","2.1","1.7","80","100","12.1","forecast","-23.558","-46.635","2026-09-20T16:31:34.073018-03:00"
"2026-09-20 17:00:00","19.7","21.9","91","1.0","0.3","55","100","5.1","forecast","-23.558","-46.635","2026-09-20T16:31:34.073018-03:00"
"2026-09-20 18:00:00","19.7","21.1","90","0.6","0.6","53","100","10.3","forecast","-23.558","-46.635","2026-09-20T16:31:34.073018-03:00"
"2026-09-20 19:00:00","19.4","20.0","91","1.4","0.8","80","100","15.0","forecast","-23.558","-46.635","2026-09-20T16:31:34.073018-03:00"
"2026-09-20 20:00:00","19.1","20.2","92","1.1","0.8","55","98","11.7","forecast","-23.558","-46.635","2026-09-20T16:31:34.073018-03:00"
"2026-09-20 21:00:00","19.0","20.3","90","0.2","0.2","51","99","8.7","forecast","-23.558","-46.635","2026-09-20T16:31:34.073018-03:00"
"2026-09-20 22:00:00","19.1","19.6","89","0.0","0.0","3","100","13.6","forecast","-23.558","-46.635","2026-09-20T16:31:34.073018-03:00"
"2026-09-20 23:00:00","19.4","19.9","88","0.2","0.2","51","100","14.6","forecast","-23.558","-46.635","2026-09-20T16:31:34.073018-03:00"
"2026-09-21 00:00:00","19.6","20.4","87","0.0","0.0","3","100","12.0","forecast","-23.558","-46.635","2026-09-20T16:31:34.073018-03:00"
"2026-09-21 01:00:00","19.4","19.9","87","0.2","0.2","51","80","13.5","forecast","-23.558","-46.635","2026-09-20T16:31:34.073018-03:00"
"2026-09-21 02:00:00","19.4","19.9","85","0.0","0.0","3","96","12.8","forecast","-23.558","-46.635","2026-09-20T16:31:34.073018-03:00"
"2026-09-21 03:00:00","19.3","19.9","86","0.0","0.0","3","80","13.0","forecast","-23.558","-46.635","2026-09-20T16:31:34.073018-03:00"
"2026-09-21 04:00:00","19.3","19.4","84","0.0","0.0","2","79","15.1","forecast","-23.558","-46.635","2026-09-20T16:31:34.073018-03:00"
"2026-09-21 05:00:00","19.2","19.3","83","0.0","0.0","3","98","13.8","forecast","-23.558","-46.635","2026-09-20T16:31:34.073018-03:00"
"2026-09-21 06:00:00","19.1","19.3","83","0.0","0.0","2","69","12.8","forecast","-23.558","-46.635","2026-09-20T16:31:34.073018-03:00"
"2026-09-21 07:00:00","19.5","20.2","82","0.0","0.0","3","91","10.1","forecast","-23.558","-46.635","2026-09-20T16:31:34.073018-03:00"
"2026-09-21 08:00:00","20.1","21.4","82","0.0","0.0","3","80","7.4","forecast","-23.558","-46.635","2026-09-20T16:31:34.073018-03:00"
"2026-09-21 09:00:00","21.2","22.4","81","0.6","0.1","53","53","11.4","forecast","-23.558","-46.635","2026-09-20T16:31:34.073018-03:00"
"2026-09-21 10:00:00","23.1","23.9","73","0.0","0.0","0","3","13.8","forecast","-23.558","-46.635","2026-09-20T16:31:34.073018-03:00"
"2026-09-21 11:00:00","26.0","28.2","62","0.0","0.0","0","0","15.3","forecast","-23.558","-46.635","2026-09-20T16:31:34.073018-03:00"
"2026-09-21 12:00:00","28.2","29.9","51","0.0","0.0","0","0","17.6","forecast","-23.558","-46.635","2026-09-20T16:31:34.073018-03:00"
"2026-09-21 13:00:00","29.1","30.8","48","0.0","0.0","0","2","17.3","forecast","-23.558","-46.635","2026-09-20T16:31:34.073018-03:00"
"2026-09-21 14:00:00","27.2","29.8","54","0.6","0.0","53","66","10.1","forecast","-23.558","-46.635","2026-09-20T16:31:34.073018-03:00"
"2026-09-21 15:00:00","27.5","29.6","57","0.0","0.0","3","82","8.7","forecast","-23.558","-46.635","2026-09-20T16:31:34.073018-03:00"
"2026-09-21 16:00:00","24.4","26.4","71","3.1","0.0","96","96","9.2","forecast","-23.558","-46.635","2026-09-20T16:31:34.073018-03:00"
"2026-09-21 17:00:00","21.0","23.1","88","5.0","0.8","81","93","7.6","forecast","-23.558","-46.635","2026-09-20T16:31:34.073018-03:00"
"2026-09-21 18:00:00","20.5","21.8","88","0.3","0.3","51","100","12.4","forecast","-23.558","-46.635","2026-09-20T16:31:34.073018-03:00"
"2026-09-21 19:00:00","19.6","20.7","89","0.9","0.9","53","100","12.0","forecast","-23.558","-46.635","2026-09-20T16:31:34.073018-03:00"
"2026-09-21 20:00:00","19.8","20.4","86","0.1","0.1","51","95","14.1","forecast","-23.558","-46.635","2026-09-20T16:31:34.073018-03:00"
"2026-09-21 21:00:00","20.0","20.8","84","0.0","0.0","3","96","11.9","forecast","-23.558","-46.635","2026-09-20T16:31:34.073018-03:00"
"2026-09-21 22:00:00","20.2","21.0","82","0.0","0.0","2","54","11.4","forecast","-23.558","-46.635","2026-09-20T16:31:34.073018-03:00"
"2026-09-21 23:00:00","20.3","21.0","80","0.0","0.0","1","39","11.9","forecast","-23.558","-46.635","2026-09-20T16:31:34.073018-03:00"
"2026-09-22 00:00:00","20.5","21.1","79","0.0","0.0","1","42","11.6","forecast","-23.558","-46.635","2026-09-20T16:31:34.073018-03:00"
"2026-09-22 01:00:00","20.5","21.2","78","0.0","0.0","1","47","10.8","forecast","-23.558","-46.635","2026-09-20T16:31:34.073018-03:00"
"2026-09-22 02:00:00","20.5","21.0","78","0.0","0.0","2","55","11.5","forecast","-23.558","-46.635","2026-09-20T16:31:34.073018-03:00"
"2026-09-22 03:00:00","20.5","21.0","77","0.0","0.0","3","84","11.2","forecast","-23.558","-46.635","2026-09-20T16:31:34.073018-03:00"
"2026-09-22 04:00:00","20.3","20.9","78","0.0","0.0","3","92","10.6","forecast","-23.558","-46.635","2026-09-20T16:31:34.073018-03:00"
"2026-09-22 05:00:00","19.9","20.7","80","0.0","0.0","3","93","9.5","forecast","-23.558","-46.635","2026-09-20T16:31:34.073018-03:00"
"2026-09-22 06:00:00","19.4","20.4","83","0.0","0.0","3","91","8.6","forecast","-23.558","-46.635","2026-09-20T16:31:34.073018-03:00"
"2026-09-22 07:00:00","20.1","21.4","83","0.0","0.0","3","92","8.0","forecast","-23.558","-46.635","2026-09-20T16:31:34.073018-03:00"
"2026-09-22 08:00:00","21.3","23.4","81","0.0","0.0","3","100","4.7","forecast","-23.558","-46.635","2026-09-20T16:31:34.073018-03:00"
"2026-09-22 09:00:00","22.1","24.5","78","0.0","0.0","3","100","3.8","forecast","-23.558","-46.635","2026-09-20T16:31:34.073018-03:00"
"2026-09-22 10:00:00","22.9","25.3","76","0.0","0.0","3","99","4.0","forecast","-23.558","-46.635","2026-09-20T16:31:34.073018-03:00"
"2026-09-22 11:00:00","23.3","25.9","75","0.0","0.0","3","100","4.0","forecast","-23.558","-46.635","2026-09-20T16:31:34.073018-03:00"
"2026-09-22 12:00:00","24.7","26.6","68","0.0","0.0","3","100","8.6","forecast","-23.558","-46.635","2026-09-20T16:31:34.073018-03:00"
"2026-09-22 13:00:00","24.3","25.7","67","0.2","0.1","51","98","9.2","forecast","-23.558","-46.635","2026-09-20T16:31:34.073018-03:00"
"2026-09-22 14:00:00","24.4","26.6","64","0.0","0.0","3","98","7.6","forecast","-23.558","-46.635","2026-09-20T16:31:34.073018-03:00"
"2026-09-22 15:00:00","23.4","24.6","70","0.4","0.1","51","100","10.1","forecast","-23.558","-46.635","2026-09-20T16:31:34.073018-03:00"
"2026-09-22 16:00:00","23.4","25.6","68","0.0","0.0","3","100","2.3","forecast","-23.558","-46.635","2026-09-20T16:31:34.073018-03:00"
"2026-09-22 17:00:00","21.2","23.7","83","2.3","0.1","95","100","3.8","forecast","-23.558","-46.635","2026-09-20T16:31:34.073018-03:00"
"2026-09-22 18:00:00","19.5","22.1","92","2.4","0.3","95","100","2.7","forecast","-23.558","-46.635","2026-09-20T16:31:34.073018-03:00"
"2026-09-22 19:00:00","19.2","21.7","93","1.3","0.3","80","100","2.9","forecast","-23.558","-46.635","2026-09-20T16:31:34.073018-03:00"
"2026-09-22 20:00:00","18.6","21.0","95","2.4","0.1","95","100","2.9","forecast","-23.558","-46.635","2026-09-20T16:31:34.073018-03:00"
"2026-09-22 21:00:00","18.1","19.4","97","4.3","2.2","95","100","9.4","forecast","-23.558","-46.635","2026-09-20T16:31:34.073018-03:00"
"2026-09-22 22:00:00","16.7","17.3","95","3.4","0.6","95","100","9.8","forecast","-23.558","-46.635","2026-09-20T16:31:34.073018-03:00"
"2026-09-22 23:00:00","16.3","16.8","96","1.5","1.5","61","100","9.5","forecast","-23.558","-46.635","2026-09-20T16:31:34.073018-03:00"
"2026-09-23 00:00:00","16.2","16.7","96","1.1","1.0","55","100","9.1","forecast","-23.558","-46.635","2026-09-20T16:31:34.073018-03:00"
"2026-09-23 01:00:00","16.0","16.5","96","0.9","0.8","53","100","8.7","forecast","-23.558","-46.635","2026-09-20T16:31:34.073018-03:00"
"2026-09-23 02:00:00","15.7","15.9","96","1.3","1.2","80","100","10.7","forecast","-23.558","-46.635","2026-09-20T16:31:34.073018-03:00"
"2026-09-23 03:00:00","15.4","15.3","96","0.9","0.6","53","100","10.8","forecast","-23.558","-46.635","2026-09-20T16:31:34.073018-03:00"
"2026-09-23 04:00:00","14.8","14.2","96","1.2","0.6","55","100","13.1","forecast","-23.558","-46.635","2026-09-20T16:31:34.073018-03:00"
"2026-09-23 05:00:00","14.3","13.6","95","0.4","0.3","51","100","12.7","forecast","-23.558","-46.635","2026-09-20T16:31:34.073018-03:00"
"2026-09-23 06:00:00","14.2","13.6","95","0.4","0.4","51","100","11.7","forecast","-23.558","-46.635","2026-09-20T16:31:34.073018-03:00"
"2026-09-23 07:00:00","14.1","13.7","95","0.2","0.2","51","100","9.5","forecast","-23.558","-46.635","2026-09-20T16:31:34.073018-03:00"
"2026-09-23 08:00:00","14.2","13.3","92","0.4","0.0","51","100","11.7","forecast","-23.558","-46.635","2026-09-20T16:31:34.073018-03:00"
"2026-09-23 09:00:00","14.4","13.8","93","2.3","0.7","80","100","11.4","forecast","-23.558","-46.635","2026-09-20T16:31:34.073018-03:00"
"2026-09-23 10:00:00","15.7","14.8","85","0.6","0.4","53","100","12.9","forecast","-23.558","-46.635","2026-09-20T16:31:34.073018-03:00"
"2026-09-23 11:00:00","16.9","15.5","76","0.3","0.2","51","100","15.3","forecast","-23.558","-46.635","2026-09-20T16:31:34.073018-03:00"
"2026-09-23 12:00:00","15.5","14.2","84","0.2","0.1","51","100","14.4","forecast","-23.558","-46.635","2026-09-20T16:31:34.073018-03:00"
"2026-09-23 13:00:00","15.2","13.7","83","0.1","0.1","51","100","14.9","forecast","-23.558","-46.635","2026-09-20T16:31:34.073018-03:00"
"2026-09-23 14:00:00","15.5","14.0","81","0.1","0.1","51","100","14.7","forecast","-23.558","-46.635","2026-09-20T16:31:34.073018-03:00"
"2026-09-23 15:00:00","14.9","13.5","83","0.0","0.0","3","100","14.0","forecast","-23.558","-46.635","2026-09-20T16:31:34.073018-03:00"
"2026-09-23 16:00:00","14.7","13.3","84","0.0","0.0","3","100","13.3","forecast","-23.558","-46.635","2026-09-20T16:31:34.073018-03:00"
"2026-09-23 17:00:00","14.2","13.0","87","0.0","0.0","3","100","12.7","forecast","-23.558","-46.635","2026-09-20T16:31:34.073018-03:00"
"2026-09-23 18:00:00","13.8","12.6","89","0.0","0.0","3","100","12.6","forecast","-23.558","-46.635","2026-09-20T16:31:34.073018-03:00"
"2026-09-23 19:00:00","13.6","12.6","91","0.0","0.0","3","100","11.6","forecast","-23.558","-46.635","2026-09-20T16:31:34.073018-03:00"
"2026-09-23 20:00:00","13.6","12.5","91","0.1","0.1","51","100","11.5","forecast","-23.558","-46.635","2026-09-20T16:31:34.073018-03:00"
"2026-09-23 21:00:00","13.4","12.5","92","0.1","0.1","51","100","10.5","forecast","-23.558","-46.635","2026-09-20T16:31:34.073018-03:00"
"2026-09-23 22:00:00","13.4","12.6","93","0.0","0.0","3","99","9.9","forecast","-23.558","-46.635","2026-09-20T16:31:34.073018-03:00"
"2026-09-23 23:00:00","13.3","12.6","93","0.0","0.0","3","99","9.5","forecast","-23.558","-46.635","2026-09-20T16:31:34.073018-03:00"
"2026-09-24 00:00:00","13.3","12.6","93","0.0","0.0","3","100","9.4","forecast","-23.558","-46.635","2026-09-20T16:31:34.073018-03:00"
"2026-09-24 01:00:00","13.3","12.7","93","0.0","0.0","3","100","8.5","forecast","-23.558","-46.635","2026-09-20T16:31:34.073018-03:00"
"2026-09-24 02:00:00","13.3","12.8","93","0.0","0.0","3","100","8.0","forecast","-23.558","-46.635","2026-09-20T16:31:34.073018-03:00"
"2026-09-24 03:00:00","13.3","12.9","93","0.0","0.0","3","100","7.7","forecast","-23.558","-46.635","2026-09-20T16:31:34.073018-03:00"
"2026-09-24 04:00:00","13.3","12.9","94","0.1","0.1","51","100","7.9","forecast","-23.558","-46.635","2026-09-20T16:31:34.073018-03:00"
"2026-09-24 05:00:00","13.3","12.8","94","0.1","0.1","51","100","8.4","forecast","-23.558","-46.635","2026-09-20T16:31:34.073018-03:00"
"2026-09-24 06:00:00","13.5","12.9","93","0.1","0.1","51","100","9.2","forecast","-23.558","-46.635","2026-09-20T16:31:34.073018-03:00"
"2026-09-24 07:00:00","13.7","13.0","92","0.2","0.2","51","100","10.2","forecast","-23.558","-46.635","2026-09-20T16:31:34.073018-03:00"
"2026-09-24 08:00:00","14.1","13.3","91","0.2","0.2","51","100","11.3","forecast","-23.558","-46.635","2026-09-20T16:31:34.073018-03:00"
"2026-09-24 09:00:00","14.7","13.8","88","0.2","0.2","51","100","12.0","forecast","-23.558","-46.635","2026-09-20T16:31:34.073018-03:00"
"2026-09-24 10:00:00","15.6","14.8","84","0.1","0.1","51","100","11.4","forecast","-23.558","-46.635","2026-09-20T16:31:34.073018-03:00"
"2026-09-24 11:00:00","16.7","16.1","79","0.1","0.1","51","100","10.2","forecast","-23.558","-46.635","2026-09-20T16:31:34.073018-03:00"
"2026-09-24 12:00:00","17.3","16.9","76","0.1","0.1","51","100","9.4","forecast","-23.558","-46.635","2026-09-20T16:31:34.073018-03:00"
"2026-09-24 13:00:00","17.3","16.9","77","0.1","0.1","51","100","9.3","forecast","-23.558","-46.635","2026-09-20T16:31:34.073018-03:00"
"2026-09-24 14:00:00","16.9","16.5","80","0.1","0.1","51","100","9.8","forecast","-23.558","-46.635","2026-09-20T16:31:34.073018-03:00"
"2026-09-24 15:00:00","16.4","16.1","84","0.1","0.1","51","100","10.3","forecast","-23.558","-46.635","2026-09-20T16:31:34.073018-03:00"
"2026-09-24 16:00:00","16.1","15.8","86","0.0","0.0","3","100","10.1","forecast","-23.558","-46.635","2026-09-20T16:31:34.073018-03:00"
"2026-09-24 17:00:00","15.7","15.5","88","0.0","0.0","3","100","9.4","forecast","-23.558","-46.635","2026-09-20T16:31:34.073018-03:00"
"2026-09-24 18:00:00","15.4","15.3","90","0.0","0.0","3","100","8.6","forecast","-23.558","-46.635","2026-09-20T16:31:34.073018-03:00"
"2026-09-24 19:00:00","15.2","15.2","91","0.0","0.0","3","100","7.9","forecast","-23.558","-46.635","2026-09-20T16:31:34.073018-03:00"
"2026-09-24 20:00:00","15.0","15.2","93","0.0","0.0","3","100","7.4","forecast","-23.558","-46.635","2026-09-20T16:31:34.073018-03:00"
"2026-09-24 21:00:00","14.9","15.1","94","0.0","0.0","3","100","7.1","forecast","-23.558","-46.635","2026-09-20T16:31:34.073018-03:00"
"2026-09-24 22:00:00","14.9","15.2","94","0.0","0.0","3","100","7.1","forecast","-23.558","-46.635","2026-09-20T16:31:34.073018-03:00"
"2026-09-24 23:00:00","15.0","15.2","95","0.0","0.0","3","100","7.1","forecast","-23.558","-46.635","2026-09-20T16:31:34.073018-03:00"
"2026-09-25 00:00:00","15.0","15.4","95","0.0","0.0","3","100","6.9","forecast","-23.558","-46.635","2026-09-20T16:31:34.073018-03:00"
"2026-09-25 01:00:00","15.0","15.5","95","0.0","0.0","3","100","6.0","forecast","-23.558","-46.635","2026-09-20T16:31:34.073018-03:00"
"2026-09-25 02:00:00","15.1","15.7","95","0.0","0.0","3","100","5.0","forecast","-23.558","-46.635","2026-09-20T16:31:34.073018-03:00"
"2026-09-25 03:00:00","15.1","15.8","95","0.0","0.0","3","100","4.2","forecast","-23.558","-46.635","2026-09-20T16:31:34.073018-03:00"
"2026-09-25 04:00:00","15.0","15.7","95","0.0","0.0","3","100","4.6","forecast","-23.558","-46.635","2026-09-20T16:31:34.073018-03:00"
"2026-09-25 05:00:00","14.9","15.4","95","0.0","0.0","3","100","5.9","forecast","-23.558","-46.635","2026-09-20T16:31:34.073018-03:00"
"2026-09-25 06:00:00","15.1","15.3","93","0.0","0.0","3","100","7.2","forecast","-23.558","-46.635","2026-09-20T16:31:34.073018-03:00"
"2026-09-25 07:00:00","15.7","16.0","91","0.0","0.0","3","100","7.2","forecast","-23.558","-46.635","2026-09-20T16:31:34.073018-03:00"
"2026-09-25 08:00:00","16.5","16.9","88","0.0","0.0","3","99","6.7","forecast","-23.558","-46.635","2026-09-20T16:31:34.073018-03:00"
"2026-09-25 09:00:00","17.6","18.2","84","0.0","0.0","3","99","6.1","forecast","-23.558","-46.635","2026-09-20T16:31:34.073018-03:00"
"2026-09-25 10:00:00","19.2","20.1","77","0.0","0.0","3","99","5.0","forecast","-23.558","-46.635","2026-09-20T16:31:34.073018-03:00"
"2026-09-25 11:00:00","21.0","23.0","70","0.0","0.0","3","100","3.5","forecast","-23.558","-46.635","2026-09-20T16:31:34.073018-03:00"
"2026-09-25 12:00:00","22.3","24.9","66","0.0","0.0","3","98","2.8","forecast","-23.558","-46.635","2026-09-20T16:31:34.073018-03:00"
"2026-09-25 13:00:00","22.8","25.2","65","0.1","0.1","51","95","4.5","forecast","-23.558","-46.635","2026-09-20T16:31:34.073018-03:00"
"2026-09-25 14:00:00","22.8","24.4","67","0.1","0.1","51","90","7.7","forecast","-23.558","-46.635","2026-09-20T16:31:34.073018-03:00"
"2026-09-25 15:00:00","22.3","23.1","69","0.1","0.1","51","80","10.0","forecast","-23.558","-46.635","2026-09-20T16:31:34.073018-03:00"
"2026-09-25 16:00:00","21.4","22.1","73","0.0","0.0","2","57","10.5","forecast","-23.558","-46.635","2026-09-20T16:31:34.073018-03:00"
"2026-09-25 17:00:00","20.1","20.7","78","0.0","0.0","1","29","10.2","forecast","-23.558","-46.635","2026-09-20T16:31:34.073018-03:00"
"2026-09-25 18:00:00","18.9","19.5","83","0.0","0.0","0","12","9.3","forecast","-23.558","-46.635","2026-09-20T16:31:34.073018-03:00"
"2026-09-25 19:00:00","17.9","18.6","87","0.0","0.0","0","13","8.0","forecast","-23.558","-46.635","2026-09-20T16:31:34.073018-03:00"
"2026-09-25 20:00:00","16.9","17.8","91","0.0","0.0","1","25","6.4","forecast","-23.558","-46.635","2026-09-20T16:31:34.073018-03:00"
"2026-09-25 21:00:00","16.2","17.1","94","0.0","0.0","1","40","5.5","forecast","-23.558","-46.635","2026-09-20T16:31:34.073018-03:00"
"2026-09-25 22:00:00","15.9","16.8","96","0.0","0.0","2","60","5.3","forecast","-23.558","-46.635","2026-09-20T16:31:34.073018-03:00"
"2026-09-25 23:00:00","15.8","16.8","97","0.0","0.0","3","83","5.4","forecast","-23.558","-46.635","2026-09-20T16:31:34.073018-03:00"
"2026-09-26 00:00:00","15.8","16.8","98","0.0","0.0","3","100","5.4","forecast","-23.558","-46.635","2026-09-20T16:31:34.073018-03:00"
"2026-09-26 01:00:00","15.8","16.9","99","0.0","0.0","3","100","4.9","forecast","-23.558","-46.635","2026-09-20T16:31:34.073018-03:00"
"2026-09-26 02:00:00","15.9","17.1","99","0.0","0.0","3","100","4.4","forecast","-23.558","-46.635","2026-09-20T16:31:34.073018-03:00"
"2026-09-26 03:00:00","16.0","17.3","99","0.0","0.0","3","100","4.1","forecast","-23.558","-46.635","2026-09-20T16:31:34.073018-03:00"
"2026-09-26 04:00:00","16.0","17.4","99","0.0","0.0","3","100","3.7","forecast","-23.558","-46.635","2026-09-20T16:31:34.073018-03:00"
"2026-09-26 05:00:00","16.1","17.6","98","0.0","0.0","3","100","3.5","forecast","-23.558","-46.635","2026-09-20T16:31:34.073018-03:00"
"2026-09-26 06:00:00","16.4","17.9","97","0.0","0.0","3","100","3.5","forecast","-23.558","-46.635","2026-09-20T16:31:34.073018-03:00"
"2026-09-26 07:00:00","17.3","19.1","94","0.0","0.0","3","99","2.2","forecast","-23.558","-46.635","2026-09-20T16:31:34.073018-03:00"
"2026-09-26 08:00:00","18.0","19.8","90","0.0","0.0","3","93","2.8","forecast","-23.558","-46.635","2026-09-20T16:31:34.073018-03:00"
"2026-09-26 09:00:00","18.9","20.5","85","0.0","0.0","3","86","3.3","forecast","-23.558","-46.635","2026-09-20T16:31:34.073018-03:00"
"2026-09-26 10:00:00","20.2","22.4","76","0.0","0.0","2","75","3.4","forecast","-23.558","-46.635","2026-09-20T16:31:34.073018-03:00"
"2026-09-26 11:00:00","22.1","25.1","66","0.0","0.0","2","59","3.4","forecast","-23.558","-46.635","2026-09-20T16:31:34.073018-03:00"
"2026-09-26 12:00:00","24.1","27.6","56","0.0","0.0","1","42","3.1","forecast","-23.558","-46.635","2026-09-20T16:31:34.073018-03:00"
"2026-09-26 13:00:00","25.9","29.5","48","0.0","0.0","1","24","2.9","forecast","-23.558","-46.635","2026-09-20T16:31:34.073018-03:00"
"2026-09-26 14:00:00","27.3","30.5","44","0.0","0.0","0","10","2.7","forecast","-23.558","-46.635","2026-09-20T16:31:34.073018-03:00"
"2026-09-26 15:00:00","27.9","30.1","42","0.0","0.0","0","0","2.4","forecast","-23.558","-46.635","2026-09-20T16:31:34.073018-03:00"
"2026-09-26 16:00:00","27.4","28.5","45","0.0","0.0","0","0","2.1","forecast","-23.558","-46.635","2026-09-20T16:31:34.073018-03:00"
"2026-09-26 17:00:00","26.2","27.6","50","0.0","0.0","0","0","1.3","forecast","-23.558","-46.635","2026-09-20T16:31:34.073018-03:00"
"2026-09-26 18:00:00","24.4","26.4","60","0.0","0.0","0","0","0.7","forecast","-23.558","-46.635","2026-09-20T16:31:34.073018-03:00"
"2026-09-26 19:00:00","22.5","25.0","72","0.0","0.0","0","0","0.4","forecast","-23.558","-46.635","2026-09-20T16:31:34.073018-03:00"
"2026-09-26 20:00:00","20.8","23.5","84","0.0","0.0","0","1","1.1","forecast","-23.558","-46.635","2026-09-20T16:31:34.073018-03:00"
"2026-09-26 21:00:00","19.5","22.3","93","0.0","0.0","0","8","1.5","forecast","-23.558","-46.635","2026-09-20T16:31:34.073018-03:00"
"2026-09-26 22:00:00","18.6","21.4","99","0.0","0.0","1","20","1.7","forecast","-23.558","-46.635","2026-09-20T16:31:34.073018-03:00"
"2026-09-26 23:00:00","17.8","20.3","100","0.0","0.0","1","39","2.0","forecast","-23.558","-46.635","2026-09-20T16:31:34.073018-03:00"
"2026-09-27 00:00:00","17.2","19.5","100","0.0","0.0","2","59","2.0","forecast","-23.558","-46.635","2026-09-20T16:31:34.073018-03:00"
"2026-09-27 01:00:00","16.7","18.7","100","0.0","0.0","2","78","2.2","forecast","-23.558","-46.635","2026-09-20T16:31:34.073018-03:00"
"2026-09-27 02:00:00","16.4","18.3","100","0.0","0.0","3","93","2.2","forecast","-23.558","-46.635","2026-09-20T16:31:34.073018-03:00"
"2026-09-27 03:00:00","16.3","18.0","99","0.0","0.0","3","100","2.4","forecast","-23.558","-46.635","2026-09-20T16:31:34.073018-03:00"
"2026-09-27 04:00:00","16.3","17.9","98","0.0","0.0","3","97","2.6","forecast","-23.558","-46.635","2026-09-20T16:31:34.073018-03:00"
"2026-09-27 05:00:00","16.4","18.1","97","0.0","0.0","3","86","2.6","forecast","-23.558","-46.635","2026-09-20T16:31:34.073018-03:00"
"2026-09-27 06:00:00","16.7","18.4","96","0.0","0.0","2","71","2.8","forecast","-23.558","-46.635","2026-09-20T16:31:34.073018-03:00"
"2026-09-27 07:00:00","17.2","18.9","94","0.0","0.0","2","54","3.0","forecast","-23.558","-46.635","2026-09-20T16:31:34.073018-03:00"
"2026-09-27 08:00:00","17.8","19.6","92","0.0","0.0","1","39","2.9","forecast","-23.558","-46.635","2026-09-20T16:31:34.073018-03:00"
"2026-09-27 09:00:00","18.6","20.4","88","0.0","0.0","1","28","3.1","forecast","-23.558","-46.635","2026-09-20T16:31:34.073018-03:00"
"2026-09-27 10:00:00","19.8","22.6","83","0.0","0.0","1","21","3.4","forecast","-23.558","-46.635","2026-09-20T16:31:34.073018-03:00"
"2026-09-27 11:00:00","21.4","25.3","76","0.0","0.0","0","15","4.2","forecast","-23.558","-46.635","2026-09-20T16:31:34.073018-03:00"
"2026-09-27 12:00:00","23.2","27.6","70","0.0","0.0","0","10","5.4","forecast","-23.558","-46.635","2026-09-20T16:31:34.073018-03:00"
"2026-09-27 13:00:00","24.9","29.3","64","0.0","0.0","0","7","6.6","forecast","-23.558","-46.635","2026-09-20T16:31:34.073018-03:00"
"2026-09-27 14:00:00","26.1","30.0","60","0.0","0.0","0","6","7.7","forecast","-23.558","-46.635","2026-09-20T16:31:34.073018-03:00"
"2026-09-27 15:00:00","26.5","29.5","59","0.0","0.0","0","6","8.1","forecast","-23.558","-46.635","2026-09-20T16:31:34.073018-03:00"
"2026-09-27 16:00:00","25.9","27.5","61","0.0","0.0","0","8","8.0","forecast","-23.558","-46.635","2026-09-20T16:31:34.073018-03:00"
"2026-09-27 17:00:00","24.5","26.1","65","0.0","0.0","0","12","7.4","forecast","-23.558","-46.635","2026-09-20T16:31:34.073018-03:00"
"2026-09-27 18:00:00","22.7","24.3","71","0.0","0.0","0","17","6.4","forecast","-23.558","-46.635","2026-09-20T16:31:34.073018-03:00"
"2026-09-27 19:00:00","20.7","22.3","79","0.0","0.0","1","24","5.4","forecast","-23.558","-46.635","2026-09-20T16:31:34.073018-03:00"
"2026-09-27 20:00:00","18.9","20.5","87","0.0","0.0","1","31","4.6","forecast","-23.558","-46.635","2026-09-20T16:31:34.073018-03:00"
"2026-09-27 21:00:00","17.6","19.2","92","0.0","0.0","1","39","4.1","forecast","-23.558","-46.635","2026-09-20T16:31:34.073018-03:00"
"2026-09-27 22:00:00","16.9","18.4","96","0.0","0.0","1","49","4.1","forecast","-23.558","-46.635","2026-09-20T16:31:34.073018-03:00"
"2026-09-27 23:00:00","16.4","17.8","98","0.0","0.0","2","63","4.6","forecast","-23.558","-46.635","2026-09-20T16:31:34.073018-03:00"
"2026-09-28 00:00:00","16.2","17.4","99","0.0","0.0","2","77","5.4","forecast","-23.558","-46.635","2026-09-20T16:31:34.073018-03:00"
"2026-09-28 01:00:00","16.1","17.2","99","0.0","0.0","3","90","6.2","forecast","-23.558","-46.635","2026-09-20T16:31:34.073018-03:00"
"2026-09-28 02:00:00","16.1","17.1","98","0.0","0.0","3","98","6.6","forecast","-23.558","-46.635","2026-09-20T16:31:34.073018-03:00"
"2026-09-28 03:00:00","16.3","17.3","97","0.0","0.0","3","100","6.9","forecast","-23.558","-46.635","2026-09-20T16:31:34.073018-03:00"
"2026-09-28 04:00:00","16.6","17.7","97","0.0","0.0","3","91","6.5","forecast","-23.558","-46.635","2026-09-20T16:31:34.073018-03:00"
"2026-09-28 05:00:00","17.0","18.2","95","0.0","0.0","2","74","5.8","forecast","-23.558","-46.635","2026-09-20T16:31:34.073018-03:00"
"2026-09-28 06:00:00","17.5","19.0","94","0.0","0.0","2","53","5.0","forecast","-23.558","-46.635","2026-09-20T16:31:34.073018-03:00"
"2026-09-28 07:00:00","18.2","20.0","92","0.0","0.0","1","31","4.3","forecast","-23.558","-46.635","2026-09-20T16:31:34.073018-03:00"
"2026-09-28 08:00:00","19.1","21.1","88","0.0","0.0","0","15","3.6","forecast","-23.558","-46.635","2026-09-20T16:31:34.073018-03:00"
"2026-09-28 09:00:00","20.3","22.4","82","0.0","0.0","0","7","2.5","forecast","-23.558","-46.635","2026-09-20T16:31:34.073018-03:00"
"2026-09-28 10:00:00","22.0","25.5","74","0.0","0.0","0","11","1.1","forecast","-23.558","-46.635","2026-09-20T16:31:34.073018-03:00"
"2026-09-28 11:00:00","24.3","28.6","63","0.0","0.0","1","24","2.0","forecast","-23.558","-46.635","2026-09-20T16:31:34.073018-03:00"
"2026-09-28 12:00:00","26.9","31.1","53","0.0","0.0","1","41","4.7","forecast","-23.558","-46.635","2026-09-20T16:31:34.073018-03:00"
"2026-09-28 13:00:00","29.2","32.8","45","0.0","0.0","2","59","7.1","forecast","-23.558","-46.635","2026-09-20T16:31:34.073018-03:00"
"2026-09-28 14:00:00","30.9","33.6","41","0.0","0.0","2","75","9.0","forecast","-23.558","-46.635","2026-09-20T16:31:34.073018-03:00"
"2026-09-28 15:00:00","31.7","33.4","39","0.0","0.0","3","83","9.7","forecast","-23.558","-46.635","2026-09-20T16:31:34.073018-03:00"
"2026-09-28 16:00:00","31.1","32.0","41","0.0","0.0","3","84","8.9","forecast","-23.558","-46.635","2026-09-20T16:31:34.073018-03:00"
"2026-09-28 17:00:00","29.5","30.9","47","0.0","0.0","3","81","6.9","forecast","-23.558","-46.635","2026-09-20T16:31:34.073018-03:00"
"2026-09-28 18:00:00","27.3","29.5","56","0.0","0.0","2","75","4.1","forecast","-23.558","-46.635","2026-09-20T16:31:34.073018-03:00"
"2026-09-28 19:00:00","24.9","27.7","67","0.0","0.0","2","67","1.5","forecast","-23.558","-46.635","2026-09-20T16:31:34.073018-03:00"
"2026-09-28 20:00:00","22.8","25.9","78","0.0","0.0","2","59","1.6","forecast","-23.558","-46.635","2026-09-20T16:31:34.073018-03:00"
"2026-09-28 21:00:00","21.3","24.3","88","0.0","0.0","2","52","3.3","forecast","-23.558","-46.635","2026-09-20T16:31:34.073018-03:00"
"2026-09-28 22:00:00","20.4","23.2","93","0.0","0.0","1","44","4.3","forecast","-23.558","-46.635","2026-09-20T16:31:34.073018-03:00"
"2026-09-28 23:00:00","19.8","22.4","96","0.0","0.0","1","35","5.1","forecast","-23.558","-46.635","2026-09-20T16:31:34.073018-03:00"
"2026-09-29 00:00:00","19.3","21.8","97","0.0","0.0","1","25","5.5","forecast","-23.558","-46.635","2026-09-20T16:31:34.073018-03:00"
"2026-09-29 01:00:00","19.1","21.4","97","0.0","0.0","0","16","6.1","forecast","-23.558","-46.635","2026-09-20T16:31:34.073018-03:00"
"2026-09-29 02:00:00","19.2","21.3","95","0.0","0.0","0","9","6.4","forecast","-23.558","-46.635","2026-09-20T16:31:34.073018-03:00"
"2026-09-29 03:00:00","19.6","21.6","91","0.0","0.0","0","5","6.5","forecast","-23.558","-46.635","2026-09-20T16:31:34.073018-03:00"
"2026-09-29 04:00:00","20.3","22.3","87","0.0","0.0","0","4","6.4","forecast","-23.558","-46.635","2026-09-20T16:31:34.073018-03:00"
"2026-09-29 05:00:00","21.5","23.5","80","0.0","0.0","0","7","6.1","forecast","-23.558","-46.635","2026-09-20T16:31:34.073018-03:00"
"2026-09-29 06:00:00","23.0","25.0","73","0.0","0.0","0","11","5.5","forecast","-23.558","-46.635","2026-09-20T16:31:34.073018-03:00"
"2026-09-29 07:00:00","24.5","26.6","66","0.0","0.0","0","16","4.8","forecast","-23.558","-46.635","2026-09-20T16:31:34.073018-03:00"
"2026-09-29 08:00:00","26.0","28.2","60","0.0","0.0","1","22","4.0","forecast","-23.558","-46.635","2026-09-20T16:31:34.073018-03:00"
"2026-09-29 09:00:00","27.3","29.5","55","0.0","0.0","1","27","3.2","forecast","-23.558","-46.635","2026-09-20T16:31:34.073018-03:00"
"2026-09-29 10:00:00","28.6","31.6","49","0.0","0.0","1","33","3.0","forecast","-23.558","-46.635","2026-09-20T16:31:34.073018-03:00"
"2026-09-29 11:00:00","30.0","33.3","43","0.0","0.0","1","39","4.0","forecast","-23.558","-46.635","2026-09-20T16:31:34.073018-03:00"
"2026-09-29 12:00:00","31.3","34.2","37","0.0","0.0","1","46","6.2","forecast","-23.558","-46.635","2026-09-20T16:31:34.073018-03:00"
"2026-09-29 13:00:00","32.4","34.5","33","0.0","0.0","2","53","8.4","forecast","-23.558","-46.635","2026-09-20T16:31:34.073018-03:00"
"2026-09-29 14:00:00","33.1","34.2","31","0.0","0.0","2","60","10.2","forecast","-23.558","-46.635","2026-09-20T16:31:34.073018-03:00"
"2026-09-29 15:00:00","33.1","33.2","30","0.0","0.0","2","66","11.1","forecast","-23.558","-46.635","2026-09-20T16:31:34.073018-03:00"
"2026-09-29 16:00:00","32.3","32.0","33","0.1","0.1","51","72","10.7","forecast","-23.558","-46.635","2026-09-20T16:31:34.073018-03:00"
"2026-09-29 17:00:00","30.6","30.9","39","0.1","0.1","51","78","9.3","forecast","-23.558","-46.635","2026-09-20T16:31:34.073018-03:00"
"2026-09-29 18:00:00","28.5","29.6","48","0.1","0.1","51","84","7.3","forecast","-23.558","-46.635","2026-09-20T16:31:34.073018-03:00"
"2026-09-29 19:00:00","26.3","28.3","60","0.1","0.1","51","90","5.3","forecast","-23.558","-46.635","2026-09-20T16:31:34.073018-03:00"
"2026-09-29 20:00:00","24.4","27.2","72","0.1","0.1","51","94","3.6","forecast","-23.558","-46.635","2026-09-20T16:31:34.073018-03:00"
"2026-09-29 21:00:00","23.1","26.3","80","0.1","0.1","51","97","2.8","forecast","-23.558","-46.635","2026-09-20T16:31:34.073018-03:00"
"2026-09-29 22:00:00","22.5","25.7","83","0.2","0.2","51","99","3.1","forecast","-23.558","-46.635","2026-09-20T16:31:34.073018-03:00"
"2026-09-29 23:00:00","22.3","25.0","82","0.2","0.2","51","99","4.5","forecast","-23.558","-46.635","2026-09-20T16:31:34.073018-03:00"
"2026-09-30 00:00:00","22.3","24.5","79","0.2","0.2","51","99","6.0","forecast","-23.558","-46.635","2026-09-20T16:31:34.073018-03:00"
"2026-09-30 01:00:00","22.6","24.2","74","0.2","0.2","51","97","8.0","forecast","-23.558","-46.635","2026-09-20T16:31:34.073018-03:00"
"2026-09-30 02:00:00","22.9","24.0","69","0.2","0.2","51","95","9.6","forecast","-23.558","-46.635","2026-09-20T16:31:34.073018-03:00"
"2026-09-30 03:00:00","23.4","24.0","65","0.2","0.2","51","91","11.0","forecast","-23.558","-46.635","2026-09-20T16:31:34.073018-03:00"
"2026-09-30 04:00:00","23.9","24.3","62","0.0","0.0","3","85","12.1","forecast","-23.558","-46.635","2026-09-20T16:31:34.073018-03:00"
"2026-09-30 05:00:00","24.7","24.8","59","0.0","0.0","2","77","13.0","forecast","-23.558","-46.635","2026-09-20T16:31:34.073018-03:00"
"2026-09-30 06:00:00","25.5","25.5","55","0.0","0.0","2","68","13.7","forecast","-23.558","-46.635","2026-09-20T16:31:34.073018-03:00"
"2026-09-30 07:00:00","26.4","26.2","52","0.0","0.0","2","59","14.4","forecast","-23.558","-46.635","2026-09-20T16:31:34.073018-03:00"
"2026-09-30 08:00:00","27.4","27.1","48","0.0","0.0","2","52","14.8","forecast","-23.558","-46.635","2026-09-20T16:31:34.073018-03:00"
"2026-09-30 09:00:00","28.2","27.8","45","0.0","0.0","1","48","15.1","forecast","-23.558","-46.635","2026-09-20T16:31:34.073018-03:00"
"2026-09-30 10:00:00","29.2","29.4","42","0.0","0.0","1","48","15.4","forecast","-23.558","-46.635","2026-09-20T16:31:34.073018-03:00"
"2026-09-30 11:00:00","30.2","30.8","38","0.0","0.0","2","51","15.6","forecast","-23.558","-46.635","2026-09-20T16:31:34.073018-03:00"
"2026-09-30 12:00:00","31.3","31.8","34","0.0","0.0","2","56","16.3","forecast","-23.558","-46.635","2026-09-20T16:31:34.073018-03:00"
"2026-09-30 13:00:00","32.3","32.4","32","0.0","0.0","2","62","16.8","forecast","-23.558","-46.635","2026-09-20T16:31:34.073018-03:00"
"2026-09-30 14:00:00","32.8","32.3","30","0.0","0.0","2","68","17.2","forecast","-23.558","-46.635","2026-09-20T16:31:34.073018-03:00"
"2026-09-30 15:00:00","32.9","31.8","30","0.0","0.0","2","73","16.9","forecast","-23.558","-46.635","2026-09-20T16:31:34.073018-03:00"
"2026-09-30 16:00:00","32.4","31.2","32","0.1","0.0","51","78","15.4","forecast","-23.558","-46.635","2026-09-20T16:31:34.073018-03:00"
"2026-09-30 17:00:00","31.3","30.7","35","0.1","0.0","51","84","13.1","forecast","-23.558","-46.635","2026-09-20T16:31:34.073018-03:00"
"2026-09-30 18:00:00","29.8","29.9","41","0.1","0.0","51","90","10.7","forecast","-23.558","-46.635","2026-09-20T16:31:34.073018-03:00"
"2026-09-30 19:00:00","28.3","29.1","48","0.1","0.0","51","95","8.9","forecast","-23.558","-46.635","2026-09-20T16:31:34.073018-03:00"
"2026-09-30 20:00:00","26.8","28.0","55","0.1","0.0","51","99","8.3","forecast","-23.558","-46.635","2026-09-20T16:31:34.073018-03:00"
"2026-09-30 21:00:00","25.6","27.2","61","0.1","0.0","51","100","8.1","forecast","-23.558","-46.635","2026-09-20T16:31:34.073018-03:00"
"2026-09-30 22:00:00","24.7","26.4","67","0.3","0.3","51","98","7.7","forecast","-23.558","-46.635","2026-09-20T16:31:34.073018-03:00"
"2026-09-30 23:00:00","23.7","25.6","72","0.3","0.3","51","92","7.6","forecast","-23.558","-46.635","2026-09-20T16:31:34.073018-03:00"
"2026-10-01 00:00:00","22.8","24.7","76","0.3","0.3","51","85","8.1","forecast","-23.558","-46.635","2026-09-20T16:31:34.073018-03:00"
"2026-10-01 01:00:00","22.1","23.8","80","0.3","0.3","51","78","9.6","forecast","-23.558","-46.635","2026-09-20T16:31:34.073018-03:00"
"2026-10-01 02:00:00","21.6","23.1","83","0.3","0.3","51","72","11.2","forecast","-23.558","-46.635","2026-09-20T16:31:34.073018-03:00"
"2026-10-01 03:00:00","21.2","22.6","85","0.3","0.3","51","70","12.4","forecast","-23.558","-46.635","2026-09-20T16:31:34.073018-03:00"
"2026-10-01 04:00:00","21.3","22.6","86","0.0","0.0","2","72","12.9","forecast","-23.558","-46.635","2026-09-20T16:31:34.073018-03:00"
"2026-10-01 05:00:00","21.7","23.0","84","0.0","0.0","2","77","13.0","forecast","-23.558","-46.635","2026-09-20T16:31:34.073018-03:00"
"2026-10-01 06:00:00","22.2","23.6","81","0.0","0.0","3","83","13.0","forecast","-23.558","-46.635","2026-09-20T16:31:34.073018-03:00"
"2026-10-01 07:00:00","22.8","24.2","79","0.0","0.0","3","90","12.4","forecast","-23.558","-46.635","2026-09-20T16:31:34.073018-03:00"
"2026-10-01 08:00:00","23.2","24.7","77","0.0","0.0","3","96","11.7","forecast","-23.558","-46.635","2026-09-20T16:31:34.073018-03:00"
"2026-10-01 09:00:00","23.2","24.9","76","0.0","0.0","3","100","10.5","forecast","-23.558","-46.635","2026-09-20T16:31:34.073018-03:00"
"2026-10-01 10:00:00","22.8","24.7","77","2.5","1.3","81","100","8.5","forecast","-23.558","-46.635","2026-09-20T16:31:34.073018-03:00"
"2026-10-01 11:00:00","22.0","24.1","79","2.5","1.3","81","100","6.1","forecast","-23.558","-46.635","2026-09-20T16:31:34.073018-03:00"
"2026-10-01 12:00:00","21.1","23.3","82","2.5","1.3","81","100","4.8","forecast","-23.558","-46.635","2026-09-20T16:31:34.073018-03:00"
"2026-10-01 13:00:00","20.1","22.0","86","2.5","1.3","81","100","6.0","forecast","-23.558","-46.635","2026-09-20T16:31:34.073018-03:00"
"2026-10-01 14:00:00","19.2","20.5","88","2.5","1.3","81","100","8.1","forecast","-23.558","-46.635","2026-09-20T16:31:34.073018-03:00"
"2026-10-01 15:00:00","18.4","19.3","91","2.5","1.3","81","100","9.9","forecast","-23.558","-46.635","2026-09-20T16:31:34.073018-03:00"
"2026-10-01 16:00:00","17.7","18.3","92","0.8","0.8","53","100","10.8","forecast","-23.558","-46.635","2026-09-20T16:31:34.073018-03:00"
"2026-10-01 17:00:00","17.0","17.4","93","0.8","0.8","53","100","11.1","forecast","-23.558","-46.635","2026-09-20T16:31:34.073018-03:00"
"2026-10-01 18:00:00","16.4","16.5","93","0.8","0.8","53","100","10.9","forecast","-23.558","-46.635","2026-09-20T16:31:34.073018-03:00"
"2026-10-01 19:00:00","15.8","15.8","93","0.8","0.8","53","100","10.6","forecast","-23.558","-46.635","2026-09-20T16:31:34.073018-03:00"
"2026-10-01 20:00:00","15.3","15.2","93","0.8","0.8","53","100","10.2","forecast","-23.558","-46.635","2026-09-20T16:31:34.073018-03:00"
"2026-10-01 21:00:00","14.9","14.6","94","0.8","0.8","53","100","10.2","forecast","-23.558","-46.635","2026-09-20T16:31:34.073018-03:00"
"2026-10-01 22:00:00","14.5","14.2","94","0.7","0.7","53","100","10.2","forecast","-23.558","-46.635","2026-09-20T16:31:34.073018-03:00"
"2026-10-01 23:00:00","14.3","13.9","94","0.7","0.7","53","100","10.0","forecast","-23.558","-46.635","2026-09-20T16:31:34.073018-03:00"
"2026-10-02 00:00:00","14.1","13.7","94","0.7","0.7","53","100","9.8","forecast","-23.558","-46.635","2026-09-20T16:31:34.073018-03:00"
"2026-10-02 01:00:00","14.0","13.5","94","0.7","0.7","53","100","9.4","forecast","-23.558","-46.635","2026-09-20T16:31:34.073018-03:00"
"2026-10-02 02:00:00","13.9","13.4","94","0.7","0.7","53","100","9.2","forecast","-23.558","-46.635","2026-09-20T16:31:34.073018-03:00"
"2026-10-02 03:00:00","13.8","13.3","94","0.7","0.7","53","100","9.2","forecast","-23.558","-46.635","2026-09-20T16:31:34.073018-03:00"
"2026-10-02 04:00:00","13.7","13.3","95","1.8","1.8","61","100","9.3","forecast","-23.558","-46.635","2026-09-20T16:31:34.073018-03:00"
"2026-10-02 05:00:00","13.7","13.2","95","1.8","1.8","61","100","9.3","forecast","-23.558","-46.635","2026-09-20T16:31:34.073018-03:00"
"2026-10-02 06:00:00","13.7","13.3","96","1.8","1.8","61","100","9.5","forecast","-23.558","-46.635","2026-09-20T16:31:34.073018-03:00"
"2026-10-02 07:00:00","13.7","13.2","96","1.8","1.8","61","100","9.8","forecast","-23.558","-46.635","2026-09-20T16:31:34.073018-03:00"
"2026-10-02 08:00:00","13.8","13.2","96","1.8","1.8","61","100","10.3","forecast","-23.558","-46.635","2026-09-20T16:31:34.073018-03:00"
"2026-10-02 09:00:00","13.8","13.2","96","1.8","1.8","61","100","10.9","forecast","-23.558","-46.635","2026-09-20T16:31:34.073018-03:00"
"2026-10-02 10:00:00","13.9","13.1","95","0.6","0.5","53","100","11.6","forecast","-23.558","-46.635","2026-09-20T16:31:34.073018-03:00"
"2026-10-02 11:00:00","14.0","13.0","93","0.6","0.5","53","100","12.7","forecast","-23.558","-46.635","2026-09-20T16:31:34.073018-03:00"
"2026-10-02 12:00:00","14.1","12.9","91","0.6","0.5","53","100","13.7","forecast","-23.558","-46.635","2026-09-20T16:31:34.073018-03:00"
"2026-10-02 13:00:00","14.1","12.7","89","0.6","0.5","53","100","14.7","forecast","-23.558","-46.635","2026-09-20T16:31:34.073018-03:00"
"2026-10-02 14:00:00","14.2","12.6","88","0.6","0.5","53","100","15.5","forecast","-23.558","-46.635","2026-09-20T16:31:34.073018-03:00"
"2026-10-02 15:00:00","14.1","12.4","87","0.6","0.5","53","100","15.8","forecast","-23.558","-46.635","2026-09-20T16:31:34.073018-03:00"
"2026-10-02 16:00:00","14.0","12.2","87","0.2","0.2","51","100","15.7","forecast","-23.558","-46.635","2026-09-20T16:31:34.073018-03:00"
"2026-10-02 17:00:00","13.8","12.1","88","0.2","0.2","51","100","15.3","forecast","-23.558","-46.635","2026-09-20T16:31:34.073018-03:00"
"2026-10-02 18:00:00","13.5","11.9","89","0.2","0.2","51","100","14.7","forecast","-23.558","-46.635","2026-09-20T16:31:34.073018-03:00"
"2026-10-02 19:00:00","13.2","11.7","90","0.2","0.2","51","100","13.9","forecast","-23.558","-46.635","2026-09-20T16:31:34.073018-03:00"
"2026-10-02 20:00:00","13.0","11.5","92","0.2","0.2","51","100","13.2","forecast","-23.558","-46.635","2026-09-20T16:31:34.073018-03:00"
"2026-10-02 21:00:00","12.8","11.4","92","0.2","0.2","51","100","12.8","forecast","-23.558","-46.635","2026-09-20T16:31:34.073018-03:00"
"2026-10-02 22:00:00","12.7","11.4","92","0.0","0.0","3","100","12.2","forecast","-23.558","-46.635","2026-09-20T16:31:34.073018-03:00"
"2026-10-02 23:00:00","12.6","11.3","93","0.0","0.0","3","100","11.9","forecast","-23.558","-46.635","2026-09-20T16:31:34.073018-03:00"
"2026-10-03 00:00:00","12.6","11.3","93","0.0","0.0","3","100","11.5","forecast","-23.558","-46.635","2026-09-20T16:31:34.073018-03:00"
"2026-10-03 01:00:00","12.6","11.4","93","0.0","0.0","3","100","11.1","forecast","-23.558","-46.635","2026-09-20T16:31:34.073018-03:00"
"2026-10-03 02:00:00","12.6","11.5","94","0.0","0.0","3","100","10.8","forecast","-23.558","-46.635","2026-09-20T16:31:34.073018-03:00"
"2026-10-03 03:00:00","12.7","11.5","93","0.0","0.0","3","100","10.8","forecast","-23.558","-46.635","2026-09-20T16:31:34.073018-03:00"
"2026-10-03 04:00:00","12.8","11.7","92","0.0","0.0","3","100","11.1","forecast","-23.558","-46.635","2026-09-20T16:31:34.073018-03:00"
"2026-10-03 05:00:00","13.1","11.8","91","0.0","0.0","3","100","11.7","forecast","-23.558","-46.635","2026-09-20T16:31:34.073018-03:00"
"2026-10-03 06:00:00","13.4","12.0","89","0.0","0.0","3","100","12.5","forecast","-23.558","-46.635","2026-09-20T16:31:34.073018-03:00"
"2026-10-03 07:00:00","13.7","12.2","88","0.0","0.0","3","100","13.2","forecast","-23.558","-46.635","2026-09-20T16:31:34.073018-03:00"
"2026-10-03 08:00:00","14.0","12.4","86","0.0","0.0","3","100","14.0","forecast","-23.558","-46.635","2026-09-20T16:31:34.073018-03:00"
"2026-10-03 09:00:00","14.2","12.6","85","0.0","0.0","3","100","14.5","forecast","-23.558","-46.635","2026-09-20T16:31:34.073018-03:00"
"2026-10-03 10:00:00","14.4","12.8","84","0.4","0.2","51","100","14.9","forecast","-23.558","-46.635","2026-09-20T16:31:34.073018-03:00"
"2026-10-03 11:00:00","14.7","13.0","83","0.4","0.2","51","100","15.4","forecast","-23.558","-46.635","2026-09-20T16:31:34.073018-03:00"
"2026-10-03 12:00:00","14.9","13.2","83","0.4","0.2","51","100","15.7","forecast","-23.558","-46.635","2026-09-20T16:31:34.073018-03:00"
"2026-10-03 13:00:00","15.1","13.3","82","0.4","0.2","51","100","16.0","forecast","-23.558","-46.635","2026-09-20T16:31:34.073018-03:00"
"2026-10-03 14:00:00","15.1","13.4","81","0.4","0.2","51","100","15.8","forecast","-23.558","-46.635","2026-09-20T16:31:34.073018-03:00"
"2026-10-03 15:00:00","15.1","13.4","82","0.4","0.2","51","100","15.6","forecast","-23.558","-46.635","2026-09-20T16:31:34.073018-03:00"
"2026-10-03 16:00:00","14.8","13.2","83","0.2","0.2","51","100","14.8","forecast","-23.558","-46.635","2026-09-20T16:31:34.073018-03:00"
"2026-10-03 17:00:00","14.5","13.0","84","0.2","0.2","51","100","13.6","forecast","-23.558","-46.635","2026-09-20T16:31:34.073018-03:00"
"2026-10-03 18:00:00","14.0","12.7","87","0.2","0.2","51","100","12.4","forecast","-23.558","-46.635","2026-09-20T16:31:34.073018-03:00"
"2026-10-03 19:00:00","13.5","12.4","89","0.2","0.2","51","100","10.8","forecast","-23.558","-46.635","2026-09-20T16:31:34.073018-03:00"
"2026-10-03 20:00:00","13.0","12.1","91","0.2","0.2","51","100","9.6","forecast","-23.558","-46.635","2026-09-20T16:31:34.073018-03:00"
"2026-10-03 21:00:00","12.7","11.9","92","0.2","0.2","51","100","8.7","forecast","-23.558","-46.635","2026-09-20T16:31:34.073018-03:00"
"2026-10-03 22:00:00","12.5","11.7","93","0.1","0.1","51","100","8.1","forecast","-23.558","-46.635","2026-09-20T16:31:34.073018-03:00"
"2026-10-03 23:00:00","12.3","11.6","94","0.1","0.1","51","100","7.6","forecast","-23.558","-46.635","2026-09-20T16:31:34.073018-03:00"
"2026-10-04 00:00:00","12.2","11.5","94","0.1","0.1","51","100","7.3","forecast","-23.558","-46.635","2026-09-20T16:31:34.073018-03:00"
"2026-10-04 01:00:00","12.1","11.4","94","0.1","0.1","51","100","7.1","forecast","-23.558","-46.635","2026-09-20T16:31:34.073018-03:00"
"2026-10-04 02:00:00","12.1","11.4","94","0.1","0.1","51","100","7.1","forecast","-23.558","-46.635","2026-09-20T16:31:34.073018-03:00"
"2026-10-04 03:00:00","12.3","11.6","93","0.1","0.1","51","100","7.2","forecast","-23.558","-46.635","2026-09-20T16:31:34.073018-03:00"
"2026-10-04 04:00:00","12.6","11.9","92","0.0","0.0","3","100","7.5","forecast","-23.558","-46.635","2026-09-20T16:31:34.073018-03:00"
"2026-10-04 05:00:00","13.1","12.4","90","0.0","0.0","3","100","8.0","forecast","-23.558","-46.635","2026-09-20T16:31:34.073018-03:00"
"2026-10-04 06:00:00","13.7","13.0","89","0.0","0.0","3","100","8.5","forecast","-23.558","-46.635","2026-09-20T16:31:34.073018-03:00"
"2026-10-04 07:00:00","14.3","13.5","87","0.0","0.0","3","100","9.2","forecast","-23.558","-46.635","2026-09-20T16:31:34.073018-03:00"
"2026-10-04 08:00:00","14.9","14.2","85","0.0","0.0","3","100","9.6","forecast","-23.558","-46.635","2026-09-20T16:31:34.073018-03:00"
"2026-10-04 09:00:00","15.4","14.7","84","0.0","0.0","3","100","10.1","forecast","-23.558","-46.635","2026-09-20T16:31:34.073018-03:00"
"2026-10-04 10:00:00","15.8","15.2","83","0.1","0.0","51","100","10.5","forecast","-23.558","-46.635","2026-09-20T16:31:34.073018-03:00"
"2026-10-04 11:00:00","16.3","15.7","81","0.1","0.0","51","100","11.1","forecast","-23.558","-46.635","2026-09-20T16:31:34.073018-03:00"
"2026-10-04 12:00:00","16.8","16.1","80","0.1","0.0","51","100","11.7","forecast","-23.558","-46.635","2026-09-20T16:31:34.073018-03:00"
"2026-10-04 13:00:00","17.1","16.4","79","0.1","0.0","51","100","12.4","forecast","-23.558","-46.635","2026-09-20T16:31:34.073018-03:00"
"2026-10-04 14:00:00","17.4","16.7","79","0.1","0.0","51","100","12.9","forecast","-23.558","-46.635","2026-09-20T16:31:34.073018-03:00"
"2026-10-04 15:00:00","17.5","16.8","79","0.1","0.0","51","100","13.1","forecast","-23.558","-46.635","2026-09-20T16:31:34.073018-03:00"
"2026-10-04 16:00:00","17.3","16.7","81","0.1","0.0","51","100","12.9","forecast","-23.558","-46.635","2026-09-20T16:31:34.073018-03:00"
"2026-10-04 17:00:00","17.0","16.4","83","0.1","0.0","51","100","12.4","forecast","-23.558","-46.635","2026-09-20T16:31:34.073018-03:00"
"2026-10-04 18:00:00","16.5","16.1","85","0.1","0.0","51","100","11.7","forecast","-23.558","-46.635","2026-09-20T16:31:34.073018-03:00"
"2026-10-04 19:00:00","16.0","15.7","88","0.1","0.0","51","100","10.9","forecast","-23.558","-46.635","2026-09-20T16:31:34.073018-03:00"
"2026-10-04 20:00:00","15.5","15.4","91","0.1","0.0","51","100","10.2","forecast","-23.558","-46.635","2026-09-20T16:31:34.073018-03:00"
"2026-10-04 21:00:00","15.2","15.2","93","0.1","0.0","51","100","9.5","forecast","-23.558","-46.635","2026-09-20T16:31:34.073018-03:00"
"2026-10-04 22:00:00","15.0","15.1","95","0.0","0.0","3","100","8.9","forecast","-23.558","-46.635","2026-09-20T16:31:34.073018-03:00"
"2026-10-04 23:00:00","14.8","15.0","96","0.0","0.0","3","100","8.1","forecast","-23.558","-46.635","2026-09-20T16:31:34.073018-03:00"
"2026-10-05 00:00:00","14.7","15.0","97","0.0","0.0","3","100","7.3","forecast","-23.558","-46.635","2026-09-20T16:31:34.073018-03:00"
"2026-10-05 01:00:00","14.7","15.1","97","0.0","0.0","3","100","6.7","forecast","-23.558","-46.635","2026-09-20T16:31:34.073018-03:00"
"2026-10-05 02:00:00","14.7","15.2","97","0.0","0.0","3","100","6.1","forecast","-23.558","-46.635","2026-09-20T16:31:34.073018-03:00"
"2026-10-05 03:00:00","14.9","15.4","96","0.0","0.0","3","100","6.0","forecast","-23.558","-46.635","2026-09-20T16:31:34.073018-03:00"
"2026-10-05 04:00:00","15.2","15.7","94","0.1","0.0","51","100","6.2","forecast","-23.558","-46.635","2026-09-20T16:31:34.073018-03:00"
"2026-10-05 05:00:00","15.7","16.1","91","0.1","0.0","51","100","6.8","forecast","-23.558","-46.635","2026-09-20T16:31:34.073018-03:00"
"2026-10-05 06:00:00","16.4","16.6","87","0.1","0.0","51","100","7.7","forecast","-23.558","-46.635","2026-09-20T16:31:34.073018-03:00"
"2026-10-05 07:00:00","17.7","18.1","84","0.15","0.05","51","100","8.5","forecast","-23.558","-46.635","2026-09-20T16:31:34.073018-03:00"
"2026-10-05 08:00:00","18.8","19.4","84","0.2","0.1","51","100","10.7","forecast","-23.558","-46.635","2026-09-20T16:31:34.073018-03:00"
"2026-10-05 09:00:00","19.6","20.4","86","0.25","0.15","51","100","12.7","forecast","-23.558","-46.635","2026-09-20T16:31:34.073018-03:00"
"2026-10-05 10:00:00","19.7","21.2","92","4.7","4.5","81","100","11.5","forecast","-23.558","-46.635","2026-09-20T16:31:34.073018-03:00"
"2026-10-05 11:00:00","19.1","21.2","96","4.7","4.5","81","100","7.7","forecast","-23.558","-46.635","2026-09-20T16:31:34.073018-03:00"
"2026-10-05 12:00:00","18.9","21.4","97","4.7","4.5","81","100","4.3","forecast","-23.558","-46.635","2026-09-20T16:31:34.073018-03:00"
"2026-10-05 13:00:00","19.5","22.0","93","0.2","0.1","51","100","4.2","forecast","-23.558","-46.635","2026-09-20T16:31:34.073018-03:00"
"2026-10-05 14:00:00","20.6","22.9","86","0.2","0.1","51","100","5.4","forecast","-23.558","-46.635","2026-09-20T16:31:34.073018-03:00"
"2026-10-05 15:00:00","21.3","23.5","82","0.2","0.1","51","100","5.2","forecast","-23.558","-46.635","2026-09-20T16:31:34.073018-03:00"
"2026-10-05 16:00:00","21.0","23.5","84","0.0","0.0","3","96","3.9","forecast","-23.558","-46.635","2026-09-20T16:31:34.073018-03:00"
"2026-10-05 17:00:00","20.3","22.4","89","0.0","0.0","3","92","7.3","forecast","-23.558","-46.635","2026-09-20T16:31:34.073018-03:00"
"2026-10-05 18:00:00","19.7","21.1","92","0.0","0.0","3","89","11.2","forecast","-23.558","-46.635","2026-09-20T16:31:34.073018-03:00"
"2026-10-05 19:00:00","19.1","20.2","92","0.0","0.0","3","91","12.2","forecast","-23.558","-46.635","2026-09-20T16:31:34.073018-03:00"
"2026-10-05 20:00:00","18.6","19.4","91","0.0","0.0","3","96","11.5","forecast","-23.558","-46.635","2026-09-20T16:31:34.073018-03:00"
"2026-10-05 21:00:00","18.2","19.0","91","0.0","0.0","3","99","10.7","forecast","-23.558","-46.635","2026-09-20T16:31:34.073018-03:00"
"2026-10-05 22:00:00","18.0","19.0","93","0.1","0.1","51","100","10.0","forecast","-23.558","-46.635","2026-09-20T16:31:34.073018-03:00"
"2026-10-05 23:00:00","18.0","19.2","95","0.1","0.1","51","100","8.9","forecast","-23.558","-46.635","2026-09-20T16:31:34.073018-03:00"
